open_time,open,high,low,close,volume,close_time
1755617700000,2.9594,3.1,2.9563,2.9612,181023.7,1755617999999
1755618000000,2.9554,3.1,2.947,2.9537,141855.5,1755618299999
1755618300000,2.9537,3.1,2.9329,2.9337,222971.3,1755618599999
1755618600000,2.9336,3.1,2.83,2.9354,206700.5,1755618899999
1755618900000,2.9354,3.1,2.83,3.1,428464.8,1755619199999
1755619200000,2.9268,3.1,2.9188,2.9273,199424.5,1755619499999
1755619500000,2.9278,3.1,2.9225,3.1,368048.4,1755619799999
1755619800000,3.0999,3.1,2.9237,2.9237,316481.1,1755620099999
1755620100000,3.0999,3.1,2.9195,3.1,146211.4,1755620399999
1755620400000,2.9269,2.9397,2.9262,2.9397,60979.3,1755620699999
1755620700000,2.9331,3.1,2.9208,2.9208,187703.7,1755620999999
1755621000000,2.921,3.11,2.9201,2.9232,141263.3,1755621299999
1755621300000,2.9225,3.11,2.8863,3.0755,262972.7,1755621599999
1755621600000,3.0754,3.0755,2.9117,2.9225,120449.5,1755621899999
1755621900000,2.9225,3.11,2.9162,3.11,259364.7,1755622199999
1755622200000,3.1079,3.11,2.9101,2.9211,244014.2,1755622499999
1755622500000,2.9211,3.11,2.83,3.11,269802.9,1755622799999
1755622800000,2.9957,3.11,2.83,3.11,277626.7,1755623099999
1755623100000,3.11,3.11,2.83,2.9045,86479.6,1755623399999
1755623400000,2.9045,3.11,2.83,2.9174,114614.5,1755623699999
1755623700000,2.9134,3.11,2.8301,3.0812,384618.8,1755623999999
1755624000000,3.0813,3.11,2.9221,2.9274,153772.1,1755624299999
1755624300000,2.9275,3.11,2.9138,2.9301,242512.4,1755624599999
1755624600000,2.9258,3.11,2.924,2.9344,165359.2,1755624899999
1755624900000,2.9343,3.11,2.9204,3.11,250551.3,1755625199999
1755625200000,3.0843,3.11,2.9205,3.11,168442.3,1755625499999
1755625500000,3.1099,3.11,2.9167,2.9233,116721.6,1755625799999
1755625800000,2.9233,3.1448,2.9178,2.9219,502593.8,1755626099999
1755626100000,2.9219,2.929,2.9212,2.929,51919.8,1755626399999
1755626400000,2.929,3.15,2.9221,2.9265,640787.8,1755626699999
1755626700000,2.9265,3.1385,2.9254,2.9364,604488.5,1755626999999
1755627000000,2.9311,3.0469,2.926,2.9302,84377.2,1755627299999
1755627300000,2.9277,3.1426,2.9217,3.1328,537764.0,1755627599999
1755627600000,3.1422,3.143,2.9201,2.9263,653859.3,1755627899999
1755627900000,2.9246,3.2125,2.83,3.1266,2307979.5,1755628199999
1755628200000,3.1266,3.1669,2.9176,3.1183,1920940.3,1755628499999
1755628500000,2.9228,3.1677,2.9169,2.9188,1382756.6,1755628799999
1755628800000,2.9188,3.1443,2.9053,2.9083,905019.7,1755629099999
1755629100000,2.9083,3.1906,2.8998,2.8998,1879531.9,1755629399999
1755629400000,2.8998,3.1801,2.8936,2.9112,1673205.1,1755629699999
1755629700000,2.9075,3.1388,2.9003,2.9053,371458.0,1755629999999
1755630000000,2.9052,3.1711,2.8355,2.8987,3175382.8,1755630299999
1755630300000,2.8954,3.1747,2.8355,3.1353,2193829.7,1755630599999
1755630600000,3.1353,3.1679,2.8355,2.8867,2484677.7,1755630899999
1755630900000,2.8867,3.1776,2.8356,3.1231,2769320.2,1755631199999
1755631200000,3.1454,3.1819,2.8929,2.9105,2457037.6,1755631499999
1755631500000,2.9089,3.1725,2.9089,3.1121,1599718.0,1755631799999
1755631800000,2.9127,3.1944,2.9037,2.9093,1548156.5,1755632099999
1755632100000,2.9093,3.1358,2.9083,2.9152,127217.7,1755632399999
1755632400000,2.9135,3.1328,2.9099,2.9124,423066.3,1755632699999
1755632700000,2.9124,3.1357,2.8969,2.9025,205750.7,1755632999999
1755633000000,2.9025,3.1605,2.8892,2.8892,1734212.4,1755633299999
1755633300000,2.8891,3.1648,2.8355,3.1369,800073.1,1755633599999
1755633600000,3.1395,3.1675,2.8356,3.1299,2958379.7,1755633899999
1755633900000,3.1299,3.1387,2.8355,2.8759,157224.9,1755634199999
1755634200000,2.8736,3.1355,2.8355,2.8794,403083.9,1755634499999
1755634500000,2.8793,3.1683,2.8355,2.8812,1716064.8,1755634799999
1755634800000,2.8816,3.1673,2.8356,2.8855,2226528.0,1755635099999
1755635100000,2.8856,3.1229,2.8355,2.8878,590609.0,1755635399999
1755635400000,2.8888,2.9287,2.8355,2.8968,79724.5,1755635699999
1755635700000,2.8968,3.1322,2.8355,3.1322,276650.0,1755635999999
1755636000000,3.1289,3.1842,2.8971,2.9009,2068379.3,1755636299999
1755636300000,2.9006,3.1691,2.8355,2.9095,597746.1,1755636599999
1755636600000,2.9094,3.1883,2.8657,3.1373,1401352.5,1755636899999
1755636900000,3.1373,3.1747,2.899,3.1348,2446533.4,1755637199999
1755637200000,3.1392,3.17,2.9,3.1269,2078964.1,1755637499999
1755637500000,3.1269,3.175,2.9008,3.1261,1811341.9,1755637799999
1755637800000,3.1427,3.1763,2.8657,3.1227,3889521.4,1755638099999
1755638100000,3.1419,3.1682,2.8889,3.1348,4908109.4,1755638399999
1755638400000,3.1348,3.1357,2.8781,3.1183,1477294.8,1755638699999
1755638700000,3.1316,3.1586,3.1134,3.1134,1806202.6,1755638999999
1755639000000,3.1288,3.168,2.8355,3.1244,3032715.0,1755639299999
1755639300000,3.1351,3.1764,2.8881,3.1358,2149780.2,1755639599999
1755639600000,3.1374,3.1588,3.0463,3.128,1618038.4,1755639899999
1755639900000,3.128,3.1841,2.8917,3.1336,3680947.8,1755640199999
1755640200000,3.133,3.1841,2.9193,3.1383,3580484.6,1755640499999
1755640500000,3.1395,3.1673,3.1266,3.1352,2763380.7,1755640799999
1755640800000,3.1381,3.1697,3.1189,3.1262,2758549.1,1755641099999
1755641100000,3.1353,3.168,3.078,3.1303,2549057.6,1755641399999
1755641400000,3.1349,3.1761,3.0512,3.136,3931895.1,1755641699999
1755641700000,3.1273,3.1708,3.0873,3.1321,3459570.3,1755641999999
1755642000000,3.1321,3.1798,3.079,3.1291,2450757.2,1755642299999
1755642300000,3.1291,3.1812,3.0624,3.1329,2680939.4,1755642599999
1755642600000,3.1362,3.1722,2.8355,3.1282,3067074.8,1755642899999
1755642900000,3.1283,3.1341,2.8937,3.1234,798338.0,1755643199999
1755643200000,3.1234,3.1822,3.0775,3.1227,3077127.3,1755643499999
1755643500000,3.1346,3.1587,2.8937,3.13,2689358.1,1755643799999
1755643800000,3.137,3.1802,2.892,3.1276,3771753.9,1755644099999
1755644100000,3.1276,3.1704,2.8923,3.1296,3149885.5,1755644399999
1755644400000,3.1296,3.1743,2.8877,3.1293,2722559.9,1755644699999
1755644700000,3.129,3.1693,2.8355,3.1305,2456936.5,1755644999999
1755645000000,3.1303,3.1624,3.0937,3.1314,4308414.1,1755645299999
1755645300000,3.1291,3.1628,2.8773,3.1281,2318185.7,1755645599999
1755645600000,3.1296,3.1494,2.8648,3.1216,2854936.9,1755645899999
1755645900000,3.1216,3.1533,2.8355,3.1129,2034176.9,1755646199999
1755646200000,3.1257,3.1529,2.8627,3.1133,2568230.8,1755646499999
1755646500000,3.125,3.1519,3.0375,3.1307,2857220.8,1755646799999
1755646800000,3.1305,3.1548,3.0715,3.1315,3067505.8,1755647099999
1755647100000,3.1292,3.1489,2.88,3.1326,4959701.8,1755647399999
1755647400000,3.1309,3.1502,2.88,3.1306,2970669.0,1755647699999
1755647700000,3.1304,3.1438,2.88,3.1292,2893225.2,1755647999999
1755648000000,3.1295,3.1503,3.0993,3.1478,2101495.7,1755648299999
1755648300000,3.128,3.1511,3.1094,3.1385,2784423.9,1755648599999
1755648600000,3.1296,3.1611,2.88,3.1098,4883885.4,1755648899999
1755648900000,3.1267,3.1504,2.88,3.1247,3666792.0,1755649199999
1755649200000,3.1264,3.159,2.8808,3.1211,4459719.7,1755649499999
1755649500000,3.1217,3.1549,2.8355,3.1062,4290990.5,1755649799999
1755649800000,3.1189,3.1525,2.83,2.88,4298255.2,1755650099999
1755650100000,2.8801,3.1631,2.8,3.1283,2248322.0,1755650399999
1755650400000,3.1284,3.1542,3.1064,3.1145,3180241.0,1755650699999
1755650700000,3.1185,3.1545,2.88,2.945,3212098.1,1755650999999
1755651000000,3.1178,3.1633,2.88,3.1314,3699537.6,1755651299999
1755651300000,3.1329,3.1651,2.88,3.1163,4605916.7,1755651599999
1755651600000,3.1163,3.1568,2.85,3.1277,9324774.2,1755651899999
1755651900000,3.1277,3.1777,2.885,3.138,17596554.6,1755652199999
1755652200000,3.1273,3.159,2.88,3.1437,11860419.0,1755652499999
1755652500000,3.1301,3.1619,2.9116,3.1276,3473266.3,1755652799999
1755652800000,3.1277,3.156,2.9116,2.9116,3483316.0,1755653099999
1755653100000,3.1233,3.1526,2.9116,3.1226,3341695.2,1755653399999
1755653400000,3.1232,3.1503,2.9116,3.1108,4178911.4,1755653699999
1755653700000,3.1211,3.1478,2.6805,3.1188,4270761.5,1755653999999
1755654000000,3.1188,3.1406,2.6805,3.107,5650472.1,1755654299999
1755654300000,3.1208,3.1504,2.88,3.1202,2935300.3,1755654599999
1755654600000,3.1205,3.1671,2.88,3.1176,5169467.0,1755654899999
1755654900000,3.1166,3.1475,3.0911,3.116,3137576.5,1755655199999
1755655200000,3.125,3.1536,2.88,3.1043,3905472.5,1755655499999
1755655500000,3.1177,3.1745,3.0938,3.1293,3513584.4,1755655799999
1755655800000,3.1193,3.1639,3.0964,3.118,4289321.5,1755656099999
1755656100000,3.118,3.1457,2.8888,3.109,4854341.8,1755656399999
1755656400000,3.1168,3.1664,2.8914,3.1163,3687905.5,1755656699999
1755656700000,3.1177,3.1614,3.0931,3.1124,4465050.9,1755656999999
1755657000000,3.114,3.1766,3.0511,3.1009,5183902.2,1755657299999
1755657300000,3.1009,3.1736,2.88,3.0964,4860194.7,1755657599999
1755657600000,3.0964,3.1738,2.9,3.1024,4231767.1,1755657899999
1755657900000,3.1132,3.1602,2.8894,3.1107,4305573.3,1755658199999
1755658200000,3.1124,3.144,2.8863,3.0999,3762863.1,1755658499999
1755658500000,3.1122,3.1453,3.0466,3.1024,3985290.7,1755658799999
1755658800000,3.1074,3.1769,2.88,3.0992,2410433.0,1755659099999
1755659100000,3.1045,3.1726,2.887,3.101,2519094.1,1755659399999
1755659400000,3.101,3.1303,2.8849,3.0921,1761558.4,1755659699999
1755659700000,3.1046,3.1297,2.88,2.8813,963997.5,1755659999999
1755660000000,2.8813,3.1286,2.88,3.097,1298781.2,1755660299999
1755660300000,3.1021,3.1738,2.9233,3.1025,2362760.2,1755660599999
1755660600000,3.1025,3.1368,2.8971,3.0952,1446034.7,1755660899999
1755660900000,3.1041,3.1365,3.0559,3.0882,1324888.2,1755661199999
1755661200000,3.0882,3.1289,2.8824,2.8829,680963.7,1755661499999
1755661500000,2.8829,3.1262,2.88,3.109,1152189.4,1755661799999
1755661800000,3.109,3.1684,2.8858,3.1353,2292171.1,1755662099999
1755662100000,3.1115,3.1395,2.887,3.1086,3395223.4,1755662399999
1755662400000,3.1098,3.1781,2.88,3.1149,1994003.5,1755662699999
1755662700000,3.1149,3.1644,3.0534,3.0996,3320380.5,1755662999999
1755663000000,3.1073,3.1322,2.88,3.1118,1769153.2,1755663299999
1755663300000,3.1123,3.178,3.0844,3.0975,3254832.4,1755663599999
1755663600000,3.1025,3.1777,2.8918,3.0995,2538939.7,1755663899999
1755663900000,3.1068,3.1438,3.0533,3.087,2957769.6,1755664199999
1755664200000,3.1012,3.1615,2.6805,3.1009,4042819.0,1755664499999
1755664500000,3.1145,3.1722,2.8893,3.0986,1896927.6,1755664799999
1755664800000,3.0986,3.1713,3.0136,3.0754,2447165.4,1755665099999
1755665100000,3.1048,3.1768,2.8903,3.1029,2127390.2,1755665399999
1755665400000,3.1036,3.1629,2.6805,3.0579,1934625.9,1755665699999
1755665700000,3.1006,3.1336,2.8978,3.1012,2084088.0,1755665999999
1755666000000,3.0996,3.1834,2.8948,2.8974,2389848.8,1755666299999
1755666300000,3.09,3.1221,2.8939,3.0983,1747152.8,1755666599999
1755666600000,3.0983,3.1755,2.8,3.0812,1621117.1,1755666899999
1755666900000,3.0812,3.1758,2.8879,3.1117,1733930.1,1755667199999
1755667200000,3.1119,3.1398,3.0481,3.1085,2153599.6,1755667499999
1755667500000,3.1085,3.1373,2.8911,3.1025,1781761.6,1755667799999
1755667800000,3.1076,3.1659,2.891,3.0982,1436085.5,1755668099999
1755668100000,3.1063,3.1496,2.8897,3.1106,1412130.3,1755668399999
1755668400000,3.1113,3.1796,2.8939,3.0976,2491522.9,1755668699999
1755668700000,3.0976,3.1736,2.8945,3.1166,1192370.2,1755668999999
1755669000000,3.1165,3.1544,2.8958,3.1147,2200738.7,1755669299999
1755669300000,3.1144,3.1693,2.8981,3.0908,2634981.1,1755669599999
1755669600000,3.1125,3.1422,2.8893,3.1101,2394653.0,1755669899999
1755669900000,3.1103,3.1724,2.8875,3.093,2196017.9,1755670199999
1755670200000,3.0952,3.1715,2.8874,3.1151,4081673.9,1755670499999
1755670500000,3.1158,3.1535,2.8665,3.1134,2171192.7,1755670799999
1755670800000,3.1134,3.1621,2.8847,3.104,3425950.9,1755671099999
1755671100000,3.114,3.1385,2.8802,3.1159,1970760.7,1755671399999
1755671400000,3.1158,3.15,2.8846,3.1129,3057004.4,1755671699999
1755671700000,3.1129,3.1612,2.8848,3.1022,2677119.0,1755671999999
1755672000000,3.1059,3.1655,3.0836,3.1128,3833512.0,1755672299999
1755672300000,3.1118,3.1659,2.886,3.0949,4025527.3,1755672599999
1755672600000,3.0983,3.1691,2.883,3.1088,5028349.2,1755672899999
1755672900000,3.1095,3.1601,2.8844,3.0866,4193187.5,1755673199999
1755673200000,3.1102,3.1388,2.8879,3.0918,2247000.4,1755673499999
1755673500000,3.1086,3.171,2.8827,3.0534,1333059.1,1755673799999
1755673800000,3.1075,3.1479,3.0534,3.1042,2260138.4,1755674099999
1755674100000,3.1042,3.1756,2.8938,3.1051,3006211.2,1755674399999
1755674400000,3.1051,3.1147,2.8898,3.1002,721084.6,1755674699999
1755674700000,2.8896,3.1769,2.8881,3.1147,1490302.5,1755674999999
1755675000000,3.1147,3.1331,2.8852,3.0,592168.7,1755675299999
1755675300000,2.9999,3.0,2.8815,2.8832,11514.6,1755675599999
1755675600000,2.8832,3.0,2.8,2.8,257950.4,1755675899999
1755675900000,2.8001,3.1495,2.6805,3.1052,3556325.5,1755676199999
1755676200000,3.1169,3.1464,2.8689,3.0989,2846078.8,1755676499999
1755676500000,3.116,3.152,2.8089,3.1207,4375207.1,1755676799999
1755676800000,3.1207,3.1504,2.8636,3.1242,2471061.9,1755677099999
1755677100000,3.1237,3.1558,2.8663,3.1106,2637906.7,1755677399999
1755677400000,3.1192,3.1592,2.8718,3.1203,2374275.7,1755677699999
1755677700000,2.8778,3.1523,2.8775,3.1171,1444469.5,1755677999999
1755678000000,3.1171,3.1485,2.8813,3.0989,2557725.0,1755678299999
1755678300000,3.1161,3.1161,2.8813,3.1158,249426.2,1755678599999
1755678600000,3.1158,3.1912,2.8813,3.1162,3353185.9,1755678899999
1755678900000,3.1162,3.1527,2.8942,3.1155,4382320.9,1755679199999
1755679200000,3.1155,3.119,2.8813,3.1169,579826.2,1755679499999
1755679500000,3.1165,3.1384,2.8813,3.117,2459273.3,1755679799999
1755679800000,3.1171,3.1951,2.8813,2.9041,3365125.9,1755680099999
1755680100000,2.9042,3.1783,2.8813,2.9115,1827354.5,1755680399999
1755680400000,2.9115,3.1855,2.8813,3.115,2712600.3,1755680699999
1755680700000,3.115,3.193,2.8973,2.9045,2579435.3,1755680999999
1755681000000,2.9029,3.1409,2.9005,3.0902,1858940.3,1755681299999
1755681300000,3.0903,3.1355,2.6805,2.8984,1176822.8,1755681599999
1755681600000,2.8984,3.1753,2.8035,3.1141,1463346.5,1755681899999
1755681900000,3.114,3.1149,2.89,2.8955,365977.5,1755682199999
1755682200000,2.897,3.112,2.8874,2.8931,534104.7,1755682499999
1755682500000,2.8943,3.1791,2.6805,3.0968,3730230.8,1755682799999
1755682800000,3.0924,3.1618,2.8952,3.1102,2475280.2,1755683099999
1755683100000,3.0975,3.1245,2.8943,3.1012,1444005.3,1755683399999
1755683400000,3.1013,3.1039,2.8823,2.8931,614352.3,1755683699999
1755683700000,2.8931,3.1274,2.8825,2.8873,1424468.2,1755683999999
1755684000000,2.8882,3.1047,2.8399,3.102,647437.9,1755684299999
1755684300000,3.102,3.1247,2.8858,3.0941,2299363.3,1755684599999
1755684600000,3.0942,3.1371,2.8399,3.1073,1879001.9,1755684899999
1755684900000,2.8845,3.1283,2.6805,3.082,2983846.7,1755685199999
1755685200000,3.1039,3.1228,2.7945,3.104,1281606.8,1755685499999
1755685500000,3.1039,3.1359,2.796,2.796,2111562.1,1755685799999
1755685800000,2.89,3.1285,2.8869,2.9044,674900.9,1755686099999
1755686100000,3.1046,3.1797,3.07,3.0875,2351592.4,1755686399999
1755686400000,3.1045,3.1741,2.8,3.0913,2825174.2,1755686699999
1755686700000,3.1009,3.17,3.0426,3.0884,2483258.2,1755686999999
1755687000000,3.0987,3.1531,2.8,3.0965,2636165.8,1755687299999
1755687300000,3.0966,3.1204,2.8,2.9029,1488854.4,1755687599999
1755687600000,2.9029,3.1398,2.9012,3.0923,2454161.0,1755687899999
1755687900000,3.1037,3.1226,2.8954,2.8954,1455078.5,1755688199999
1755688200000,2.8954,3.1065,2.8894,3.106,116214.6,1755688499999
1755688500000,3.106,3.1065,2.8868,2.8886,66365.4,1755688799999
1755688800000,2.8886,3.1029,2.8,3.1029,220849.1,1755689099999
1755689100000,3.1026,3.1779,2.8866,3.0813,4419721.0,1755689399999
1755689400000,3.1049,3.1632,2.8714,2.873,1517150.3,1755689699999
1755689700000,2.8738,3.1389,2.868,3.0403,915235.3,1755689999999
1755690000000,3.1044,3.148,2.6805,3.1079,3040454.3,1755690299999
1755690300000,3.108,3.1395,2.8605,3.0969,2130371.3,1755690599999
1755690600000,3.1083,3.1479,2.8736,3.0899,4830330.1,1755690899999
1755690900000,3.1088,3.1714,2.8797,3.1039,2583957.9,1755691199999
1755691200000,3.1172,3.1946,2.9027,3.1135,2435128.6,1755691499999
1755691500000,3.1947,3.1947,2.897,3.099,2524808.2,1755691799999
1755691800000,3.0991,3.1527,2.8958,3.1004,2679041.3,1755692099999
1755692100000,3.1004,3.158,2.8,3.0984,2893636.2,1755692399999
1755692400000,3.0984,3.1817,2.8,2.8999,2503579.7,1755692699999
1755692700000,2.8861,3.1777,2.8861,3.1084,2781140.7,1755692999999
1755693000000,3.1107,3.1805,2.8828,3.1056,2436728.0,1755693299999
1755693300000,3.1068,3.1467,2.8933,3.0793,1839370.1,1755693599999
1755693600000,3.1097,3.1895,2.8944,3.1104,3087323.2,1755693899999
1755693900000,3.1104,3.1708,2.8964,3.1087,4372211.7,1755694199999
1755694200000,3.1049,3.1576,2.8914,2.8966,1648464.4,1755694499999
1755694500000,2.8932,3.1848,2.8932,3.1073,2454388.6,1755694799999
1755694800000,3.1106,3.1778,2.8825,3.1117,3183546.9,1755695099999
1755695100000,3.1117,3.1436,2.8792,3.1009,3184321.8,1755695399999
1755695400000,3.1142,3.1148,2.871,2.8712,117388.6,1755695699999
1755695700000,2.871,3.1616,2.8686,3.0936,1551982.1,1755695999999
1755696000000,3.1116,3.1325,2.8727,3.1019,1253064.8,1755696299999
1755696300000,3.1115,3.135,2.875,2.8782,1944623.0,1755696599999
1755696600000,2.8787,3.1378,2.8666,2.8681,1965325.0,1755696899999
1755696900000,2.8673,3.16,2.86,3.088,1996931.5,1755697199999
1755697200000,3.1103,3.1306,2.86,2.8622,1528796.8,1755697499999
1755697500000,2.8623,3.1334,2.7995,2.8516,1840002.3,1755697799999
1755697800000,2.8514,3.1306,2.6805,2.8426,319145.6,1755698099999
1755698100000,2.8424,3.1117,2.8386,2.8387,45850.3,1755698399999
1755698400000,2.8385,3.1113,2.838,3.1092,167920.4,1755698699999
1755698700000,3.1093,3.1125,2.6805,3.085,1049456.0,1755698999999
1755699000000,3.0851,3.1121,2.8007,3.1102,1039037.5,1755699299999
1755699300000,3.1095,3.1298,2.6805,3.114,1577192.7,1755699599999
1755699600000,3.1194,3.1326,3.0983,3.1074,1098206.6,1755699899999
1755699900000,3.1324,3.1421,2.8495,3.0981,2919899.4,1755700199999
1755700200000,3.1016,3.1706,2.8575,3.102,2300494.9,1755700499999
1755700500000,3.103,3.1647,2.8776,3.101,2396221.5,1755700799999
1755700800000,2.8835,3.1649,2.8806,2.8808,768855.7,1755701099999
1755701100000,2.8808,3.1499,2.8721,2.8937,1085495.3,1755701399999
1755701400000,2.8937,3.1292,2.872,3.0872,1798449.7,1755701699999
1755701700000,3.1031,3.1631,2.88,2.8873,1284778.9,1755701999999
1755702000000,2.8801,3.1296,2.88,2.8972,1789785.5,1755702299999
1755702300000,2.8972,3.1325,2.88,3.0889,2076927.4,1755702599999
1755702600000,3.1067,3.1067,2.88,3.1054,160881.9,1755702899999
1755702900000,3.1055,3.152,2.88,2.922,2003476.6,1755703199999
1755703200000,3.0971,3.1401,2.9191,2.9297,2885594.1,1755703499999
1755703500000,2.9296,3.1365,2.8838,2.9286,1043294.2,1755703799999
1755703800000,2.9281,3.127,2.8838,2.9256,2109735.2,1755704099999
1755704100000,2.925,3.1061,2.8838,2.9222,568145.2,1755704399999
1755704400000,2.9222,3.159,2.8838,3.0873,3779812.7,1755704699999
1755704700000,3.1052,3.1057,2.8838,3.1032,622939.2,1755704999999
1755705000000,3.1032,3.191,2.9022,2.9022,7145064.8,1755705299999
1755705300000,2.9021,3.192,2.88,3.0986,10489387.6,1755705599999
1755705600000,3.0986,3.1961,2.9022,2.9152,13007383.6,1755705899999
1755705900000,3.0982,3.1997,2.9024,2.9122,6418911.4,1755706199999
1755706200000,2.9123,3.195,2.9122,3.1019,6034929.0,1755706499999
1755706500000,3.2088,3.2088,2.9182,3.1031,8005257.3,1755706799999
1755706800000,3.1144,3.22,2.9272,2.93,13527410.3,1755707099999
1755707100000,3.1025,3.2154,2.93,3.1104,17063699.5,1755707399999
1755707400000,3.1029,3.21,2.9,2.93,31795462.7,1755707699999
1755707700000,3.1042,3.21,2.9165,2.93,24941003.5,1755707999999
1755708000000,3.1032,3.2055,2.915,2.93,28523040.8,1755708299999
1755708300000,3.1019,3.205,2.9171,2.93,34691119.0,1755708599999
1755708600000,3.1046,3.1285,2.9208,2.93,26663718.8,1755708899999
1755708900000,3.1008,3.1996,2.9101,2.93,22611733.3,1755709199999
1755709200000,3.1045,3.2086,2.93,2.93,17879680.9,1755709499999
1755709500000,3.0587,3.2186,2.93,3.1051,12195796.2,1755709799999
1755709800000,3.105,3.215,2.9288,3.1097,21305158.6,1755710099999
1755710100000,3.1095,3.215,2.9258,2.93,31497868.4,1755710399999
1755710400000,2.9301,3.215,2.93,2.9336,7119339.3,1755710699999
1755710700000,2.9336,2.9336,2.93,2.9336,122633.0,1755710999999
1755711000000,2.9336,2.9336,2.9,2.9336,55315.7,1755711299999
1755711300000,2.9335,2.9336,2.9,2.9336,66982.2,1755711599999
1755711600000,2.9336,2.9336,2.9003,2.9336,40514.9,1755711899999
1755711900000,2.9335,2.9336,2.9335,2.9336,80710.7,1755712199999
1755712200000,2.9336,2.9336,2.9,2.9336,85830.5,1755712499999
1755712500000,2.9335,2.9336,2.9,2.9336,35590.1,1755712799999
1755712800000,2.9336,3.1086,2.9,2.9263,1251570.3,1755713099999
1755713100000,2.9263,3.1368,2.9,3.0915,1286538.6,1755713399999
1755713400000,3.0916,3.138,2.9,2.9218,620488.4,1755713699999
1755713700000,2.9218,2.9225,2.9079,2.9108,14187.9,1755713999999
1755714000000,2.9108,3.1286,2.9101,2.9119,1290050.5,1755714299999
1755714300000,2.9125,3.1063,2.9068,2.9089,46092.2,1755714599999
1755714600000,2.9085,3.1031,2.9068,3.0998,325858.6,1755714899999
1755714900000,3.1002,3.1897,2.9068,2.9153,956291.0,1755715199999
1755715200000,2.9153,3.1321,2.9068,2.9209,836026.6,1755715499999
1755715500000,2.9207,3.1387,2.9194,2.9229,765675.9,1755715799999
1755715800000,2.9215,3.1236,2.9211,2.9213,1985730.5,1755716099999
1755716100000,2.9213,3.0991,2.9068,2.9172,31971.5,1755716399999
1755716400000,2.9172,3.0986,2.9069,2.9263,21433.1,1755716699999
1755716700000,2.9262,3.2215,2.9262,2.9332,2852265.3,1755716999999
1755717000000,2.9331,3.0999,2.9263,2.9385,230111.2,1755717299999
1755717300000,2.9391,3.1836,2.9391,2.9432,1164598.7,1755717599999
1755717600000,2.9432,3.1206,2.9069,3.0861,1198281.6,1755717899999
1755717900000,3.0862,3.1833,3.0297,3.1027,4339274.5,1755718199999
1755718200000,3.1031,3.1794,2.9511,3.0934,4127949.3,1755718499999
1755718500000,3.1008,3.2264,2.9069,3.0924,5227288.3,1755718799999
1755718800000,3.1015,3.2435,2.9069,3.1041,5854282.4,1755719099999
1755719100000,3.1041,3.2457,2.9574,3.0893,7098034.7,1755719399999
1755719400000,3.0893,3.2669,2.9724,3.0852,4835848.1,1755719699999
1755719700000,3.0852,3.2461,2.9745,3.0901,4965314.5,1755719999999
1755720000000,3.0901,3.2605,2.9741,3.0913,7408706.2,1755720299999
1755720300000,3.0913,3.259,2.9759,3.1002,3388142.3,1755720599999
1755720600000,3.1032,3.1314,2.974,3.1002,4269107.3,1755720899999
1755720900000,3.1002,3.1619,2.9704,3.0916,5662587.2,1755721199999
1755721200000,3.0916,3.1771,2.9662,2.9681,1811725.4,1755721499999
1755721500000,2.9679,3.223,2.9679,3.0894,2350350.9,1755721799999
1755721800000,3.0975,3.2663,2.9677,3.0781,3304859.7,1755722099999
1755722100000,3.0781,3.2514,2.9667,3.083,4268336.2,1755722399999
1755722400000,3.0953,3.12,2.9657,3.0965,3252170.5,1755722699999
1755722700000,3.0968,3.1252,2.9678,2.969,3214711.4,1755722999999
1755723000000,2.969,2.9693,2.9687,2.9687,19795.8,1755723299999
1755723300000,2.9688,2.9696,2.9675,2.9677,19723.3,1755723599999
1755723600000,2.9676,2.9677,2.9675,2.9677,26711.8,1755723899999
1755723900000,2.9677,2.969,2.9677,2.9689,8417.2,1755724199999
1755724200000,2.969,2.9693,2.9683,2.9686,52379.4,1755724499999
1755724500000,2.9684,2.9685,2.9677,2.968,24465.5,1755724799999
1755724800000,2.9682,2.9688,2.9679,2.9688,81622.6,1755725099999
1755725100000,2.9687,2.9694,2.9687,2.9694,8683.7,1755725399999
1755725400000,2.9694,2.971,2.9688,2.9709,33193.5,1755725699999
1755725700000,2.9709,2.9713,2.9709,2.9713,28253.6,1755725999999
1755726000000,2.9713,2.972,2.9712,2.9718,23257.3,1755726299999
1755726300000,2.9719,2.9722,2.9707,2.9707,28421.5,1755726599999
1755726600000,2.9708,2.9715,2.9698,2.9698,79669.5,1755726899999
1755726900000,2.9705,2.9713,2.9702,2.9712,6041.3,1755727199999
1755727200000,2.9712,2.9712,2.9691,2.9691,146464.7,1755727499999
1755727500000,2.9691,2.9694,2.9691,2.9694,4605.2,1755727799999
1755727800000,2.9693,2.9704,2.9693,2.9703,4516.1,1755728099999
1755728100000,2.9704,2.9708,2.9703,2.9706,27108.0,1755728399999
1755728400000,2.9706,2.9707,2.9704,2.9705,40809.2,1755728699999
1755728700000,2.9704,2.9704,2.9679,2.9682,92651.6,1755728999999
1755729000000,2.9682,2.9682,2.9677,2.9682,40608.0,1755729299999
1755729300000,2.9682,2.9683,2.9681,2.9682,5484.2,1755729599999
1755729600000,2.9683,2.9702,2.9682,2.97,5976.2,1755729899999
1755729900000,2.97,2.9704,2.9698,2.9704,7602.3,1755730199999
1755730200000,2.9704,2.9708,2.9704,2.9707,13651.5,1755730499999
1755730500000,2.9707,2.9708,2.9704,2.9704,1770.0,1755730799999
1755730800000,2.9706,2.9715,2.9704,2.9714,3800.8,1755731099999
1755731100000,2.9714,2.9715,2.9712,2.9714,11832.9,1755731399999
1755731400000,2.9714,2.9715,2.971,2.971,6263.1,1755731699999
1755731700000,2.971,2.9711,2.9704,2.9704,7122.3,1755731999999
1755732000000,2.9705,2.9705,2.9704,2.9704,12746.3,1755732299999
1755732300000,2.9705,2.9707,2.9704,2.9705,16630.5,1755732599999
1755732600000,2.9704,2.9705,2.9704,2.9704,4439.6,1755732899999
1755732900000,2.9705,2.9705,2.9704,2.9704,18023.1,1755733199999
1755733200000,2.9705,2.9713,2.9694,2.9711,90277.9,1755733499999
1755733500000,2.9711,2.9717,2.9711,2.9717,12037.0,1755733799999
1755733800000,2.9717,2.9721,2.9716,2.972,16009.2,1755734099999
1755734100000,2.9721,2.9738,2.972,2.9738,20249.6,1755734399999
1755734400000,2.9741,2.9749,2.9739,2.9748,20168.1,1755734699999
1755734700000,2.9749,3.2207,2.9671,2.9671,830154.4,1755734999999
1755735000000,2.9717,2.9837,2.9651,2.9719,83944.5,1755735299999
1755735300000,2.9718,3.1499,2.9547,2.955,1327631.8,1755735599999
1755735600000,2.9717,3.1501,2.9351,2.9351,1604481.8,1755735899999
1755735900000,2.935,3.1489,2.935,2.9577,3399648.6,1755736199999
1755736200000,2.9697,3.15,2.9267,2.9707,1708605.0,1755736499999
1755736500000,2.9707,2.9707,2.9695,2.97,113395.3,1755736799999
1755736800000,2.9699,2.9707,2.9699,2.9707,5553.5,1755737099999
1755737100000,2.9707,2.989,2.9372,2.9691,1880288.2,1755737399999
1755737400000,2.9691,2.9698,2.9571,2.9679,420147.7,1755737699999
1755737700000,2.9679,2.9684,2.9665,2.9665,50130.4,1755737999999
1755738000000,2.9665,2.9665,2.9651,2.9651,12274.5,1755738299999
1755738300000,2.9641,2.9642,2.9622,2.9622,128443.5,1755738599999
1755738600000,2.9623,2.9623,2.9591,2.9618,175202.3,1755738899999
1755738900000,2.9618,3.19,2.9172,2.9633,4174804.6,1755739199999
1755739200000,2.9172,2.963,2.9069,2.9612,919920.0,1755739499999
1755739500000,2.9612,2.9612,2.9605,2.9609,13578.2,1755739799999
1755739800000,2.9605,2.9609,2.959,2.959,8457.0,1755740099999
1755740100000,2.959,2.9591,2.9587,2.959,5970.1,1755740399999
1755740400000,2.9591,2.9601,2.9588,2.9601,65110.9,1755740699999
1755740700000,2.9601,2.9601,2.9594,2.9595,30996.4,1755740999999
1755741000000,2.9595,2.961,2.9595,2.961,3739.5,1755741299999
1755741300000,2.961,2.9621,2.9609,2.9618,46167.9,1755741599999
1755741600000,2.9618,2.9619,2.9617,2.9618,15423.4,1755741899999
1755741900000,2.9618,2.9619,2.9611,2.9613,36202.2,1755742199999
1755742200000,2.9614,2.9614,2.9068,2.9246,911618.6,1755742499999
1755742500000,2.9266,2.9314,2.9068,2.9069,44217.2,1755742799999
1755742800000,2.9313,2.9314,2.8,2.8,54607.6,1755743099999
1755743100000,2.9599,2.9599,2.924,2.9241,74273.1,1755743399999
1755743400000,2.924,2.9241,2.924,2.924,32111.1,1755743699999
1755743700000,2.9241,2.9241,2.924,2.9241,12739.0,1755743999999
1755744000000,2.924,2.9556,2.9166,2.9166,130276.7,1755744299999
1755744300000,2.9166,2.9556,2.9023,2.9168,176774.7,1755744599999
1755744600000,2.9167,2.9168,2.9035,2.9168,7657.3,1755744899999
1755744900000,2.9168,2.9168,2.9167,2.9168,17732.0,1755745199999
1755745200000,2.9168,2.9168,2.8954,2.9168,8921.3,1755745499999
1755745500000,2.9167,2.9562,2.908,2.9562,8257.4,1755745799999
1755745800000,2.9561,2.96,2.955,2.96,130197.9,1755746099999
1755746100000,2.9602,2.9602,2.6805,2.9548,453847.1,1755746399999
1755746400000,2.9549,2.9626,2.954,2.9553,145299.9,1755746699999
1755746700000,2.9552,2.9555,2.9552,2.9552,3209.3,1755746999999
1755747000000,2.9552,2.9554,2.9552,2.9552,12931.3,1755747299999
1755747300000,2.9552,2.9553,2.9552,2.9553,4423.9,1755747599999
1755747600000,2.9559,2.9572,2.9558,2.9558,3224.9,1755747899999
1755747900000,2.9558,2.9558,2.9552,2.9552,20987.1,1755748199999
1755748200000,2.9552,2.9557,2.9552,2.9552,15181.7,1755748499999
1755748500000,2.9556,2.9556,2.9552,2.9552,2100.7,1755748799999
1755748800000,2.9553,2.9572,2.9552,2.9567,17973.8,1755749099999
1755749100000,2.9571,2.9588,2.9571,2.9588,20235.2,1755749399999
1755749400000,2.9588,2.9605,2.9587,2.9605,9854.9,1755749699999
1755749700000,2.961,2.9631,2.961,2.963,1079.2,1755749999999
1755750000000,2.9631,2.9649,2.963,2.9649,128982.2,1755750299999
1755750300000,2.9649,2.9666,2.9649,2.9665,102440.7,1755750599999
1755750600000,2.9666,2.9685,2.9665,2.9682,104856.2,1755750899999
1755750900000,2.9685,2.9685,2.9684,2.9684,1412.0,1755751199999
1755751200000,2.9685,2.9685,2.9676,2.968,27138.5,1755751499999
1755751500000,2.9681,2.9681,2.968,2.9681,1913.3,1755751799999
1755751800000,2.9681,2.9681,2.9672,2.9672,14710.9,1755752099999
1755752100000,2.9672,2.9677,2.9672,2.9672,4261.1,1755752399999
1755752400000,2.9672,2.9678,2.9672,2.9678,2819.8,1755752699999
1755752700000,2.9672,2.9714,2.9672,2.968,20664.9,1755752999999
1755753000000,2.9677,2.9713,2.9672,2.9675,18071.4,1755753299999
1755753300000,2.9672,2.9707,2.9672,2.9672,5493.8,1755753599999
1755753600000,2.9676,2.9703,2.9672,2.9672,44924.6,1755753899999
1755753900000,2.9672,2.9717,2.9672,2.9672,99675.7,1755754199999
1755754200000,2.9672,2.9721,2.9672,2.9672,18869.5,1755754499999
1755754500000,2.9682,2.9682,2.965,2.965,36891.4,1755754799999
1755754800000,2.9653,2.9689,2.9652,2.9684,105270.1,1755755099999
1755755100000,2.9684,2.9707,2.9649,2.9706,76918.8,1755755399999
1755755400000,2.9706,2.9707,2.9695,2.9698,12159.9,1755755699999
1755755700000,2.9698,2.9701,2.9697,2.9699,15087.7,1755755999999
1755756000000,2.9699,3.15,2.9189,2.923,2329749.1,1755756299999
1755756300000,2.9531,3.1488,2.9117,2.9134,462178.5,1755756599999
1755756600000,2.9134,2.9134,2.9114,2.9115,25026.0,1755756899999
1755756900000,2.9115,2.9125,2.9099,2.9103,32444.1,1755757199999
1755757200000,2.9103,2.9134,2.9025,2.9029,223523.9,1755757499999
1755757500000,2.9029,2.9668,2.9029,2.9053,199201.1,1755757799999
1755757800000,2.905,2.9079,2.905,2.9079,173485.3,1755758099999
1755758100000,2.908,2.9113,2.8991,2.9049,64209.3,1755758399999
1755758400000,2.9042,2.9088,2.9042,2.9088,27959.4,1755758699999
1755758700000,2.9088,2.9102,2.899,2.9085,34157.7,1755758999999
1755759000000,2.9085,2.9095,2.899,2.9092,51368.2,1755759299999
1755759300000,2.9092,2.9111,2.899,2.9097,35214.1,1755759599999
1755759600000,2.9097,2.9133,2.9066,2.9105,162829.0,1755759899999
1755759900000,2.9104,3.1458,2.899,2.9134,794985.4,1755760199999
1755760200000,2.9134,2.9136,2.899,2.8991,16734.2,1755760499999
1755760500000,2.901,2.9136,2.8991,2.9127,62855.7,1755760799999
1755760800000,2.9131,2.9136,2.8991,2.9136,47697.8,1755761099999
1755761100000,2.9005,2.9641,2.899,2.9027,275116.6,1755761399999
1755761400000,2.961,3.1417,2.899,2.9061,1489638.4,1755761699999
1755761700000,2.906,2.9605,2.899,2.9052,43619.2,1755761999999
1755762000000,2.9047,2.9615,2.899,2.9094,28289.1,1755762299999
1755762300000,2.9086,2.9622,2.8991,2.904,151253.1,1755762599999
1755762600000,2.9032,2.9629,2.8991,2.9072,100919.8,1755762899999
1755762900000,2.9049,3.15,2.899,2.9052,1306820.7,1755763199999
1755763200000,2.9049,2.9637,2.899,2.9074,78958.9,1755763499999
1755763500000,2.9116,2.9621,2.899,2.9497,124489.8,1755763799999
1755763800000,2.9501,2.9617,2.899,2.9613,298212.8,1755764099999
1755764100000,2.9613,2.9883,2.899,2.9028,1337705.6,1755764399999
1755764400000,2.901,2.9635,2.899,2.9031,56394.9,1755764699999
1755764700000,2.9004,2.9616,2.899,2.9004,25504.8,1755764999999
1755765000000,2.8997,2.9623,2.899,2.8998,63598.6,1755765299999
1755765300000,2.8998,2.9641,2.899,2.902,188096.4,1755765599999
1755765600000,2.9018,2.9639,2.899,2.9034,42700.4,1755765899999
1755765900000,2.9033,2.9654,2.899,2.9037,88670.3,1755766199999
1755766200000,2.9014,2.9654,2.899,2.9023,66548.0,1755766499999
1755766500000,2.9023,3.18,2.8958,2.8962,2092660.7,1755766799999
1755766800000,2.8962,2.8962,2.8899,2.8927,29883.0,1755767099999
1755767100000,2.8883,2.8962,2.8881,2.8961,11526.9,1755767399999
1755767400000,2.8956,3.15,2.889,2.8902,2238323.7,1755767699999
1755767700000,2.89,2.8902,2.8891,2.8902,27024.5,1755767999999
1755768000000,2.8897,2.8902,2.8891,2.8902,36003.3,1755768299999
1755768300000,2.8902,2.8902,2.8891,2.8902,41191.7,1755768599999
1755768600000,2.8902,2.8902,2.8902,2.8902,48415.8,1755768899999
1755768900000,2.8902,2.8902,2.8891,2.8902,16413.8,1755769199999
1755769200000,2.8901,2.8902,2.8891,2.8902,10046.6,1755769499999
1755769500000,2.8901,2.8901,2.8891,2.89,87381.6,1755769799999
1755769800000,2.89,2.89,2.8891,2.8891,32522.6,1755770099999
1755770100000,2.8895,2.89,2.8891,2.89,15984.7,1755770399999
1755770400000,2.89,2.89,2.8891,2.89,33438.3,1755770699999
1755770700000,2.89,2.89,2.8891,2.89,20220.2,1755770999999
1755771000000,2.8897,2.89,2.8891,2.8891,10996.5,1755771299999
1755771300000,2.8896,2.8902,2.8891,2.8891,242703.9,1755771599999
1755771600000,2.8901,2.8902,2.8891,2.8902,18575.2,1755771899999
1755771900000,2.8902,2.8902,2.8891,2.8891,18463.1,1755772199999
1755772200000,2.8897,2.8902,2.8891,2.8902,10542.1,1755772499999
1755772500000,2.8901,2.8965,2.8891,2.8965,81485.5,1755772799999
1755772800000,2.8965,2.9017,2.8902,2.9016,72294.0,1755773099999
1755773100000,2.8998,2.9053,2.8913,2.8997,26488.9,1755773399999
1755773400000,2.8987,2.9003,2.8891,2.8998,26984.9,1755773699999
1755773700000,2.8996,2.8999,2.8975,2.8984,29674.1,1755773999999
1755774000000,2.8984,2.9082,2.8892,2.9043,47197.5,1755774299999
1755774300000,2.9043,2.9084,2.8891,2.9052,16219.0,1755774599999
1755774600000,2.9032,2.9092,2.8891,2.8891,59913.8,1755774899999
1755774900000,2.9037,3.195,2.8891,2.9078,2843816.6,1755775199999
1755775200000,2.9078,2.962,2.9062,2.9615,138894.2,1755775499999
1755775500000,2.9615,2.9615,2.9603,2.9604,129968.3,1755775799999
1755775800000,2.9604,2.961,2.9604,2.9605,59420.1,1755776099999
1755776100000,2.9605,2.9608,2.9479,2.9479,535791.8,1755776399999
1755776400000,2.9479,3.15,2.9429,2.9625,1576594.3,1755776699999
1755776700000,2.9625,3.0394,2.9062,2.9062,1567643.8,1755776999999
1755777000000,2.9062,3.1109,2.9062,2.9637,2887876.0,1755777299999
1755777300000,2.9636,3.0013,2.8996,2.9015,684592.2,1755777599999
1755777600000,2.9015,2.9035,2.9006,2.9014,180662.2,1755777899999
1755777900000,2.9006,2.902,2.9006,2.9008,39063.5,1755778199999
1755778200000,2.9006,3.0828,2.9006,2.9006,919503.1,1755778499999
1755778500000,2.9006,3.1122,2.8929,2.8963,1421962.2,1755778799999
1755778800000,2.8945,2.898,2.8891,2.898,56071.5,1755779099999
1755779100000,2.898,2.898,2.8975,2.8976,19929.9,1755779399999
1755779400000,2.8976,2.9048,2.8891,2.9048,69920.4,1755779699999
1755779700000,2.9048,2.9052,2.8891,2.9031,27317.0,1755779999999
1755780000000,2.9031,2.9045,2.8891,2.9031,19197.4,1755780299999
1755780300000,2.903,2.903,2.8891,2.8956,47752.5,1755780599999
1755780600000,2.8946,3.15,2.8867,2.8877,1106418.5,1755780899999
1755780900000,2.8888,2.9448,2.888,2.8895,93493.9,1755781199999
1755781200000,2.8895,2.8946,2.8849,2.8946,26403.3,1755781499999
1755781500000,2.8946,2.8967,2.8913,2.895,15543.5,1755781799999
1755781800000,2.895,2.8978,2.8945,2.8969,13084.4,1755782099999
1755782100000,2.8969,2.9686,2.8953,2.8975,109977.6,1755782399999
1755782400000,2.8975,2.8975,2.8975,2.8975,5591.1,1755782699999
1755782700000,2.8975,2.8975,2.8758,2.8975,15833.4,1755782999999
1755783000000,2.8975,2.9129,2.8965,2.9068,128936.2,1755783299999
1755783300000,2.9068,2.9677,2.8758,2.9673,229367.4,1755783599999
1755783600000,2.9673,2.9676,2.9583,2.9666,484315.8,1755783899999
1755783900000,2.9666,3.1458,2.87,2.8984,1228338.7,1755784199999
1755784200000,2.8984,2.9152,2.87,2.9081,64078.4,1755784499999
1755784500000,2.908,2.9089,2.8955,2.8955,63002.5,1755784799999
1755784800000,2.8947,2.9058,2.87,2.9003,41311.6,1755785099999
1755785100000,2.9003,2.907,2.9001,2.9024,56675.1,1755785399999
1755785400000,2.9024,2.9122,2.8702,2.9099,37373.9,1755785699999
1755785700000,2.9099,2.9676,2.8702,2.9673,91708.6,1755785999999
1755786000000,2.9673,2.9686,2.9565,2.9679,235418.9,1755786299999
1755786300000,2.9682,2.9685,2.9653,2.9676,240160.4,1755786599999
1755786600000,2.9676,2.9681,2.9615,2.9636,268816.8,1755786899999
1755786900000,2.9636,2.9679,2.8702,2.9007,359014.9,1755787199999
1755787200000,2.9007,2.9031,2.8868,2.8913,126085.5,1755787499999
1755787500000,2.8913,2.8943,2.8867,2.8886,89363.2,1755787799999
1755787800000,2.8865,2.899,2.8701,2.899,272171.5,1755788099999
1755788100000,2.899,2.9008,2.8965,2.899,76617.0,1755788399999
1755788400000,2.8979,2.899,2.8921,2.893,58143.2,1755788699999
1755788700000,2.893,2.8945,2.8858,2.8923,111764.5,1755788999999
1755789000000,2.8923,2.894,2.8768,2.8774,98557.9,1755789299999
1755789300000,2.8775,2.8863,2.8726,2.8863,72514.0,1755789599999
1755789600000,2.8871,2.899,2.8856,2.899,62726.8,1755789899999
1755789900000,2.8949,2.963,2.8864,2.8892,340851.0,1755790199999
1755790200000,2.8892,2.8927,2.8844,2.89,155771.1,1755790499999
1755790500000,2.8859,2.9605,2.8856,2.8941,84547.9,1755790799999
1755790800000,2.8941,2.961,2.8936,2.8951,242955.5,1755791099999
1755791100000,2.8951,2.8956,2.887,2.887,81882.1,1755791399999
1755791400000,2.887,2.8913,2.8701,2.8817,42011.9,1755791699999
1755791700000,2.8818,2.8853,2.8701,2.8844,54770.5,1755791999999
1755792000000,2.8847,2.8891,2.8837,2.8837,68084.7,1755792299999
1755792300000,2.884,2.8967,2.883,2.8967,52215.0,1755792599999
1755792600000,2.8967,2.9623,2.8937,2.8993,105675.0,1755792899999
1755792900000,2.8993,2.9113,2.8993,2.9062,122386.5,1755793199999
1755793200000,2.9028,2.9059,2.898,2.9003,59169.6,1755793499999
1755793500000,2.9003,2.9007,2.8906,2.8969,66784.7,1755793799999
1755793800000,2.8969,2.9022,2.8929,2.8933,57611.5,1755794099999
1755794100000,2.8933,2.8993,2.8779,2.8779,119637.0,1755794399999
1755794400000,2.8976,2.9052,2.8968,2.8992,84553.1,1755794699999
1755794700000,2.9008,2.9014,2.8701,2.8994,48974.5,1755794999999
1755795000000,2.8994,2.9035,2.8701,2.9035,118623.0,1755795299999
1755795300000,2.9035,2.9585,2.8884,2.8884,208013.3,1755795599999
1755795600000,2.8888,2.9393,2.8701,2.8845,225670.9,1755795899999
1755795900000,2.8834,2.9027,2.8701,2.9027,149530.2,1755796199999
1755796200000,2.8753,2.8771,2.8739,2.8762,41073.8,1755796499999
1755796500000,2.8762,2.8848,2.8762,2.8819,74027.9,1755796799999
1755796800000,2.8815,2.8874,2.8794,2.88,95663.7,1755797099999
1755797100000,2.8813,2.8902,2.8801,2.8837,70470.1,1755797399999
1755797400000,2.884,2.8922,2.8837,2.8922,62019.5,1755797699999
1755797700000,2.8921,2.9546,2.889,2.9012,333553.5,1755797999999
1755798000000,2.9012,2.9071,2.8701,2.8997,123023.6,1755798299999
1755798300000,2.8997,2.9047,2.8701,2.9037,108649.3,1755798599999
1755798600000,2.9047,2.9054,2.8701,2.9014,40003.8,1755798899999
1755798900000,2.9012,2.9026,2.8701,2.9001,48441.2,1755799199999
1755799200000,2.9001,2.9064,2.8701,2.9034,152879.1,1755799499999
1755799500000,2.8962,2.9089,2.8962,2.9008,40822.3,1755799799999
1755799800000,2.9008,2.9051,2.9008,2.9035,50387.7,1755800099999
1755800100000,2.9034,2.9546,2.8701,2.9545,363746.0,1755800399999
1755800400000,2.954,3.17,2.934,2.9537,4603392.2,1755800699999
1755800700000,2.9537,2.9548,2.8701,2.9527,1411412.6,1755800999999
1755801000000,2.9527,2.9544,2.8701,2.9078,1326572.6,1755801299999
1755801300000,2.8701,2.9539,2.7674,2.9101,529287.0,1755801599999
1755801600000,2.909,2.9126,2.9043,2.9056,84723.6,1755801899999
1755801900000,2.9034,2.9532,2.8972,2.9024,156709.3,1755802199999
1755802200000,2.9024,2.9113,2.9015,2.9113,84780.8,1755802499999
1755802500000,2.9113,2.9538,2.7767,2.9373,482871.2,1755802799999
1755802800000,2.9539,2.972,2.912,2.9131,910146.4,1755803099999
1755803100000,2.9129,3.1319,2.912,2.9427,801228.5,1755803399999
1755803400000,2.9548,3.1031,2.9065,2.9332,1408659.5,1755803699999
1755803700000,2.9332,3.1308,2.9055,2.9055,1371117.6,1755803999999
1755804000000,2.9055,2.9756,2.8919,2.8919,1614392.5,1755804299999
1755804300000,2.8925,2.8928,2.8882,2.8898,32130.6,1755804599999
1755804600000,2.8882,2.8898,2.8799,2.8804,66764.2,1755804899999
1755804900000,2.8799,2.9557,2.8725,2.8768,149264.3,1755805199999
1755805200000,2.8769,2.8785,2.8689,2.8693,119956.2,1755805499999
1755805500000,2.8676,2.868,2.8636,2.8661,141809.3,1755805799999
1755805800000,2.8694,2.9567,2.8575,2.8626,51467.3,1755806099999
1755806100000,2.8626,2.9547,2.847,2.8647,314824.3,1755806399999
1755806400000,2.8647,2.8712,2.7674,2.8695,35006.4,1755806699999
1755806700000,2.8693,2.9576,2.8669,2.8695,89151.5,1755806999999
1755807000000,2.8674,2.8719,2.8668,2.8706,82157.3,1755807299999
1755807300000,2.8719,2.9567,2.8687,2.8728,72935.3,1755807599999
1755807600000,2.8729,2.9565,2.8729,2.8777,51837.4,1755807899999
1755807900000,2.8777,2.8825,2.8769,2.8791,123915.7,1755808199999
1755808200000,2.8785,2.8789,2.8638,2.8638,107017.4,1755808499999
1755808500000,2.8645,2.868,2.8369,2.868,59782.1,1755808799999
1755808800000,2.868,2.8733,2.866,2.8722,68522.1,1755809099999
1755809100000,2.8722,2.874,2.8704,2.8716,30916.9,1755809399999
1755809400000,2.8713,2.8831,2.8701,2.8831,38950.1,1755809699999
1755809700000,2.8831,2.9535,2.8772,2.8779,66338.7,1755809999999
1755810000000,2.8779,2.881,2.8657,2.8658,114837.7,1755810299999
1755810300000,2.8659,2.8723,2.8659,2.8715,17407.3,1755810599999
1755810600000,2.8715,2.8836,2.8715,2.8806,138995.8,1755810899999
1755810900000,2.8806,2.9507,2.8742,2.8784,347485.0,1755811199999
1755811200000,2.8784,2.8847,2.878,2.8845,103419.3,1755811499999
1755811500000,2.8845,2.8849,2.8782,2.8843,67883.3,1755811799999
1755811800000,2.8843,2.887,2.8812,2.887,78376.9,1755812099999
1755812100000,2.887,2.8873,2.8779,2.8812,43784.6,1755812399999
1755812400000,2.8812,2.949,2.8781,2.8796,126326.4,1755812699999
1755812700000,2.8793,2.8823,2.8744,2.8823,136511.0,1755812999999
1755813000000,2.8814,2.8849,2.8813,2.8835,42921.4,1755813299999
1755813300000,2.8835,2.8852,2.8814,2.8834,84831.4,1755813599999
1755813600000,2.883,2.8844,2.8796,2.8797,23139.5,1755813899999
1755813900000,2.8797,2.8819,2.8771,2.8819,75692.5,1755814199999
1755814200000,2.8819,2.8833,2.8804,2.8823,16400.8,1755814499999
1755814500000,2.8823,2.9501,2.8815,2.888,2411984.6,1755814799999
1755814800000,2.888,2.9496,2.8814,2.8821,317255.4,1755815099999
1755815100000,2.8821,2.8849,2.881,2.8811,79760.4,1755815399999
1755815400000,2.8811,2.8818,2.8772,2.8772,43641.7,1755815699999
1755815700000,2.8772,2.8825,2.873,2.874,62288.3,1755815999999
1755816000000,2.8744,2.8762,2.8685,2.8695,83038.2,1755816299999
1755816300000,2.8689,2.8761,2.8683,2.8761,343083.3,1755816599999
1755816600000,2.8723,2.9461,2.8723,2.8724,180355.1,1755816899999
1755816900000,2.8724,2.8766,2.8723,2.8746,123686.8,1755817199999
1755817200000,2.8738,2.9267,2.8641,2.8641,68114.9,1755817499999
1755817500000,2.8641,2.8645,2.8578,2.8578,42188.3,1755817799999
1755817800000,2.8578,2.8581,2.8553,2.8575,23852.4,1755818099999
1755818100000,2.8575,2.8608,2.8493,2.85,132839.7,1755818399999
1755818400000,2.8503,2.9467,2.8484,2.8485,50654.9,1755818699999
1755818700000,2.8485,2.8562,2.8472,2.8562,57957.0,1755818999999
1755819000000,2.856,2.9454,2.8455,2.8468,106890.9,1755819299999
1755819300000,2.8468,2.9433,2.8411,2.8411,15123.0,1755819599999
1755819600000,2.8423,2.8453,2.8416,2.8425,54700.6,1755819899999
1755819900000,2.8418,2.8472,2.8418,2.8467,103907.8,1755820199999
1755820200000,2.8466,2.8509,2.8446,2.8509,64527.6,1755820499999
1755820500000,2.8503,2.8522,2.8489,2.8506,106215.0,1755820799999
1755820800000,2.8504,2.8571,2.8499,2.8557,60136.1,1755821099999
1755821100000,2.8557,2.8589,2.8554,2.8589,81167.6,1755821399999
1755821400000,2.8589,2.9463,2.85,2.8572,79637.1,1755821699999
1755821700000,2.8564,2.8593,2.85,2.8593,108259.4,1755821999999
1755822000000,2.8593,2.8638,2.85,2.8638,43760.4,1755822299999
1755822300000,2.8631,2.8648,2.8625,2.8648,38369.0,1755822599999
1755822600000,2.8636,2.8685,2.8619,2.8685,42056.6,1755822899999
1755822900000,2.8687,2.9443,2.85,2.8642,688465.5,1755823199999
1755823200000,2.8624,2.8733,2.8586,2.8626,450671.7,1755823499999
1755823500000,2.8619,2.8623,2.85,2.85,45543.2,1755823799999
1755823800000,2.85,2.9386,2.8467,2.848,606263.2,1755824099999
1755824100000,2.8474,2.9374,2.8467,2.8564,233194.5,1755824399999
1755824400000,2.8565,2.8617,2.8556,2.8576,64812.1,1755824699999
1755824700000,2.8577,2.8596,2.8376,2.8407,125695.0,1755824999999
1755825000000,2.838,2.9318,2.838,2.844,140791.6,1755825299999
1755825300000,2.8433,2.8499,2.8433,2.8499,47497.7,1755825599999
1755825600000,2.8498,2.9384,2.8498,2.8564,148569.6,1755825899999
1755825900000,2.8569,2.8625,2.8513,2.8513,334235.3,1755826199999
1755826200000,2.8512,2.8543,2.8476,2.8516,35121.2,1755826499999
1755826500000,2.8515,2.8565,2.8515,2.8522,32705.7,1755826799999
1755826800000,2.8521,2.8577,2.8518,2.8571,101088.8,1755827099999
1755827100000,2.8572,2.8617,2.8571,2.8596,39728.1,1755827399999
1755827400000,2.8593,2.862,2.8569,2.8593,40299.0,1755827699999
1755827700000,2.8593,3.0473,2.857,2.8574,1129860.7,1755827999999
1755828000000,2.857,2.9342,2.8528,2.8595,115827.9,1755828299999
1755828300000,2.859,2.9339,2.8586,2.8647,140804.7,1755828599999
1755828600000,2.8646,2.871,2.8646,2.8709,50455.3,1755828899999
1755828900000,2.871,2.8764,2.871,2.8764,77348.7,1755829199999
1755829200000,2.8764,2.9365,2.8764,2.9359,240878.6,1755829499999
1755829500000,2.9361,2.9372,2.8807,2.8839,208936.5,1755829799999
1755829800000,2.8839,2.8911,2.8752,2.8757,196241.5,1755830099999
1755830100000,2.8757,2.8758,2.8689,2.8689,53726.3,1755830399999
1755830400000,2.8689,2.8706,2.8659,2.8659,129293.9,1755830699999
1755830700000,2.8659,2.8676,2.858,2.8626,52259.8,1755830999999
1755831000000,2.8626,2.9395,2.8623,2.8623,186343.2,1755831299999
1755831300000,2.8624,2.8664,2.8556,2.8559,283841.9,1755831599999
1755831600000,2.8559,2.862,2.8518,2.8531,102736.9,1755831899999
1755831900000,2.853,2.8587,2.853,2.8586,37563.4,1755832199999
1755832200000,2.8585,2.8613,2.8561,2.8565,167808.1,1755832499999
1755832500000,2.8565,2.8567,2.8494,2.8515,138665.3,1755832799999
1755832800000,2.8514,2.862,2.8285,2.8471,123729.8,1755833099999
1755833100000,2.8475,2.8511,2.846,2.8511,158545.4,1755833399999
1755833400000,2.8471,2.9445,2.8371,2.8452,764822.2,1755833699999
1755833700000,2.8441,2.9445,2.838,2.8383,207495.3,1755833999999
1755834000000,2.8381,2.9445,2.8248,2.9397,279390.3,1755834299999
1755834300000,2.8301,2.8332,2.8279,2.8325,169777.6,1755834599999
1755834600000,2.832,2.9478,2.824,2.8273,97017.7,1755834899999
1755834900000,2.8273,2.9469,2.8273,2.8319,210360.7,1755835199999
1755835200000,2.8312,2.837,2.8306,2.835,146821.0,1755835499999
1755835500000,2.8355,2.8448,2.8352,2.8409,91923.1,1755835799999
1755835800000,2.8408,2.8479,2.8408,2.8447,150676.2,1755836099999
1755836100000,2.8447,2.8557,2.8447,2.8557,97231.4,1755836399999
1755836400000,2.8557,2.9479,2.8542,2.8561,108491.3,1755836699999
1755836700000,2.8561,2.9487,2.8516,2.8624,420780.6,1755836999999
1755837000000,2.8648,3.1075,2.8507,2.8576,1444668.4,1755837299999
1755837300000,2.9473,2.9486,2.8551,2.8633,474334.8,1755837599999
1755837600000,2.8608,2.948,2.8592,2.8627,312099.4,1755837899999
1755837900000,2.8595,2.9474,2.8531,2.8603,239094.5,1755838199999
1755838200000,2.8603,3.1242,2.7674,2.8528,1168968.5,1755838499999
1755838500000,2.8528,2.9491,2.8496,2.8557,222538.1,1755838799999
1755838800000,2.8557,2.9492,2.8524,2.8557,234186.5,1755839099999
1755839100000,2.9481,3.15,2.8557,2.9318,2587292.7,1755839399999
1755839400000,2.9318,2.9471,2.8589,2.8641,487956.9,1755839699999
1755839700000,2.8665,3.1234,2.7693,2.8583,1642601.3,1755839999999
1755840000000,2.8583,3.1452,2.857,2.86,2164037.0,1755840299999
1755840300000,2.86,2.9419,2.8575,2.9386,934690.2,1755840599999
1755840600000,2.939,2.94,2.8595,2.9174,1210120.8,1755840899999
1755840900000,2.9174,3.0965,2.86,2.8643,2596332.5,1755841199999
1755841200000,2.8643,2.8654,2.86,2.8654,140507.8,1755841499999
1755841500000,2.8629,2.9399,2.86,2.8667,180955.9,1755841799999
1755841800000,2.8667,2.9419,2.86,2.9419,379242.4,1755842099999
1755842100000,2.8713,2.9986,2.8681,2.8768,1557993.9,1755842399999
1755842400000,2.9413,2.9415,2.86,2.864,387346.8,1755842699999
1755842700000,2.864,2.8688,2.86,2.8615,133014.4,1755842999999
1755843000000,2.8611,3.1169,2.8601,2.9392,1176872.5,1755843299999
1755843300000,2.9392,3.0569,2.86,2.8671,1619941.1,1755843599999
1755843600000,2.8712,3.0226,2.8671,2.9393,2362469.7,1755843899999
1755843900000,2.8692,3.0574,2.8629,2.8646,1383255.3,1755844199999
1755844200000,2.8646,2.8646,2.86,2.86,132200.6,1755844499999
1755844500000,2.86,3.1184,2.7674,2.8509,1550357.2,1755844799999
1755844800000,2.8524,2.9662,2.845,2.8479,1209976.5,1755845099999
1755845100000,2.8479,2.942,2.7674,2.8525,364911.7,1755845399999
1755845400000,2.8527,2.9716,2.8478,2.9014,2020906.0,1755845699999
1755845700000,2.853,3.1213,2.8507,2.8518,2304438.1,1755845999999
1755846000000,2.8521,2.9664,2.8521,2.9387,1840772.5,1755846299999
1755846300000,2.9429,3.1196,2.8624,2.9352,2029735.4,1755846599999
1755846600000,2.9352,2.9435,2.85,2.9427,585749.2,1755846899999
1755846900000,2.8669,2.9803,2.85,2.862,1090260.1,1755847199999
1755847200000,2.862,2.8623,2.85,2.8623,73767.9,1755847499999
1755847500000,2.85,2.941,2.85,2.869,114659.8,1755847799999
1755847800000,2.869,2.869,2.85,2.8682,79750.8,1755848099999
1755848100000,2.8682,2.869,2.8682,2.869,27744.3,1755848399999
1755848400000,2.869,3.1198,2.85,2.8684,1451684.4,1755848699999
1755848700000,2.9417,2.9417,2.8528,2.8652,119154.0,1755848999999
1755849000000,2.8652,2.9386,2.8528,2.8672,130762.4,1755849299999
1755849300000,2.9384,3.1165,2.85,2.8612,998244.9,1755849599999
1755849600000,2.8612,2.9375,2.85,2.866,171120.0,1755849899999
1755849900000,2.866,2.9366,2.85,2.8658,225134.3,1755850199999
1755850200000,2.8658,2.937,2.8658,2.8689,130663.3,1755850499999
1755850500000,2.8701,3.1144,2.8689,2.9212,1830444.0,1755850799999
1755850800000,2.9212,2.9386,2.85,2.8729,225816.6,1755851099999
1755851100000,2.8736,2.9367,2.8662,2.8664,123677.1,1755851399999
1755851400000,2.8712,2.9367,2.85,2.8669,125434.7,1755851699999
1755851700000,2.8669,3.15,2.85,2.934,2000315.5,1755851999999
1755852000000,2.934,3.1533,2.85,2.9333,3619595.8,1755852299999
1755852300000,2.9333,3.0347,2.85,2.8642,1647395.7,1755852599999
1755852600000,2.8642,2.9321,2.85,2.8644,110032.3,1755852899999
1755852900000,2.8644,2.9339,2.8644,2.8678,50691.5,1755853199999
1755853200000,2.8693,3.1107,2.8633,2.8633,1740902.8,1755853499999
1755853500000,2.8645,3.1129,2.85,2.85,1555661.5,1755853799999
1755853800000,2.8603,2.8609,2.85,2.8607,45912.4,1755854099999
1755854100000,2.8609,2.8609,2.8607,2.8607,51595.4,1755854399999
1755854400000,2.8607,2.8609,2.8607,2.8609,60438.7,1755854699999
1755854700000,2.8607,2.8614,2.8551,2.8614,119785.4,1755854999999
1755855000000,2.8617,2.9369,2.85,2.8558,147830.2,1755855299999
1755855300000,2.856,2.8565,2.85,2.8526,17685.9,1755855599999
1755855600000,2.8532,2.9328,2.8532,2.8818,246780.5,1755855899999
1755855900000,2.9317,2.9318,2.85,2.8591,880979.9,1755856199999
1755856200000,2.8591,3.108,2.8519,2.859,2188947.4,1755856499999
1755856500000,2.8602,2.9309,2.8538,2.8759,458648.9,1755856799999
1755856800000,2.9302,2.9303,2.85,2.85,99647.0,1755857099999
1755857100000,2.8514,2.9296,2.85,2.9272,1275829.8,1755857399999
1755857400000,2.9272,2.9279,2.8472,2.9279,315322.4,1755857699999
1755857700000,2.9279,2.9279,2.8427,2.8439,51491.8,1755857999999
1755858000000,2.8439,2.9273,2.8408,2.8409,509531.6,1755858299999
1755858300000,2.8442,3.1052,2.8435,2.925,1148324.8,1755858599999
1755858600000,2.925,2.9293,2.8335,2.8344,81733.9,1755858899999
1755858900000,2.8344,2.8377,2.8322,2.8328,100283.7,1755859199999
1755859200000,2.8326,2.8401,2.8313,2.8401,96495.7,1755859499999
1755859500000,2.8403,2.9333,2.8274,2.8289,191930.2,1755859799999
1755859800000,2.9332,2.9337,2.8273,2.8294,274238.3,1755860099999
1755860100000,2.8301,2.9306,2.8264,2.8304,255503.9,1755860399999
1755860400000,2.8305,3.1081,2.8277,2.8305,1057588.5,1755860699999
1755860700000,2.8299,2.9328,2.7674,2.7674,308558.8,1755860999999
1755861000000,2.814,2.82,2.7735,2.8196,17408.0,1755861299999
1755861300000,2.8198,2.8226,2.8145,2.8196,41961.0,1755861599999
1755861600000,2.8196,2.8233,2.8159,2.8169,20564.1,1755861899999
1755861900000,2.8168,2.8209,2.8167,2.8209,4502.2,1755862199999
1755862200000,2.8208,2.8243,2.7674,2.818,85085.9,1755862499999
1755862500000,2.8177,2.9371,2.7674,2.8113,464660.9,1755862799999
1755862800000,2.8095,2.8135,2.7674,2.8109,30646.4,1755863099999
1755863100000,2.8094,2.91,2.8094,2.8126,73732.1,1755863399999
1755863400000,2.8134,2.9335,2.7674,2.8098,123541.1,1755863699999
1755863700000,2.8089,2.9339,2.7674,2.8046,172587.4,1755863999999
1755864000000,2.8043,2.9346,2.7674,2.8058,93516.5,1755864299999
1755864300000,2.8056,2.9343,2.7674,2.7924,143070.9,1755864599999
1755864600000,2.7903,2.7924,2.7674,2.7924,63354.7,1755864899999
1755864900000,2.7916,2.7924,2.7893,2.7901,28231.6,1755865199999
1755865200000,2.7903,2.8,2.7674,2.8,56091.9,1755865499999
1755865500000,2.7995,2.8029,2.7674,2.7978,143456.3,1755865799999
1755865800000,2.798,2.9363,2.7674,2.7852,195956.8,1755866099999
1755866100000,2.7851,2.9368,2.7674,2.9368,228681.1,1755866399999
1755866400000,2.9366,3.0,2.7675,2.9396,876260.2,1755866699999
1755866700000,2.9398,3.0887,2.8147,2.9317,1477701.9,1755866999999
1755867000000,2.9318,3.0584,2.8097,2.9147,1311313.9,1755867299999
1755867300000,2.9147,2.9381,2.7675,2.9292,659685.9,1755867599999
1755867600000,2.9334,3.0561,2.8093,2.8233,1813698.4,1755867899999
1755867900000,2.9344,2.9362,2.7676,2.82,379693.2,1755868199999
1755868200000,2.9349,2.9855,2.7674,2.93,3206213.8,1755868499999
1755868500000,2.9396,2.9396,2.8072,2.8092,599647.9,1755868799999
1755868800000,2.8089,3.0583,2.7674,2.9289,3560797.3,1755869099999
1755869100000,2.9398,3.058,2.8078,2.9401,2318610.9,1755869399999
1755869400000,2.9402,3.0035,2.8078,2.9252,2968958.3,1755869699999
1755869700000,2.9254,2.9423,2.8078,2.8146,475482.3,1755869999999
1755870000000,2.8144,2.9618,2.8078,2.9301,1500629.0,1755870299999
1755870300000,2.9301,3.1181,2.81,2.9393,1447151.1,1755870599999
1755870600000,2.9399,2.9415,2.8415,2.8435,690480.7,1755870899999
1755870900000,2.8501,3.06,2.8301,2.9015,2912859.4,1755871199999
1755871200000,2.9015,2.9432,2.9015,2.9411,395620.0,1755871499999
1755871500000,2.9411,2.9566,2.9387,2.9559,443235.6,1755871799999
1755871800000,2.9562,2.9838,2.9415,2.9793,647640.2,1755872099999
1755872100000,3.1123,3.2669,2.9406,2.9714,493113.7,1755872399999
1755872400000,2.9746,3.268,2.94,2.9622,369241.8,1755872699999
1755872700000,2.9546,3.2309,2.9374,2.9831,93954.4,1755872999999
1755873000000,2.9839,3.3039,2.9374,3.0114,87713.7,1755873299999
1755873300000,3.0456,3.1776,2.9414,3.0063,222753.0,1755873599999
1755873600000,3.0064,3.1776,2.9472,3.0118,618369.9,1755873899999
1755873900000,3.0136,3.1696,2.9414,3.0097,1234897.2,1755874199999
1755874200000,3.01,3.0384,2.9414,3.0189,627615.3,1755874499999
1755874500000,3.0189,3.1776,2.9414,3.0064,1585930.5,1755874799999
1755874800000,3.007,3.1776,3.0067,3.0272,60886.4,1755875099999
1755875100000,3.0271,3.3328,3.0271,3.0358,842195.0,1755875399999
1755875400000,3.0359,3.1151,2.9408,3.0182,1759791.1,1755875699999
1755875700000,3.0205,3.0358,2.9408,3.0308,1419059.5,1755875999999
1755876000000,3.031,3.0347,3.031,3.031,699104.3,1755876299999
1755876300000,3.031,3.0311,3.031,3.0311,136093.3,1755876599999
1755876600000,3.031,3.0311,3.031,3.031,89632.0,1755876899999
1755876900000,3.0311,3.0311,3.031,3.0311,60728.2,1755877199999
1755877200000,3.0311,3.0375,3.031,3.0362,85947.7,1755877499999
1755877500000,3.0368,3.0374,3.0329,3.0352,60180.1,1755877799999
1755877800000,3.0353,3.2372,3.031,3.0315,63558.4,1755878099999
1755878100000,3.0324,3.0326,3.0242,3.0242,110467.0,1755878399999
1755878400000,3.0253,3.1204,2.9454,3.0436,251332.8,1755878699999
1755878700000,3.0435,3.0711,3.0373,3.0655,218599.3,1755878999999
1755879000000,3.0655,3.0655,3.0415,3.0477,36021.0,1755879299999
1755879300000,3.0476,3.0502,2.9479,2.9533,43486.9,1755879599999
1755879600000,2.9533,3.0476,2.9533,3.0463,27107.3,1755879899999
1755879900000,3.0465,3.0711,3.0453,3.0491,83019.4,1755880199999
1755880200000,3.0491,3.0578,2.948,3.0578,31289.6,1755880499999
1755880500000,3.0578,3.0578,3.0441,3.0521,55842.7,1755880799999
1755880800000,3.0521,3.057,2.9503,3.0529,106534.6,1755881099999
1755881100000,3.0529,3.0558,3.0434,3.0434,128819.2,1755881399999
1755881400000,3.0435,3.0439,3.0389,3.0413,42548.3,1755881699999
1755881700000,3.0413,3.0457,3.0397,3.0457,76788.1,1755881999999
1755882000000,3.0456,3.0564,3.043,3.0561,4743.7,1755882299999
1755882300000,3.0561,3.0814,3.043,3.0622,66951.8,1755882599999
1755882600000,3.0623,3.1268,3.0036,3.0813,336857.3,1755882899999
1755882900000,3.0811,3.1313,2.9568,3.0816,252155.6,1755883199999
1755883200000,3.0831,3.1296,3.0735,3.0832,66982.9,1755883499999
1755883500000,3.0832,3.1329,3.07,3.0903,105784.2,1755883799999
1755883800000,3.0903,3.1304,3.08,3.0805,82619.3,1755884099999
1755884100000,3.0804,3.0853,3.0514,3.079,190835.9,1755884399999
1755884400000,3.079,3.0801,3.079,3.0791,1386264.5,1755884699999
1755884700000,3.079,3.3766,3.079,3.082,3004336.0,1755884999999
1755885000000,3.3739,3.3757,2.9534,3.0817,209048.8,1755885299999
1755885300000,3.0926,3.3742,3.0817,3.0847,59095.1,1755885599999
1755885600000,3.3719,3.3788,3.0817,3.1031,130543.2,1755885899999
1755885900000,3.3779,3.3793,3.0817,3.0817,88855.0,1755886199999
1755886200000,3.0844,3.373,3.0817,3.371,47837.6,1755886499999
1755886500000,3.3702,3.3708,3.0817,3.0817,864592.3,1755886799999
1755886800000,3.364,3.3648,3.0442,3.0449,895883.7,1755887099999
1755887100000,3.0458,3.1765,3.045,3.0514,72256.0,1755887399999
1755887400000,3.0515,3.3661,3.048,3.0635,58675.6,1755887699999
1755887700000,3.0644,3.3736,2.9464,3.0824,96434.3,1755887999999
1755888000000,3.0836,3.379,3.0818,3.0818,418907.7,1755888299999
1755888300000,3.0909,3.3774,3.0702,3.0855,1934818.9,1755888599999
1755888600000,3.0856,3.374,3.0633,3.0894,3461080.4,1755888899999
1755888900000,3.0897,3.3837,3.087,3.0901,6869492.8,1755889199999
1755889200000,3.091,3.1154,3.0679,3.092,598987.1,1755889499999
1755889500000,3.0989,3.38,3.0955,3.0955,1316036.9,1755889799999
1755889800000,3.0978,3.39,3.0955,3.0967,1134450.3,1755890099999
1755890100000,3.0976,3.385,3.0955,3.0957,305390.1,1755890399999
1755890400000,3.096,3.3849,3.0873,3.0905,130644.3,1755890699999
1755890700000,3.0906,3.4034,2.94,3.0983,3893031.5,1755890999999
1755891000000,3.0986,3.391,3.082,3.0877,189185.4,1755891299999
1755891300000,3.0878,3.391,3.0878,3.1011,930120.7,1755891599999
1755891600000,3.102,3.4,3.0999,3.0999,8089536.8,1755891899999
1755891900000,3.1014,3.4073,3.0999,3.1009,9554817.5,1755892199999
1755892200000,3.1016,3.4,3.096,3.099,1226549.5,1755892499999
1755892500000,3.1051,3.4,3.096,3.096,1893050.9,1755892799999
1755892800000,3.096,3.0976,3.096,3.096,48159.7,1755893099999
1755893100000,3.0962,3.0976,3.096,3.096,83208.4,1755893399999
1755893400000,3.0964,3.0976,3.096,3.096,70184.1,1755893699999
1755893700000,3.096,3.0976,3.096,3.096,64231.7,1755893999999
1755894000000,3.096,3.0976,3.096,3.0968,48502.8,1755894299999
1755894300000,3.0968,3.0976,3.096,3.096,63151.2,1755894599999
1755894600000,3.096,3.0976,3.096,3.096,140003.9,1755894899999
1755894900000,3.096,3.0976,3.096,3.096,119192.9,1755895199999
1755895200000,3.0964,3.0976,3.096,3.096,118261.5,1755895499999
1755895500000,3.0968,3.0976,3.096,3.0976,114556.2,1755895799999
1755895800000,3.0968,3.0976,3.096,3.096,35854.7,1755896099999
1755896100000,3.096,3.0976,3.096,3.096,73877.8,1755896399999
1755896400000,3.096,3.0976,3.096,3.096,27091.1,1755896699999
1755896700000,3.096,3.0976,3.096,3.096,252927.6,1755896999999
1755897000000,3.096,3.0976,3.096,3.096,89026.2,1755897299999
1755897300000,3.096,3.0963,3.096,3.096,138333.1,1755897599999
1755897600000,3.096,3.0976,3.096,3.096,62628.9,1755897899999
1755897900000,3.096,3.0976,3.0936,3.0941,234867.6,1755898199999
1755898200000,3.094,3.1008,2.94,3.0999,2155199.3,1755898499999
1755898500000,3.0999,3.4005,3.092,3.0998,3062200.7,1755898799999
1755898800000,3.3998,3.3999,2.94,3.0987,113738.6,1755899099999
1755899100000,3.0986,3.0993,3.091,3.0927,874766.3,1755899399999
1755899400000,3.0929,3.093,3.0867,3.0919,305395.4,1755899699999
1755899700000,3.0924,3.093,3.0854,3.0887,78135.4,1755899999999
1755900000000,3.0888,3.093,3.0797,3.0835,44055.8,1755900299999
1755900300000,3.0835,3.093,2.94,3.0868,60295.9,1755900599999
1755900600000,3.0861,3.093,3.0854,3.0854,59076.5,1755900899999
1755900900000,3.0855,3.093,3.0827,3.087,26468.8,1755901199999
1755901200000,3.0895,3.093,3.0851,3.0859,25192.9,1755901499999
1755901500000,3.0856,3.0864,3.0848,3.0848,19037.3,1755901799999
1755901800000,3.0853,3.093,3.0825,3.0825,75626.7,1755902099999
1755902100000,3.0825,3.093,3.0749,3.0814,14233.6,1755902399999
1755902400000,3.0839,3.093,3.0779,3.0821,30902.3,1755902699999
1755902700000,3.0822,3.093,2.94,3.0856,26070.0,1755902999999
1755903000000,3.0856,3.093,3.0798,3.0798,18446.7,1755903299999
1755903300000,3.0798,3.0798,3.0743,3.0743,39401.3,1755903599999
1755903600000,3.0744,3.093,3.0716,3.075,14261.9,1755903899999
1755903900000,3.0787,3.093,3.0677,3.0693,16701.1,1755904199999
1755904200000,3.0693,3.093,3.066,3.0661,56436.7,1755904499999
1755904500000,3.0661,3.093,3.0655,3.0672,52717.6,1755904799999
1755904800000,3.0672,3.079,2.94,3.0645,209859.8,1755905099999
1755905100000,3.0655,3.0675,3.0637,3.0675,47545.7,1755905399999
1755905400000,3.0675,3.093,3.064,3.0672,111013.9,1755905699999
1755905700000,3.0672,3.0768,2.93,3.0768,497337.0,1755905999999
1755906000000,3.0765,3.0804,3.0754,3.079,52770.8,1755906299999
1755906300000,3.0792,3.1084,3.0726,3.0745,209528.6,1755906599999
1755906600000,3.0762,3.0776,3.0736,3.0736,116226.7,1755906899999
1755906900000,3.0738,3.0773,3.0731,3.0748,60183.3,1755907199999
1755907200000,3.0748,3.0748,3.0657,3.0682,45414.5,1755907499999
1755907500000,3.0678,3.0702,3.0627,3.0653,27788.9,1755907799999
1755907800000,3.0653,3.0653,2.94,3.0584,116142.3,1755908099999
1755908100000,3.0584,3.0636,3.0581,3.0581,43494.0,1755908399999
1755908400000,3.0582,3.0588,3.0456,3.0568,76269.5,1755908699999
1755908700000,3.0568,3.0618,3.0551,3.0586,48306.1,1755908999999
1755909000000,3.0587,3.0623,3.0499,3.0615,136601.1,1755909299999
1755909300000,3.0615,3.0623,3.0523,3.0535,109064.1,1755909599999
1755909600000,3.0534,3.0534,3.047,3.0472,85321.7,1755909899999
1755909900000,3.0473,3.0498,2.94,3.0496,90444.8,1755910199999
1755910200000,3.0496,3.0501,3.043,3.0471,85209.4,1755910499999
1755910500000,3.047,3.047,3.0382,3.0384,96680.9,1755910799999
1755910800000,3.0383,3.041,3.0348,3.0374,68235.8,1755911099999
1755911100000,3.0373,3.046,3.0366,3.0451,128056.0,1755911399999
1755911400000,3.045,3.045,3.0379,3.0379,109882.1,1755911699999
1755911700000,3.0379,3.0387,3.0239,3.0256,37451.8,1755911999999
1755912000000,3.0256,3.0261,3.0214,3.0214,24508.1,1755912299999
1755912300000,3.0214,3.0229,3.0186,3.0194,84718.9,1755912599999
1755912600000,3.0194,3.0262,3.018,3.0181,68436.6,1755912899999
1755912900000,3.0181,3.0214,3.0088,3.0125,65889.3,1755913199999
1755913200000,3.0124,3.0153,3.0107,3.0107,14797.3,1755913499999
1755913500000,3.0108,3.0202,3.0073,3.0169,158463.2,1755913799999
1755913800000,3.0171,3.0247,3.013,3.024,17350.2,1755914099999
1755914100000,3.0242,3.0288,3.024,3.0241,111422.4,1755914399999
1755914400000,3.024,3.029,3.0221,3.0255,116255.2,1755914699999
1755914700000,3.0256,3.0256,2.94,3.0226,128711.8,1755914999999
1755915000000,3.0226,3.0256,3.0184,3.0237,19460.4,1755915299999
1755915300000,3.0237,3.0237,3.0181,3.0214,11943.4,1755915599999
1755915600000,3.0214,3.0214,3.0004,3.0132,102932.9,1755915899999
1755915900000,3.0132,3.0137,2.995,2.9963,122510.9,1755916199999
1755916200000,2.9963,2.9966,2.94,2.9482,61162.0,1755916499999
1755916500000,2.979,2.9797,2.93,2.9729,124449.9,1755916799999
1755916800000,2.9321,2.9891,2.93,2.9891,444040.3,1755917099999
1755917100000,2.9881,2.9988,2.93,2.9965,242218.0,1755917399999
1755917400000,2.9964,2.9991,2.9931,2.9974,111269.9,1755917699999
1755917700000,2.9974,3.0009,2.99,2.9945,102798.7,1755917999999
1755918000000,2.9944,2.9956,2.9923,2.9954,59775.6,1755918299999
1755918300000,2.9954,3.0011,2.9904,2.9966,143495.7,1755918599999
1755918600000,2.9968,3.0065,2.9962,3.0042,89144.7,1755918899999
1755918900000,3.0042,3.0064,2.997,2.9977,14930.5,1755919199999
1755919200000,2.9977,2.9977,2.9915,2.9955,55487.0,1755919499999
1755919500000,2.9955,2.9973,2.9305,2.9953,107381.8,1755919799999
1755919800000,2.9952,2.9967,2.9895,2.9915,91363.0,1755920099999
1755920100000,2.9914,2.9915,2.9881,2.9891,68033.4,1755920399999
1755920400000,2.9891,2.9911,2.9878,2.9878,15434.2,1755920699999
1755920700000,2.9863,2.9919,2.93,2.991,269793.3,1755920999999
1755921000000,2.991,2.9933,2.9908,2.9924,37093.0,1755921299999
1755921300000,2.9923,2.995,2.991,2.9929,117260.8,1755921599999
1755921600000,2.993,3.0046,2.9923,3.0046,50361.8,1755921899999
1755921900000,3.0051,3.0088,3.0013,3.0076,155291.1,1755922199999
1755922200000,3.0077,3.0106,3.0053,3.0086,80294.6,1755922499999
1755922500000,3.0086,3.0094,3.0034,3.0034,25743.1,1755922799999
1755922800000,3.0034,3.0099,2.9304,3.0099,53789.2,1755923099999
1755923100000,3.0098,3.0102,3.0032,3.0102,58120.6,1755923399999
1755923400000,3.0093,3.0119,3.0075,3.0115,81861.3,1755923699999
1755923700000,3.0115,3.1052,3.0112,3.0237,149165.7,1755923999999
1755924000000,3.0239,3.0278,3.0202,3.0276,53650.6,1755924299999
1755924300000,3.0276,3.0308,3.0233,3.0233,28061.2,1755924599999
1755924600000,3.0232,3.0321,3.0232,3.029,91619.8,1755924899999
1755924900000,3.029,3.0316,3.0202,3.0295,76631.4,1755925199999
1755925200000,3.0296,3.0333,3.0291,3.0298,46605.3,1755925499999
1755925500000,3.0298,3.03,3.0261,3.0262,11908.1,1755925799999
1755925800000,3.0262,3.0316,3.023,3.0316,368322.7,1755926099999
1755926100000,3.0316,3.0365,2.9406,3.0358,81299.5,1755926399999
1755926400000,3.0358,3.0439,2.9434,3.0417,315427.4,1755926699999
1755926700000,3.0419,3.0441,3.0384,3.0415,63399.3,1755926999999
1755927000000,3.0418,3.0466,2.9445,3.045,36190.3,1755927299999
1755927300000,3.045,3.057,2.9453,3.054,32829.6,1755927599999
1755927600000,3.0539,3.0539,2.9444,3.0496,269660.5,1755927899999
1755927900000,3.0496,3.0531,2.9491,3.0492,170542.0,1755928199999
1755928200000,3.0493,3.0521,2.9502,3.0516,148769.0,1755928499999
1755928500000,3.0516,3.0529,3.051,3.052,78470.2,1755928799999
1755928800000,3.0521,3.0569,3.0488,3.0569,42974.8,1755929099999
1755929100000,3.0573,3.0608,3.0545,3.0573,194666.4,1755929399999
1755929400000,3.0573,3.06,3.0454,3.0455,183436.0,1755929699999
1755929700000,3.0459,3.0545,2.9469,3.0535,199610.7,1755929999999
1755930000000,3.0535,3.0558,3.0504,3.0542,92622.9,1755930299999
1755930300000,3.0542,3.0571,3.0521,3.0531,42477.6,1755930599999
1755930600000,3.053,3.0587,3.0522,3.0568,71440.0,1755930899999
1755930900000,3.0571,3.0658,3.0512,3.0603,142714.8,1755931199999
1755931200000,3.0601,3.0634,3.057,3.0595,56219.6,1755931499999
1755931500000,3.0596,3.0626,2.9995,3.0581,95506.5,1755931799999
1755931800000,3.0581,3.06,3.0555,3.0599,10555.2,1755932099999
1755932100000,3.0599,3.0623,3.058,3.0616,42472.0,1755932399999
1755932400000,3.0617,3.0642,3.0605,3.0608,26166.3,1755932699999
1755932700000,3.0608,3.0619,3.0579,3.0605,53894.2,1755932999999
1755933000000,3.0606,3.0707,3.0605,3.0697,31694.6,1755933299999
1755933300000,3.0703,3.0713,3.0627,3.0641,31138.9,1755933599999
1755933600000,3.0634,3.0636,3.0592,3.0592,6592.9,1755933899999
1755933900000,3.0592,3.0597,3.055,3.0551,48080.0,1755934199999
1755934200000,3.0551,3.0552,3.0499,3.0514,56039.5,1755934499999
1755934500000,3.0515,3.0645,2.9472,3.0597,101250.7,1755934799999
1755934800000,3.0598,3.0676,2.9472,3.0661,42317.8,1755935099999
1755935100000,3.0661,3.0661,3.0573,3.0591,47853.6,1755935399999
1755935400000,3.0592,3.0616,3.0582,3.0601,40094.6,1755935699999
1755935700000,3.06,3.0627,2.947,3.0595,206786.0,1755935999999
1755936000000,3.0589,3.0695,3.0589,3.0667,99091.5,1755936299999
1755936300000,3.0674,3.0703,3.0637,3.0637,119132.3,1755936599999
1755936600000,3.0638,3.0642,3.0574,3.0575,74826.3,1755936899999
1755936900000,3.0575,3.0615,2.947,3.0603,74643.3,1755937199999
1755937200000,3.0603,3.0604,3.0493,3.0528,350827.9,1755937499999
1755937500000,3.0526,3.0559,3.0443,3.0473,146613.2,1755937799999
1755937800000,3.0472,3.0531,3.0444,3.0526,39980.2,1755938099999
1755938100000,3.0525,3.0566,2.9863,3.0564,35630.2,1755938399999
1755938400000,3.0563,3.0576,3.0495,3.0557,102265.7,1755938699999
1755938700000,3.0556,3.0587,3.0529,3.053,95226.9,1755938999999
1755939000000,3.0529,3.0547,3.0485,3.0511,54741.4,1755939299999
1755939300000,3.0512,3.0512,3.049,3.0491,14862.6,1755939599999
1755939600000,3.0491,3.0509,3.0447,3.0466,112210.3,1755939899999
1755939900000,3.0466,3.0466,3.0366,3.042,222179.8,1755940199999
1755940200000,3.0421,3.046,3.0408,3.046,72634.7,1755940499999
1755940500000,3.046,3.0461,2.947,3.042,114603.6,1755940799999
1755940800000,3.042,3.0455,3.0397,3.0449,172267.7,1755941099999
1755941100000,3.0451,3.0461,3.0438,3.0452,67630.3,1755941399999
1755941400000,3.0452,3.05,2.94,3.0466,64903.4,1755941699999
1755941700000,3.0465,3.0475,3.0433,3.0433,61522.7,1755941999999
1755942000000,3.0444,3.0454,3.0428,3.0447,41252.1,1755942299999
1755942300000,3.0447,3.0451,3.0426,3.0451,50015.7,1755942599999
1755942600000,3.0451,3.0516,3.0409,3.0482,53569.6,1755942899999
1755942900000,3.0481,3.0486,3.0441,3.0472,15519.9,1755943199999
1755943200000,3.0471,3.0489,3.046,3.0489,23170.2,1755943499999
1755943500000,3.0462,3.0489,3.0348,3.0348,43315.6,1755943799999
1755943800000,3.035,3.0385,3.0,3.0363,179496.7,1755944099999
1755944100000,3.0365,3.0393,3.0324,3.0325,66508.8,1755944399999
1755944400000,3.0324,3.034,3.0304,3.034,84292.6,1755944699999
1755944700000,3.0341,3.0345,3.0,3.0343,70885.2,1755944999999
1755945000000,3.0345,3.0369,3.0342,3.0359,12684.0,1755945299999
1755945300000,3.0359,3.0359,3.0,3.0283,60314.0,1755945599999
1755945600000,3.0291,3.0328,3.028,3.0312,21097.8,1755945899999
1755945900000,3.0312,3.038,3.0303,3.0356,80146.5,1755946199999
1755946200000,3.0356,3.0369,3.0301,3.0327,36543.1,1755946499999
1755946500000,3.0327,3.0332,3.03,3.0302,59385.1,1755946799999
1755946800000,3.0301,3.0346,3.0289,3.0343,70102.9,1755947099999
1755947100000,3.0344,3.0393,3.0344,3.0392,36514.8,1755947399999
1755947400000,3.0393,3.0405,3.0,3.0401,66928.6,1755947699999
1755947700000,3.0402,3.0406,3.035,3.0351,38491.0,1755947999999
1755948000000,3.0351,3.0383,3.0345,3.0345,16547.8,1755948299999
1755948300000,3.0345,3.0347,3.0309,3.0309,59355.4,1755948599999
1755948600000,3.0309,3.032,3.0282,3.032,111734.3,1755948899999
1755948900000,3.032,3.0376,3.0312,3.0375,56132.2,1755949199999
1755949200000,3.0375,3.0433,3.0358,3.0432,16106.9,1755949499999
1755949500000,3.0432,3.15,2.94,3.0485,928279.4,1755949799999
1755949800000,3.0485,3.0502,3.0419,3.0441,72167.9,1755950099999
1755950100000,3.0442,3.0442,3.0376,3.0421,54824.2,1755950399999
1755950400000,3.0421,3.15,3.0291,3.0294,221279.4,1755950699999
1755950700000,3.031,3.0378,3.0308,3.0376,55639.5,1755950999999
1755951000000,3.0374,3.0396,2.941,3.0364,115703.1,1755951299999
1755951300000,3.0371,3.0441,3.0361,3.0411,53548.9,1755951599999
1755951600000,3.0426,3.0426,3.0364,3.0373,103394.7,1755951899999
1755951900000,3.0382,3.0412,2.9407,3.0398,93801.1,1755952199999
1755952200000,3.0398,3.0408,3.0354,3.0404,189491.8,1755952499999
1755952500000,3.0404,3.0435,3.0363,3.0429,56801.2,1755952799999
1755952800000,3.0429,3.0432,3.039,3.0398,89114.2,1755953099999
1755953100000,3.0398,3.15,2.9401,3.0372,250088.4,1755953399999
1755953400000,3.0371,3.0373,3.0317,3.0317,28751.0,1755953699999
1755953700000,3.0318,3.0322,3.0284,3.0313,43629.4,1755953999999
1755954000000,3.0312,3.0322,3.0266,3.0319,95002.7,1755954299999
1755954300000,3.0321,3.0322,3.0287,3.0306,93749.2,1755954599999
1755954600000,3.0306,3.0313,2.9343,3.0295,333395.8,1755954899999
1755954900000,3.0295,3.0309,3.0253,3.0268,68327.7,1755955199999
1755955200000,3.0267,3.0273,3.0232,3.0244,148946.0,1755955499999
1755955500000,3.0244,3.0275,2.94,3.0226,56424.0,1755955799999
1755955800000,3.0225,3.0225,3.0172,3.0187,82421.9,1755956099999
1755956100000,3.0189,3.0189,3.0118,3.0123,78370.3,1755956399999
1755956400000,3.0123,3.0163,3.0111,3.0138,94118.7,1755956699999
1755956700000,3.0139,3.0227,3.0137,3.0224,20690.1,1755956999999
1755957000000,3.0225,3.0242,3.0195,3.0196,77864.9,1755957299999
1755957300000,3.0195,3.0195,3.0115,3.0141,106438.2,1755957599999
1755957600000,3.0144,3.0162,2.94,3.0127,277956.3,1755957899999
1755957900000,3.0126,3.0163,3.0108,3.0163,69024.5,1755958199999
1755958200000,3.0164,3.0228,3.0146,3.0163,65295.1,1755958499999
1755958500000,3.0166,3.0219,3.0119,3.0212,143970.1,1755958799999
1755958800000,3.0212,3.025,3.0212,3.0245,10653.6,1755959099999
1755959100000,3.0246,3.0268,3.0212,3.0268,77878.4,1755959399999
1755959400000,3.0268,3.0332,3.0267,3.0272,116688.3,1755959699999
1755959700000,3.0264,3.15,3.01,3.01,51253.6,1755959999999
1755960000000,3.01,3.0119,3.0068,3.0113,36719.4,1755960299999
1755960300000,3.0113,3.016,3.0099,3.0142,138249.4,1755960599999
1755960600000,3.0142,3.15,3.0109,3.0123,82389.9,1755960899999
1755960900000,3.0123,3.0131,3.0093,3.0131,89416.6,1755961199999
1755961200000,3.0147,3.019,3.0145,3.0181,57222.6,1755961499999
1755961500000,3.0181,3.0185,3.0159,3.017,48478.4,1755961799999
1755961800000,3.017,3.0187,3.0142,3.0149,42145.1,1755962099999
1755962100000,3.0149,3.0179,2.94,3.0178,60235.3,1755962399999
1755962400000,3.0164,3.0204,2.94,3.0194,90071.3,1755962699999
1755962700000,3.0194,3.0234,3.0166,3.0222,100104.3,1755962999999
1755963000000,3.0224,3.027,3.0176,3.0198,100436.4,1755963299999
1755963300000,3.0198,3.0208,3.0182,3.0196,44257.1,1755963599999
1755963600000,3.0196,3.0226,2.94,3.0191,53819.7,1755963899999
1755963900000,3.0192,3.0209,3.0167,3.0186,100497.0,1755964199999
1755964200000,3.0186,3.0218,3.0172,3.0185,94708.3,1755964499999
1755964500000,3.0186,3.0218,3.0153,3.0176,54967.1,1755964799999
1755964800000,3.0175,3.0204,3.0157,3.0182,98676.6,1755965099999
1755965100000,3.0181,3.0185,3.0142,3.0182,54094.5,1755965399999
1755965400000,3.0181,3.0188,3.0134,3.0136,61971.8,1755965699999
1755965700000,3.0136,3.0197,3.0134,3.0186,34265.3,1755965999999
1755966000000,3.0186,3.0217,3.0098,3.019,117928.0,1755966299999
1755966300000,3.0194,3.0267,3.0172,3.0202,176303.4,1755966599999
1755966600000,3.0202,3.0202,3.0173,3.0176,16387.2,1755966899999
1755966900000,3.0176,3.0185,3.0118,3.0118,61998.6,1755967199999
1755967200000,3.0118,3.0119,3.01,3.01,64584.8,1755967499999
1755967500000,3.0101,3.0144,3.01,3.0127,11941.7,1755967799999
1755967800000,3.0129,3.0208,3.0116,3.0208,116960.8,1755968099999
1755968100000,3.0208,3.0208,3.0181,3.0202,61915.2,1755968399999
1755968400000,3.0202,3.0242,3.0188,3.0237,44577.1,1755968699999
1755968700000,3.0236,3.0243,3.0216,3.0233,49438.2,1755968999999
1755969000000,3.0233,3.0233,3.0203,3.0206,91485.3,1755969299999
1755969300000,3.0206,3.0242,3.019,3.019,44468.1,1755969599999
1755969600000,3.0191,3.15,2.94,3.0193,180983.9,1755969899999
1755969900000,3.0194,3.0199,3.0155,3.0161,111708.6,1755970199999
1755970200000,3.016,3.0174,3.0148,3.0166,85178.2,1755970499999
1755970500000,3.0166,3.0215,2.94,3.0215,5153.1,1755970799999
1755970800000,3.0215,3.0231,3.0203,3.0214,47374.6,1755971099999
1755971100000,3.0213,3.0243,3.0185,3.0201,137266.2,1755971399999
1755971400000,3.0197,3.0221,3.0174,3.0176,100915.5,1755971699999
1755971700000,3.0176,3.0178,3.0171,3.0173,22240.2,1755971999999
1755972000000,3.0173,3.0195,3.0166,3.0168,34402.2,1755972299999
1755972300000,3.0168,3.0171,3.0138,3.0158,56113.5,1755972599999
1755972600000,3.0158,3.0173,3.0138,3.0138,16082.8,1755972899999
1755972900000,3.0141,3.0198,2.96,3.015,86711.5,1755973199999
1755973200000,3.0151,3.0198,3.0127,3.0197,54801.8,1755973499999
1755973500000,3.0197,3.0202,2.96,3.0188,13320.9,1755973799999
1755973800000,3.0188,3.0488,3.0114,3.0187,95686.2,1755974099999
1755974100000,3.0188,3.0191,3.0133,3.0133,190140.0,1755974399999
1755974400000,3.0144,3.0205,2.9605,3.0205,37776.0,1755974699999
1755974700000,3.0205,3.0211,3.0189,3.0198,56153.1,1755974999999
1755975000000,3.0198,3.0211,3.0155,3.017,87910.0,1755975299999
1755975300000,3.0168,3.0222,3.0155,3.0216,27616.3,1755975599999
1755975600000,3.0217,3.0222,3.02,3.0205,42140.2,1755975899999
1755975900000,3.0207,3.0277,3.0182,3.0277,129758.3,1755976199999
1755976200000,3.0276,3.0278,2.9605,3.0266,62101.3,1755976499999
1755976500000,3.0266,3.0272,3.0246,3.0269,32592.5,1755976799999
1755976800000,3.0268,3.0288,3.0239,3.0282,181290.2,1755977099999
1755977100000,3.0282,3.0282,3.0259,3.0271,83810.7,1755977399999
1755977400000,3.0271,3.0281,3.023,3.0275,144713.1,1755977699999
1755977700000,3.0275,3.0282,3.0256,3.0282,50609.1,1755977999999
1755978000000,3.0285,3.0289,3.0266,3.0277,68983.5,1755978299999
1755978300000,3.0271,3.0293,3.0242,3.0276,91752.9,1755978599999
1755978600000,3.0276,3.0296,3.0222,3.0276,135740.1,1755978899999
1755978900000,3.0276,3.0313,3.0265,3.0286,170857.0,1755979199999
1755979200000,3.0286,3.0314,3.028,3.0293,7459.5,1755979499999
1755979500000,3.0293,3.0334,3.0277,3.0281,30419.8,1755979799999
1755979800000,3.0281,3.0305,3.0264,3.0291,69854.7,1755980099999
1755980100000,3.0293,3.0308,2.94,3.0308,320988.1,1755980399999
1755980400000,3.0308,3.0313,3.0296,3.0312,48856.4,1755980699999
1755980700000,3.0313,3.0324,3.0288,3.0295,104778.4,1755980999999
1755981000000,3.0294,3.0324,3.0292,3.0307,68823.2,1755981299999
1755981300000,3.0307,3.0324,3.0262,3.0262,72965.6,1755981599999
1755981600000,3.0263,3.0275,3.0241,3.0271,50644.9,1755981899999
1755981900000,3.0272,3.0308,3.0241,3.0308,47578.9,1755982199999
1755982200000,3.0303,3.0332,3.0271,3.033,60600.9,1755982499999
1755982500000,3.033,3.0353,3.0274,3.0315,191379.4,1755982799999
1755982800000,3.0314,3.033,3.0259,3.0264,275779.2,1755983099999
1755983100000,3.0264,3.033,3.0257,3.0291,43293.9,1755983399999
1755983400000,3.0292,3.0488,3.0244,3.0328,163860.0,1755983699999
1755983700000,3.0327,3.0374,2.94,3.0334,428975.1,1755983999999
1755984000000,3.0335,3.0383,3.0268,3.0272,334509.0,1755984299999
1755984300000,3.0283,3.0297,3.024,3.0251,95753.3,1755984599999
1755984600000,3.0262,3.0284,3.0245,3.027,64161.8,1755984899999
1755984900000,3.0273,3.031,3.0253,3.0306,43156.4,1755985199999
1755985200000,3.0302,3.0315,3.0264,3.029,60380.6,1755985499999
1755985500000,3.0289,3.0304,3.0277,3.0285,59967.2,1755985799999
1755985800000,3.0285,3.0321,3.0282,3.0321,94525.8,1755986099999
1755986100000,3.0321,3.033,3.0309,3.0318,53327.9,1755986399999
1755986400000,3.0319,3.0351,3.0294,3.0297,121051.8,1755986699999
1755986700000,3.03,3.042,3.0266,3.0408,23638.6,1755986999999
1755987000000,3.0407,3.0408,3.0323,3.0402,202028.3,1755987299999
1755987300000,3.0402,3.0402,3.0377,3.0378,9156.0,1755987599999
1755987600000,3.0378,3.0389,3.0351,3.0363,43706.7,1755987899999
1755987900000,3.0369,3.0377,3.0266,3.0271,48365.8,1755988199999
1755988200000,3.0271,3.04,3.0,3.0372,195836.0,1755988499999
1755988500000,3.0007,3.0421,3.0,3.0418,96415.8,1755988799999
1755988800000,3.0418,3.0443,3.0,3.0391,79577.5,1755989099999
1755989100000,3.0394,3.0425,3.0,3.0305,88123.4,1755989399999
1755989400000,3.0305,3.0446,3.0,3.0437,204933.5,1755989699999
1755989700000,3.0435,3.0488,3.0,3.0488,179518.5,1755989999999
1755990000000,3.047,3.0511,3.0437,3.0473,72156.9,1755990299999
1755990300000,3.0472,3.0512,3.0457,3.0472,65662.5,1755990599999
1755990600000,3.0465,3.0521,3.0434,3.0481,69173.6,1755990899999
1755990900000,3.0483,3.15,3.0415,3.0479,62740.3,1755991199999
1755991200000,3.0479,3.0507,3.0452,3.0503,65348.6,1755991499999
1755991500000,3.0502,3.1037,3.0,3.0543,93934.3,1755991799999
1755991800000,3.0547,3.0552,2.94,3.0519,186718.2,1755992099999
1755992100000,3.0519,3.0519,3.0508,3.0508,22547.1,1755992399999
1755992400000,3.0508,3.0508,3.0485,3.0486,77136.7,1755992699999
1755992700000,3.0486,3.0531,3.0462,3.0495,84574.5,1755992999999
1755993000000,3.0494,3.0497,3.0453,3.046,72941.5,1755993299999
1755993300000,3.0463,3.0475,3.0448,3.0454,37697.8,1755993599999
1755993600000,3.0455,3.0506,3.0,3.0502,98038.9,1755993899999
1755993900000,3.0028,3.0822,3.0,3.0474,65313.7,1755994199999
1755994200000,3.0472,3.0994,3.0,3.0493,53620.6,1755994499999
1755994500000,3.0491,3.0519,3.0,3.0489,64577.3,1755994799999
1755994800000,3.0489,3.0509,3.0,3.0503,70117.4,1755995099999
1755995100000,3.0445,3.0538,3.0,3.051,24545.2,1755995399999
1755995400000,3.0509,3.0593,3.0,3.0582,62637.3,1755995699999
1755995700000,3.0581,3.0597,3.0567,3.0596,63092.9,1755995999999
1755996000000,3.0595,3.0625,3.058,3.0621,43931.4,1755996299999
1755996300000,3.0621,3.0625,3.0583,3.0584,65788.1,1755996599999
1755996600000,3.0583,3.0625,3.0548,3.0585,41164.7,1755996899999
1755996900000,3.0584,3.0596,3.056,3.0563,56044.8,1755997199999
1755997200000,3.0562,3.15,3.0,3.0536,245577.8,1755997499999
1755997500000,3.0536,3.0557,3.0525,3.0525,49566.0,1755997799999
1755997800000,3.0522,3.0531,3.0482,3.0495,26319.0,1755998099999
1755998100000,3.0496,3.0615,3.0491,3.0536,67152.1,1755998399999
1755998400000,3.0536,3.0547,3.0533,3.0544,22727.2,1755998699999
1755998700000,3.0546,3.0556,3.0522,3.0522,31286.7,1755998999999
1755999000000,3.0521,3.0577,3.0514,3.0548,31331.8,1755999299999
1755999300000,3.0549,3.0606,3.0534,3.0592,50948.6,1755999599999
1755999600000,3.0593,3.0644,3.0544,3.0637,32143.1,1755999899999
1755999900000,3.0637,3.0747,3.0635,3.0747,136369.6,1756000199999
1756000200000,3.0745,3.0985,3.0,3.0875,42718.9,1756000499999
1756000500000,3.0875,3.0883,3.0728,3.0742,39829.0,1756000799999
1756000800000,3.0742,3.0771,3.0484,3.0771,35700.7,1756001099999
1756001100000,3.0772,3.0778,3.0743,3.0778,61848.5,1756001399999
1756001400000,3.0763,3.0763,2.9679,3.0567,190389.3,1756001699999
1756001700000,3.0567,3.066,2.94,3.0654,86672.6,1756001999999
1756002000000,3.0653,3.0923,3.055,3.061,21521.7,1756002299999
1756002300000,3.0609,3.0682,2.9406,3.0634,86283.6,1756002599999
1756002600000,3.063,3.067,3.0581,3.065,180975.8,1756002899999
1756002900000,3.065,3.0653,3.0625,3.0626,18799.6,1756003199999
1756003200000,3.0626,3.0678,3.0626,3.0658,25685.5,1756003499999
1756003500000,3.0658,3.0661,3.0608,3.062,62898.5,1756003799999
1756003800000,3.062,3.0661,3.0614,3.0614,9780.0,1756004099999
1756004100000,3.0616,3.0619,2.941,3.056,29596.9,1756004399999
1756004400000,3.056,3.0571,3.0483,3.0571,17281.8,1756004699999
1756004700000,3.0571,3.0923,3.0501,3.0519,44714.1,1756004999999
1756005000000,3.0509,3.0509,3.0481,3.0491,37247.9,1756005299999
1756005300000,3.0491,3.0506,3.0443,3.0498,26375.0,1756005599999
1756005600000,3.0499,3.0532,3.0472,3.0525,69589.7,1756005899999
1756005900000,3.0525,3.0525,2.9411,3.0456,92724.1,1756006199999
1756006200000,3.0456,3.0481,3.043,3.0457,63278.1,1756006499999
1756006500000,3.0459,3.0561,2.9411,3.0513,36915.3,1756006799999
1756006800000,3.0513,3.0515,3.0503,3.0503,16471.2,1756007099999
1756007100000,3.0503,3.0503,3.0475,3.0497,27819.9,1756007399999
1756007400000,3.0497,3.0548,3.0485,3.0548,34639.3,1756007699999
1756007700000,3.0544,3.0561,3.0517,3.0517,31405.4,1756007999999
1756008000000,3.0518,3.0553,3.0515,3.0534,26722.5,1756008299999
1756008300000,3.0534,3.0534,3.0455,3.0455,81914.0,1756008599999
1756008600000,3.0454,3.0508,3.0452,3.0504,25538.0,1756008899999
1756008900000,3.0504,3.0507,3.0458,3.0477,45729.9,1756009199999
1756009200000,3.0479,3.0507,3.0473,3.049,26786.3,1756009499999
1756009500000,3.049,3.0492,3.0445,3.0449,33278.5,1756009799999
1756009800000,3.045,3.047,3.0401,3.0451,33340.8,1756010099999
1756010100000,3.0452,3.0498,3.0423,3.0423,64332.4,1756010399999
1756010400000,3.0424,3.0449,3.0415,3.0449,32159.1,1756010699999
1756010700000,3.0448,3.0451,3.0433,3.0434,11512.7,1756010999999
1756011000000,3.0433,3.0479,3.0424,3.0479,25460.3,1756011299999
1756011300000,3.048,3.0486,3.0443,3.0443,22163.5,1756011599999
1756011600000,3.0463,3.0501,3.0,3.0474,13283.7,1756011899999
1756011900000,3.0478,3.0486,3.0451,3.0467,28338.8,1756012199999
1756012200000,3.0497,3.15,2.9411,3.0512,101778.8,1756012499999
1756012500000,3.0512,3.0533,3.0492,3.0499,78858.3,1756012799999
1756012800000,3.0499,3.0535,3.0474,3.0521,26672.6,1756013099999
1756013100000,3.0521,3.0521,3.0474,3.048,35953.8,1756013399999
1756013400000,3.0479,3.0494,3.0468,3.049,29058.7,1756013699999
1756013700000,3.049,3.049,3.0452,3.0459,41509.4,1756013999999
1756014000000,3.046,3.0516,3.046,3.0505,30830.7,1756014299999
1756014300000,3.0504,3.0505,3.0456,3.0456,46893.2,1756014599999
1756014600000,3.0457,3.0506,3.0435,3.0437,9527.3,1756014899999
1756014900000,3.0437,3.048,3.0437,3.0478,14654.2,1756015199999
1756015200000,3.0478,3.048,3.0469,3.0469,13810.9,1756015499999
1756015500000,3.0469,3.0469,3.0404,3.0446,41907.6,1756015799999
1756015800000,3.0446,3.045,3.0437,3.0437,9444.3,1756016099999
1756016100000,3.0439,3.0463,3.0329,3.0343,122884.8,1756016399999
1756016400000,3.037,3.0452,3.037,3.04,10227.3,1756016699999
1756016700000,3.04,3.0476,3.0399,3.0427,10807.0,1756016999999
1756017000000,3.0427,3.15,3.0313,3.0314,5683.8,1756017299999
1756017300000,3.0313,3.0357,3.0291,3.0309,33409.0,1756017599999
1756017600000,3.0309,3.0351,3.0307,3.035,21214.0,1756017899999
1756017900000,3.035,3.035,3.0294,3.0312,33731.5,1756018199999
1756018200000,3.0312,3.0362,3.0294,3.0352,35709.7,1756018499999
1756018500000,3.0351,3.0362,3.0299,3.0317,60428.3,1756018799999
1756018800000,3.0316,3.0319,3.0302,3.0313,14383.5,1756019099999
1756019100000,3.0314,3.0364,3.031,3.0355,22042.9,1756019399999
1756019400000,3.0349,3.0413,3.0339,3.0402,29499.9,1756019699999
1756019700000,3.0407,3.0427,3.0309,3.0309,113716.5,1756019999999
1756020000000,3.032,3.0385,2.9411,3.0377,317782.7,1756020299999
1756020300000,3.0377,3.0413,3.0353,3.0407,150774.6,1756020599999
1756020600000,3.0406,3.0457,3.0378,3.0429,64874.3,1756020899999
1756020900000,3.0429,3.0476,2.9411,3.0439,409825.3,1756021199999
1756021200000,3.0448,3.0463,3.0422,3.0422,38073.1,1756021499999
1756021500000,3.0422,3.0449,3.042,3.0423,51114.5,1756021799999
1756021800000,3.0422,3.0445,3.0389,3.0389,87482.5,1756022099999
1756022100000,3.0389,3.0395,3.0344,3.0345,21888.2,1756022399999
1756022400000,3.0347,3.0352,3.0275,3.0327,6153.8,1756022699999
1756022700000,3.0326,3.042,2.9411,3.042,8915.6,1756022999999
1756023000000,3.0203,3.0452,2.9411,3.045,17651.5,1756023299999
1756023300000,3.045,3.0465,3.0428,3.0428,44689.6,1756023599999
1756023600000,3.0428,3.0428,3.0353,3.0397,45477.6,1756023899999
1756023900000,3.0398,3.0438,3.0352,3.0402,32146.2,1756024199999
1756024200000,3.0401,3.0401,3.0356,3.0362,32848.6,1756024499999
1756024500000,3.0362,3.0374,3.033,3.0365,16185.8,1756024799999
1756024800000,3.0365,3.0368,3.0333,3.0339,12984.1,1756025099999
1756025100000,3.0338,3.0369,3.03,3.0359,55339.3,1756025399999
1756025400000,3.0361,3.0404,3.036,3.0401,24015.0,1756025699999
1756025700000,3.0401,3.0405,3.0387,3.0394,12280.9,1756025999999
1756026000000,3.0394,3.0399,3.0387,3.0399,26523.1,1756026299999
1756026300000,3.0399,3.04,3.0347,3.0357,28398.5,1756026599999
1756026600000,3.0353,3.0357,3.028,3.0291,105363.9,1756026899999
1756026900000,3.0291,3.0304,3.0258,3.0271,16713.8,1756027199999
1756027200000,3.0272,3.0311,3.024,3.0289,20851.5,1756027499999
1756027500000,3.0288,3.0292,3.025,3.0274,26774.7,1756027799999
1756027800000,3.0273,3.0292,3.023,3.0292,50690.1,1756028099999
1756028100000,3.0292,3.0364,3.0218,3.0335,76199.6,1756028399999
1756028400000,3.0335,3.0354,3.0303,3.0351,75127.7,1756028699999
1756028700000,3.0351,3.0363,3.0309,3.0309,37347.8,1756028999999
1756029000000,3.0311,3.0328,3.0238,3.0255,94139.2,1756029299999
1756029300000,3.0265,3.0267,2.9411,3.0262,203064.7,1756029599999
1756029600000,3.0246,3.0252,3.023,3.024,28100.1,1756029899999
1756029900000,3.024,3.0242,2.9086,3.0204,807495.9,1756030199999
1756030200000,3.0205,3.15,3.0177,3.0373,2385954.6,1756030499999
1756030500000,3.1412,3.1954,3.0174,3.06,4998722.6,1756030799999
1756030800000,3.06,3.3164,3.06,3.06,3126489.0,1756031099999
1756031100000,3.0762,3.0773,3.0155,3.0156,1310225.2,1756031399999
1756031400000,3.0157,3.0158,3.0091,3.0094,141272.5,1756031699999
1756031700000,3.0094,3.0132,3.0054,3.0054,12643.1,1756031999999
1756032000000,3.0041,3.0129,3.0041,3.0129,17338.5,1756032299999
1756032300000,3.013,3.0447,3.013,3.0136,83911.4,1756032599999
1756032600000,3.0136,3.0184,2.9063,3.0172,75584.2,1756032899999
1756032900000,3.0172,3.0181,3.0123,3.0127,16035.4,1756033199999
1756033200000,3.0127,3.0129,3.0067,3.0117,60273.1,1756033499999
1756033500000,3.0119,3.0146,3.0063,3.0063,101105.0,1756033799999
1756033800000,3.0063,3.0077,2.9077,3.0066,236964.2,1756034099999
1756034100000,3.0066,3.0078,3.0032,3.0032,72395.6,1756034399999
1756034400000,3.0032,3.0039,2.9081,3.003,148068.6,1756034699999
1756034700000,3.003,3.0091,3.003,3.0077,56942.7,1756034999999
1756035000000,3.0077,3.0132,3.0075,3.011,69221.0,1756035299999
1756035300000,3.011,3.0147,3.0088,3.0125,59350.7,1756035599999
1756035600000,3.0125,3.1981,3.007,3.007,64604.4,1756035899999
1756035900000,3.007,3.0076,3.0054,3.0056,53668.5,1756036199999
1756036200000,3.0083,3.0857,2.9109,3.0062,459764.7,1756036499999
1756036500000,3.0062,3.0102,3.0058,3.0065,63091.6,1756036799999
1756036800000,3.0071,3.0111,3.0049,3.0063,92077.6,1756037099999
1756037100000,3.0064,3.008,3.0048,3.0072,78130.2,1756037399999
1756037400000,3.0069,3.0167,3.0062,3.0143,228018.0,1756037699999
1756037700000,3.0145,3.0151,3.0091,3.015,151333.1,1756037999999
1756038000000,3.015,3.0181,3.0145,3.0145,98146.5,1756038299999
1756038300000,3.0145,3.0145,3.008,3.0114,9543.1,1756038599999
1756038600000,3.0113,3.0795,2.9062,3.0124,47071.6,1756038899999
1756038900000,3.0122,3.0122,3.0,3.0,120481.6,1756039199999
1756039200000,3.0019,3.0074,3.0,3.0,87050.0,1756039499999
1756039500000,3.002,3.012,3.0,3.0098,444268.5,1756039799999
1756039800000,3.0099,3.0143,3.0,3.007,39270.4,1756040099999
1756040100000,3.0136,3.0179,3.0068,3.0173,73000.3,1756040399999
1756040400000,3.0173,3.0176,3.0,3.0153,36246.7,1756040699999
1756040700000,3.0154,3.0177,3.0115,3.0177,50292.2,1756040999999
1756041000000,3.0177,3.0178,3.0079,3.0131,64166.9,1756041299999
1756041300000,3.013,3.0188,3.0125,3.0188,42064.5,1756041599999
1756041600000,3.0188,3.0189,3.0137,3.0161,83796.6,1756041899999
1756041900000,3.0161,3.0205,3.014,3.0195,42764.9,1756042199999
1756042200000,3.0195,3.021,3.016,3.0178,46994.3,1756042499999
1756042500000,3.0193,3.0257,3.0,3.0219,99302.4,1756042799999
1756042800000,3.0218,3.0218,3.0185,3.0197,51783.7,1756043099999
1756043100000,3.0197,3.0218,3.017,3.0197,114171.6,1756043399999
1756043400000,3.0197,3.0212,3.0,3.0195,64636.1,1756043699999
1756043700000,3.0195,3.0207,3.0176,3.0176,36500.0,1756043999999
1756044000000,3.0187,3.0207,3.0107,3.0107,44397.2,1756044299999
1756044300000,3.0126,3.0183,3.0,3.0165,68120.1,1756044599999
1756044600000,3.0166,3.0181,3.0131,3.0159,82905.7,1756044899999
1756044900000,3.0158,3.0232,3.0,3.023,9417.2,1756045199999
1756045200000,3.023,3.023,2.94,3.0183,80959.9,1756045499999
1756045500000,3.0184,3.0184,2.94,3.0146,112083.8,1756045799999
1756045800000,3.0146,3.0147,3.013,3.0131,41329.2,1756046099999
1756046100000,3.0131,3.0147,3.0101,3.0111,34361.3,1756046399999
1756046400000,3.011,3.0138,3.0088,3.0113,83084.0,1756046699999
1756046700000,3.0116,3.15,3.0103,3.0151,30539.7,1756046999999
1756047000000,3.015,3.0203,2.94,3.0203,241944.1,1756047299999
1756047300000,3.0203,3.0226,3.02,3.0215,51672.6,1756047599999
1756047600000,3.0215,3.0251,3.0194,3.0251,23316.8,1756047899999
1756047900000,3.0255,3.0371,3.0251,3.0346,11568.6,1756048199999
1756048200000,3.0345,3.0375,3.0342,3.0357,23183.0,1756048499999
1756048500000,3.0357,3.0374,3.0291,3.0333,61803.5,1756048799999
1756048800000,3.0337,3.0394,2.94,3.0344,131256.2,1756049099999
1756049100000,3.0358,3.0394,3.0344,3.036,86328.8,1756049399999
1756049400000,3.0355,3.0355,3.0327,3.0339,63239.5,1756049699999
1756049700000,3.0339,3.0339,3.0323,3.0323,30656.7,1756049999999
1756050000000,3.0323,3.0323,3.0286,3.0286,12207.6,1756050299999
1756050300000,3.0286,3.0295,3.0241,3.025,43237.9,1756050599999
1756050600000,3.0251,3.0251,2.94,3.0139,153099.6,1756050899999
1756050900000,3.0143,3.0177,3.0121,3.0155,84603.9,1756051199999
1756051200000,3.0151,3.0168,3.0132,3.0132,67825.9,1756051499999
1756051500000,3.0133,3.0183,3.0125,3.0179,92811.2,1756051799999
1756051800000,3.0179,3.0234,2.94,3.0227,100950.8,1756052099999
1756052100000,3.0229,3.0287,2.94,3.0205,121260.2,1756052399999
1756052400000,3.0204,3.0249,3.0197,3.0212,195176.5,1756052699999
1756052700000,3.0212,3.0229,3.0163,3.0185,76077.7,1756052999999
1756053000000,3.0183,3.022,3.017,3.0189,126887.4,1756053299999
1756053300000,3.0189,3.022,3.017,3.0218,29251.8,1756053599999
1756053600000,3.0219,3.0284,2.94,3.0243,108861.6,1756053899999
1756053900000,3.0243,3.0274,3.0176,3.0249,145852.0,1756054199999
1756054200000,3.0263,3.0291,2.94,3.0281,129991.8,1756054499999
1756054500000,3.0285,3.0318,3.0267,3.0297,81351.2,1756054799999
1756054800000,3.0297,3.15,3.0279,3.0334,120183.3,1756055099999
1756055100000,3.0334,3.0354,2.94,3.0344,58111.3,1756055399999
1756055400000,3.0344,3.0414,3.0278,3.0353,123855.0,1756055699999
1756055700000,3.0357,3.0422,2.95,3.0348,154767.4,1756055999999
1756056000000,3.0349,3.0419,2.95,3.0356,258528.7,1756056299999
1756056300000,3.0357,3.0393,3.0327,3.0355,207253.8,1756056599999
1756056600000,3.0356,3.0403,3.031,3.0358,109668.9,1756056899999
1756056900000,3.0357,3.0396,2.96,3.0395,68207.5,1756057199999
1756057200000,3.0305,3.0615,2.96,3.0615,236370.5,1756057499999
1756057500000,3.0615,3.0628,3.0588,3.0592,114776.2,1756057799999
1756057800000,3.0594,3.0629,3.0531,3.0546,142600.8,1756058099999
1756058100000,3.0542,3.0585,3.0474,3.0498,113597.8,1756058399999
1756058400000,3.0497,3.0497,3.0435,3.0449,251545.2,1756058699999
1756058700000,3.0453,3.0568,3.0403,3.0501,231432.1,1756058999999
1756059000000,3.0501,3.0572,2.965,3.0571,284175.1,1756059299999
1756059300000,3.0572,3.0729,3.0556,3.0712,191905.7,1756059599999
1756059600000,3.0718,3.0782,3.0708,3.0782,22326.5,1756059899999
1756059900000,3.0784,3.0805,3.0722,3.0722,168011.2,1756060199999
1756060200000,3.073,3.3992,2.94,3.0995,769315.2,1756060499999
1756060500000,3.0995,3.1085,3.0975,3.1023,196788.9,1756060799999
1756060800000,3.1029,3.1039,3.0963,3.1015,52463.7,1756061099999
1756061100000,3.1015,3.1132,2.94,3.1099,216055.7,1756061399999
1756061400000,3.109,3.402,3.109,3.1121,57921.7,1756061699999
1756061700000,3.1122,3.1144,3.1055,3.1108,72999.2,1756061999999
1756062000000,3.1104,3.1125,3.101,3.1116,128769.7,1756062299999
1756062300000,3.1116,3.1197,2.94,3.1196,25570.8,1756062599999
1756062600000,3.1196,3.1218,2.94,3.1161,101859.8,1756062899999
1756062900000,3.1168,3.126,3.116,3.1235,81093.6,1756063199999
1756063200000,3.1235,3.1268,3.1195,3.1195,67608.5,1756063499999
1756063500000,3.1194,3.1194,3.111,3.1144,27275.8,1756063799999
1756063800000,3.1145,3.1146,3.0733,3.0733,179646.1,1756064099999
1756064100000,3.0733,3.0744,2.9993,3.0363,290309.6,1756064399999
1756064400000,3.0494,3.0734,3.0313,3.0313,105518.2,1756064699999
1756064700000,3.0337,3.114,2.941,3.0391,178734.1,1756064999999
1756065000000,3.0391,3.0391,2.941,3.0235,85790.0,1756065299999
1756065300000,3.0235,3.0364,3.0154,3.0291,8643.3,1756065599999
1756065600000,3.029,3.0295,3.0174,3.0175,94734.0,1756065899999
1756065900000,3.0174,3.0174,3.0111,3.0123,98289.2,1756066199999
1756066200000,3.0117,3.0184,2.941,3.009,105949.5,1756066499999
1756066500000,3.0083,3.0237,3.0025,3.0203,68899.2,1756066799999
1756066800000,3.0204,3.0549,3.0186,3.038,108965.3,1756067099999
1756067100000,3.0378,3.0394,3.0298,3.0307,103468.2,1756067399999
1756067400000,3.0307,3.0389,3.0248,3.0262,208668.4,1756067699999
1756067700000,3.0262,3.0266,3.0243,3.0248,31272.6,1756067999999
1756068000000,3.0245,3.0376,3.0238,3.0372,79688.5,1756068299999
1756068300000,3.0374,3.038,3.0285,3.0285,107594.9,1756068599999
1756068600000,3.0285,3.0342,2.94,3.0315,173534.9,1756068899999
1756068900000,3.0314,3.034,3.0196,3.0263,71600.4,1756069199999
1756069200000,3.0262,3.0262,3.0082,3.0121,132291.8,1756069499999
1756069500000,3.0115,3.0218,3.008,3.0163,146142.1,1756069799999
1756069800000,3.0162,3.0243,2.94,3.0239,78089.0,1756070099999
1756070100000,3.0239,3.0333,3.0223,3.0228,32104.7,1756070399999
1756070400000,3.0228,3.0267,3.0217,3.0267,52473.3,1756070699999
1756070700000,3.0263,3.03,3.024,3.0271,41633.3,1756070999999
1756071000000,3.027,3.0367,3.0218,3.0367,76594.8,1756071299999
1756071300000,3.0365,3.0439,3.0363,3.0372,34004.7,1756071599999
1756071600000,3.0372,3.0392,3.0368,3.037,53551.6,1756071899999
1756071900000,3.0372,3.044,3.0355,3.043,85476.4,1756072199999
1756072200000,3.043,3.0439,3.0413,3.0417,33476.3,1756072499999
1756072500000,3.0415,3.0439,3.025,3.0272,83649.2,1756072799999
1756072800000,3.0272,3.0272,3.0182,3.0182,53728.8,1756073099999
1756073100000,3.0183,3.0183,3.0121,3.0142,52566.1,1756073399999
1756073400000,3.0142,3.0216,3.0141,3.0177,65866.1,1756073699999
1756073700000,3.0235,3.0235,3.0168,3.0213,31779.7,1756073999999
1756074000000,3.0213,3.0223,3.0065,3.0067,71406.8,1756074299999
1756074300000,3.0065,3.0105,3.005,3.0055,148878.0,1756074599999
1756074600000,3.0058,3.013,2.94,3.008,203156.8,1756074899999
1756074900000,3.0117,3.0159,2.94,3.0149,73311.7,1756075199999
1756075200000,3.015,3.0228,2.94,3.0198,126593.9,1756075499999
1756075500000,3.0205,3.0227,3.0205,3.0206,40190.2,1756075799999
1756075800000,3.0207,3.0309,2.95,3.0307,122070.7,1756076099999
1756076100000,3.0308,3.031,3.0255,3.0257,89792.9,1756076399999
1756076400000,3.0256,3.0372,3.025,3.0291,32944.2,1756076699999
1756076700000,3.0284,3.0312,3.009,3.0311,95598.7,1756076999999
1756077000000,3.0311,3.0312,3.03,3.0312,14810.2,1756077299999
1756077300000,3.0309,3.0365,2.95,3.036,67097.9,1756077599999
1756077600000,3.0362,3.0363,3.0325,3.0325,93684.9,1756077899999
1756077900000,3.0326,3.0377,2.95,3.0309,19963.0,1756078199999
1756078200000,3.0308,3.031,3.0287,3.029,59768.4,1756078499999
1756078500000,3.0289,3.035,3.0274,3.0286,48342.7,1756078799999
1756078800000,3.0306,3.0362,3.028,3.0324,68429.0,1756079099999
1756079100000,3.0339,3.0349,3.0272,3.0274,33002.2,1756079399999
1756079400000,3.0274,3.0274,3.0223,3.0228,100326.5,1756079699999
1756079700000,3.0229,3.0248,3.0223,3.0237,15799.4,1756079999999
1756080000000,3.0237,3.0308,3.0233,3.0308,14561.3,1756080299999
1756080300000,3.0307,3.0345,2.95,3.0331,321830.3,1756080599999
1756080600000,3.0333,3.0345,3.0255,3.0255,47932.2,1756080899999
1756080900000,3.0256,3.0256,3.0238,3.0238,39730.9,1756081199999
1756081200000,3.0239,3.0239,3.0161,3.0161,39896.2,1756081499999
1756081500000,3.0162,3.0194,3.0129,3.0129,23783.0,1756081799999
1756081800000,3.0129,3.0129,2.95,3.0072,57743.1,1756082099999
1756082100000,3.0082,3.0095,2.95,2.9928,41420.5,1756082399999
1756082400000,2.9722,2.9906,2.95,2.95,129019.3,1756082699999
1756082700000,2.95,2.991,2.95,2.9779,333628.8,1756082999999
1756083000000,2.9583,3.1888,2.95,2.9894,230817.6,1756083299999
1756083300000,2.9894,2.9929,2.95,2.9914,18045.2,1756083599999
1756083600000,2.9914,2.9994,2.95,2.9994,26369.7,1756083899999
1756083900000,2.9994,2.9999,2.95,2.9995,68988.2,1756084199999
1756084200000,2.9995,3.0072,2.9981,3.0051,41269.8,1756084499999
1756084500000,3.0051,3.0072,2.95,3.0032,25911.1,1756084799999
1756084800000,3.0032,3.0176,3.0031,3.0176,53895.6,1756085099999
1756085100000,3.0175,3.0239,3.0174,3.0181,38280.3,1756085399999
1756085400000,3.0181,3.0193,3.0145,3.0145,20878.4,1756085699999
1756085700000,3.0156,3.0156,2.95,3.0147,42350.3,1756085999999
1756086000000,3.0147,3.0149,3.0106,3.0114,10597.3,1756086299999
1756086300000,3.0109,3.0229,3.0073,3.0199,180002.3,1756086599999
1756086600000,3.0199,3.0199,3.0107,3.0141,38455.4,1756086899999
1756086900000,3.014,3.0174,3.0,3.0162,24981.6,1756087199999
1756087200000,3.0164,3.0244,3.0139,3.0243,33901.3,1756087499999
1756087500000,3.0242,3.0265,2.95,3.024,58908.5,1756087799999
1756087800000,3.0213,3.0264,3.0187,3.0264,75479.4,1756088099999
1756088100000,3.0264,3.0315,2.95,3.0313,37113.9,1756088399999
1756088400000,3.0345,3.0405,2.95,3.0376,125633.4,1756088699999
1756088700000,3.0376,3.0449,3.0345,3.0442,85688.7,1756088999999
1756089000000,3.0442,3.0522,3.0426,3.0431,115804.3,1756089299999
1756089300000,3.0432,3.0492,3.0408,3.0408,47224.2,1756089599999
1756089600000,3.0409,3.0426,3.036,3.0385,102409.1,1756089899999
1756089900000,3.0385,3.0431,3.036,3.0409,66465.6,1756090199999
1756090200000,3.042,3.0459,3.0409,3.0446,30527.8,1756090499999
1756090500000,3.0455,3.0465,3.0431,3.0451,17306.5,1756090799999
1756090800000,3.0451,3.0464,3.0363,3.0394,30544.5,1756091099999
1756091100000,3.0394,3.0493,3.035,3.047,34519.2,1756091399999
1756091400000,3.0469,3.0525,3.0417,3.0417,35729.9,1756091699999
1756091700000,3.0418,3.047,3.0399,3.0408,27832.9,1756091999999
1756092000000,3.0408,3.0437,3.037,3.0371,22120.9,1756092299999
1756092300000,3.0371,3.0373,3.0345,3.0358,55282.1,1756092599999
1756092600000,3.0358,3.0358,3.0305,3.0335,19229.4,1756092899999
1756092900000,3.0335,3.0415,3.0329,3.0409,29298.6,1756093199999
1756093200000,3.0409,3.0419,2.95,3.0383,193462.2,1756093499999
1756093500000,3.0387,3.0412,3.0383,3.0403,29312.1,1756093799999
1756093800000,3.0402,3.0429,3.0379,3.0379,53855.3,1756094099999
1756094100000,3.0379,3.0379,3.0192,3.0271,62727.0,1756094399999
1756094400000,3.0235,3.0235,2.95,3.0211,60695.6,1756094699999
1756094700000,3.0217,3.0247,2.95,3.0181,319640.0,1756094999999
1756095000000,3.0219,3.0219,2.9009,3.0155,132036.6,1756095299999
1756095300000,3.0155,3.0218,3.0133,3.0216,57663.3,1756095599999
1756095600000,3.0216,3.0216,3.0152,3.0164,37184.2,1756095899999
1756095900000,3.016,3.016,3.0098,3.0119,42585.6,1756096199999
1756096200000,3.0119,3.0126,3.007,3.0083,59465.2,1756096499999
1756096500000,3.0082,3.0082,3.0037,3.0038,53460.7,1756096799999
1756096800000,3.0038,3.0086,3.0038,3.0059,33974.6,1756097099999
1756097100000,3.006,3.0103,3.0041,3.0077,86126.1,1756097399999
1756097400000,3.0077,3.009,3.0056,3.0056,41825.7,1756097699999
1756097700000,3.0055,3.0055,3.0042,3.0042,35232.6,1756097999999
1756098000000,3.0037,3.0092,3.0035,3.0035,150915.1,1756098299999
1756098300000,3.0035,3.0035,2.9979,2.9982,8363.1,1756098599999
1756098600000,2.9981,2.9983,2.9922,2.9945,123504.2,1756098899999
1756098900000,2.9949,3.0008,2.9944,3.0008,15263.0,1756099199999
1756099200000,3.0008,3.0073,2.9994,2.9997,75784.4,1756099499999
1756099500000,2.9996,3.0096,2.9993,3.0082,16820.8,1756099799999
1756099800000,3.0082,3.0082,3.0061,3.0065,49355.9,1756100099999
1756100100000,3.0063,3.0063,2.975,3.0029,34384.6,1756100399999
1756100400000,3.003,3.003,2.998,2.9993,71297.3,1756100699999
1756100700000,2.9992,3.0039,2.9981,2.9981,19529.5,1756100999999
1756101000000,2.9982,2.9982,2.9931,2.9932,17571.2,1756101299999
1756101300000,2.9932,2.9936,2.9914,2.9916,52362.4,1756101599999
1756101600000,2.9916,2.9936,2.9525,2.9892,71406.2,1756101899999
1756101900000,2.9893,2.9919,2.9849,2.9849,40487.6,1756102199999
1756102200000,2.9849,2.985,2.9525,2.9807,25279.9,1756102499999
1756102500000,2.9807,2.9836,2.969,2.9823,68865.9,1756102799999
1756102800000,2.9823,2.9855,2.9056,2.9835,65287.6,1756103099999
1756103100000,2.9838,2.9858,2.979,2.979,37568.8,1756103399999
1756103400000,2.979,2.9791,2.9665,2.9703,48067.2,1756103699999
1756103700000,2.9702,2.9748,2.967,2.9731,174394.1,1756103999999
1756104000000,2.9736,2.9748,2.9703,2.9706,66043.1,1756104299999
1756104300000,2.9707,2.9707,2.908,2.9574,88437.4,1756104599999
1756104600000,2.9169,2.9636,2.9072,2.9621,1189035.6,1756104899999
1756104900000,2.9079,2.9641,2.9077,2.9121,1232084.0,1756105199999
1756105200000,2.9121,2.9656,2.9062,2.9651,682393.8,1756105499999
1756105500000,2.9651,2.9651,2.9032,2.9133,2086776.6,1756105799999
1756105800000,2.9133,2.9604,2.9034,2.9604,1250606.6,1756106099999
1756106100000,2.9328,2.9637,2.9034,2.9214,881559.0,1756106399999
1756106400000,2.9042,2.9547,2.904,2.9099,730526.0,1756106699999
1756106700000,2.9097,2.9562,2.9046,2.9172,517915.2,1756106999999
1756107000000,2.9172,2.9488,2.9045,2.913,1111866.9,1756107299999
1756107300000,2.9126,2.9419,2.9041,2.9213,1888034.3,1756107599999
1756107600000,2.9109,2.9497,2.9039,2.9468,1007702.2,1756107899999
1756107900000,2.9051,2.9473,2.904,2.913,591473.3,1756108199999
1756108200000,2.913,2.9188,2.9039,2.9052,1415302.5,1756108499999
1756108500000,2.9052,2.9167,2.9039,2.9111,986025.7,1756108799999
1756108800000,2.9115,2.919,2.9006,2.9009,1008882.7,1756109099999
1756109100000,2.9008,2.906,2.9003,2.9059,1457260.4,1756109399999
1756109400000,2.9042,2.942,2.9,2.939,2054376.4,1756109699999
1756109700000,2.9391,2.95,2.8976,2.9054,1346578.6,1756109999999
1756110000000,2.8988,2.9439,2.8987,2.915,1712959.6,1756110299999
1756110300000,2.9003,2.9461,2.8974,2.9426,1806918.6,1756110599999
1756110600000,2.8973,2.9435,2.8964,2.9126,1416765.4,1756110899999
1756110900000,2.8964,2.9496,2.8962,2.9027,2630392.4,1756111199999
1756111200000,2.9027,2.9464,2.8967,2.9003,494702.0,1756111499999
1756111500000,2.9384,2.9433,2.8967,2.9178,818374.5,1756111799999
1756111800000,2.8967,2.9473,2.8967,2.9209,1363986.5,1756112099999
1756112100000,2.898,2.9487,2.8967,2.9435,956947.3,1756112399999
1756112400000,2.9437,2.9466,2.8967,2.944,315440.1,1756112699999
1756112700000,2.9444,2.9455,2.6684,2.9373,3684218.8,1756112999999
1756113000000,2.9373,2.9397,2.8932,2.9046,355608.7,1756113299999
1756113300000,2.9046,2.95,2.8934,2.9433,23118.9,1756113599999
1756113600000,2.95,2.95,2.9433,2.9433,44122.9,1756113899999
1756113900000,2.9457,2.9457,2.9433,2.9457,38512.7,1756114199999
1756114200000,2.9433,2.9433,2.8925,2.9116,15250.0,1756114499999
1756114500000,2.9089,2.9116,2.8921,2.8923,41693.2,1756114799999
1756114800000,2.8923,2.8923,2.8887,2.8889,23189.3,1756115099999
1756115100000,2.8889,2.8898,2.8888,2.8898,14784.1,1756115399999
1756115400000,2.8898,2.8905,2.8897,2.8905,13773.4,1756115699999
1756115700000,2.8905,2.99,2.7174,2.9531,3293063.6,1756115999999
1756116000000,2.9531,3.05,2.718,2.953,1485060.3,1756116299999
1756116300000,3.0381,3.05,2.8939,2.985,405233.7,1756116599999
1756116600000,2.9548,2.985,2.7197,2.8929,1947033.4,1756116899999
1756116900000,2.8929,2.8929,2.8912,2.8913,20162.9,1756117199999
1756117200000,2.8913,2.8913,2.8898,2.8899,5708.8,1756117499999
1756117500000,2.8898,2.8899,2.8894,2.8895,9447.2,1756117799999
1756117800000,2.8895,2.8895,2.8894,2.8894,3966.8,1756118099999
1756118100000,2.8895,2.8895,2.889,2.8894,10051.6,1756118399999
1756118400000,2.889,2.8905,2.889,2.8899,15692.0,1756118699999
1756118700000,2.8901,2.8901,2.8893,2.8894,2768.2,1756118999999
1756119000000,2.8895,2.8896,2.8891,2.8895,45861.4,1756119299999
1756119300000,2.8895,2.8911,2.8891,2.8911,87038.5,1756119599999
1756119600000,2.8911,2.8923,2.8891,2.8923,50595.7,1756119899999
1756119900000,2.8923,2.8941,2.889,2.8932,79220.0,1756120199999
1756120200000,2.8941,2.8958,2.8932,2.8958,16063.5,1756120499999
1756120500000,2.8958,2.8986,2.8932,2.8986,37602.4,1756120799999
1756120800000,2.8986,2.9022,2.8932,2.9022,21696.0,1756121099999
1756121100000,2.9022,2.9304,2.8932,2.9302,19155.3,1756121399999
1756121400000,2.9302,2.9307,2.9301,2.9307,4685.2,1756121699999
1756121700000,2.9306,2.9311,2.9306,2.9311,3045.7,1756121999999
1756122000000,2.9311,2.9311,2.9302,2.9306,3475.8,1756122299999
1756122300000,2.9307,2.9307,2.9297,2.9299,5893.0,1756122599999
1756122600000,2.9299,2.9314,2.9296,2.9314,47812.0,1756122899999
1756122900000,2.9314,2.9315,2.9306,2.9306,7506.4,1756123199999
1756123200000,2.9306,2.9314,2.9303,2.9307,1835.4,1756123499999
1756123500000,2.9309,2.9311,2.9306,2.9311,23810.3,1756123799999
1756123800000,2.931,2.9311,2.9303,2.9307,4459.6,1756124099999
1756124100000,2.9304,2.9307,2.9304,2.9307,4917.1,1756124399999
1756124400000,2.9307,2.9314,2.9305,2.9314,3073.9,1756124699999
1756124700000,2.9312,2.9357,2.7158,2.9334,1965689.1,1756124999999
1756125000000,2.9335,2.9341,2.9334,2.934,5187.3,1756125299999
1756125300000,2.9343,2.9352,2.9341,2.9341,35149.9,1756125599999
1756125600000,2.9341,2.9342,2.9339,2.9339,15602.2,1756125899999
1756125900000,2.934,2.934,2.9337,2.9337,6838.4,1756126199999
1756126200000,2.9338,2.9339,2.9337,2.9338,4132.9,1756126499999
1756126500000,2.9338,2.9339,2.9327,2.9327,10653.1,1756126799999
1756126800000,2.9325,2.9325,2.932,2.932,7663.5,1756127099999
1756127100000,2.932,2.9321,2.931,2.9311,4055.6,1756127399999
1756127400000,2.931,2.9313,2.931,2.9312,2852.9,1756127699999
1756127700000,2.931,2.931,2.9278,2.9278,47155.7,1756127999999
1756128000000,2.9278,2.9283,2.9278,2.9283,12293.1,1756128299999
1756128300000,2.9286,2.9462,2.74,2.9462,2922922.1,1756128599999
1756128600000,2.9297,2.9844,2.9297,2.9307,122350.5,1756128899999
1756128900000,2.9308,2.9312,2.9308,2.9312,9002.0,1756129199999
1756129200000,2.9309,2.932,2.9309,2.9312,13714.2,1756129499999
1756129500000,2.9313,2.9323,2.9312,2.9323,8619.6,1756129799999
1756129800000,2.9323,2.9325,2.9322,2.9325,15451.5,1756130099999
1756130100000,2.9324,2.9325,2.9312,2.9315,50420.6,1756130399999
1756130400000,2.9316,2.9317,2.9315,2.9316,27811.9,1756130699999
1756130700000,2.9316,2.9324,2.9316,2.9324,10268.1,1756130999999
1756131000000,2.9324,2.9335,2.9323,2.9331,9684.1,1756131299999
1756131300000,2.9331,2.9375,2.9321,2.9341,361246.6,1756131599999
1756131600000,2.9342,2.9342,2.9332,2.9332,5123.8,1756131899999
1756131900000,2.9332,2.9336,2.9309,2.9311,106575.5,1756132199999
1756132200000,2.9311,2.9312,2.9298,2.9298,7754.7,1756132499999
1756132500000,2.9297,2.9355,2.8,2.9291,3364035.1,1756132799999
1756132800000,2.9291,2.9353,2.83,2.929,1270660.8,1756133099999
1756133100000,2.9289,2.9632,2.8144,2.9624,1860893.6,1756133399999
1756133400000,2.9624,3.0,2.9624,2.9624,32232.9,1756133699999
1756133700000,2.9624,2.9651,2.7841,2.9644,1601470.8,1756133999999
1756134000000,2.9651,3.0,2.9344,2.9671,51530.1,1756134299999
1756134300000,2.9671,2.9671,2.9671,2.9671,16530.4,1756134599999
1756134600000,2.9671,2.98,2.9671,2.9671,36451.0,1756134899999
1756134900000,2.9671,2.9729,2.9335,2.965,73012.3,1756135199999
1756135200000,3.0,3.0,2.9317,2.9318,68590.7,1756135499999
1756135500000,2.9317,2.969,2.84,2.969,1573301.0,1756135799999
1756135800000,2.969,3.0,2.9333,2.9341,71183.7,1756136099999
1756136100000,2.9341,2.9342,2.9338,2.9338,7559.0,1756136399999
1756136400000,2.9339,2.9339,2.9323,2.9323,8328.4,1756136699999
1756136700000,2.9324,2.9324,2.9314,2.9315,5277.1,1756136999999
1756137000000,2.9314,2.9329,2.9314,2.9329,8446.1,1756137299999
1756137300000,2.9332,2.9349,2.9332,2.9343,27215.1,1756137599999
1756137600000,2.9343,2.9344,2.9337,2.9338,1493.4,1756137899999
1756137900000,2.9336,2.9337,2.933,2.933,12881.8,1756138199999
1756138200000,2.9326,2.9337,2.9321,2.9326,8740.6,1756138499999
1756138500000,2.9327,2.9388,2.7847,2.9315,1422221.1,1756138799999
1756138800000,2.9315,2.9413,2.7854,2.9346,1617870.0,1756139099999
1756139100000,2.9346,2.9346,2.9333,2.9337,26891.0,1756139399999
1756139400000,2.9337,2.9341,2.9336,2.934,3900.5,1756139699999
1756139700000,2.934,2.934,2.9324,2.9324,11545.8,1756139999999
1756140000000,2.9325,2.9336,2.9324,2.9336,13093.9,1756140299999
1756140300000,2.9336,2.9338,2.9331,2.9331,19695.7,1756140599999
1756140600000,2.9331,2.9334,2.9327,2.9334,28509.0,1756140899999
1756140900000,2.9333,2.9339,2.9333,2.9339,28451.1,1756141199999
1756141200000,2.9339,2.9343,2.9338,2.9341,7010.1,1756141499999
1756141500000,2.9341,2.9359,2.9341,2.9359,2652.9,1756141799999
1756141800000,2.9359,2.9372,2.9359,2.9372,99737.6,1756142099999
1756142100000,2.9367,2.9377,2.9359,2.9376,3866.2,1756142399999
1756142400000,2.9377,2.9382,2.9376,2.938,6592.9,1756142699999
1756142700000,2.9382,2.9387,2.9375,2.9387,60490.8,1756142999999
1756143000000,2.9386,2.9392,2.9386,2.9392,3975.2,1756143299999
1756143300000,2.9392,2.9398,2.9391,2.9398,75911.8,1756143599999
1756143600000,2.9397,2.9398,2.9397,2.9398,14544.6,1756143899999
1756143900000,2.9398,2.9405,2.9397,2.9405,8451.5,1756144199999
1756144200000,2.9405,2.9405,2.9404,2.9405,4811.3,1756144499999
1756144500000,2.9405,2.9405,2.9402,2.9402,22510.3,1756144799999
1756144800000,2.9402,2.9403,2.9402,2.9403,4708.7,1756145099999
1756145100000,2.9403,2.9403,2.9401,2.9401,3785.5,1756145399999
1756145400000,2.9401,2.9402,2.94,2.9402,6472.4,1756145699999
1756145700000,2.9402,2.9408,2.9401,2.9408,7648.4,1756145999999
1756146000000,2.9408,2.9418,2.9407,2.9417,25240.2,1756146299999
1756146300000,2.9418,2.9419,2.9416,2.9419,5989.8,1756146599999
1756146600000,2.9418,2.9419,2.9416,2.9416,8106.6,1756146899999
1756146900000,2.9419,2.9419,2.9405,2.9405,30786.0,1756147199999
1756147200000,2.9407,2.9408,2.9394,2.9394,169610.1,1756147499999
1756147500000,2.9394,2.9395,2.9392,2.9392,9509.5,1756147799999
1756147800000,2.9393,2.9393,2.9391,2.9393,4564.7,1756148099999
1756148100000,2.9393,2.9394,2.9389,2.9393,11162.8,1756148399999
1756148400000,2.939,2.9393,2.939,2.9392,21688.8,1756148699999
1756148700000,2.9391,2.9393,2.9391,2.9392,2995.0,1756148999999
1756149000000,2.9392,2.9404,2.939,2.9404,61668.1,1756149299999
1756149300000,2.9404,2.9418,2.9403,2.9414,4815.4,1756149599999
1756149600000,2.9415,2.9426,2.9406,2.9407,118166.4,1756149899999
1756149900000,2.9407,2.9407,2.9405,2.9406,21063.3,1756150199999
1756150200000,2.9406,2.9415,2.9405,2.9414,11425.8,1756150499999
1756150500000,2.9415,2.9425,2.9345,2.9413,155375.3,1756150799999
1756150800000,2.9413,2.9413,2.9117,2.9338,897798.8,1756151099999
1756151100000,2.9338,2.9412,2.9255,2.9409,1022142.0,1756151399999
1756151400000,2.9409,2.9419,2.9243,2.9417,1195790.3,1756151699999
1756151700000,2.9416,2.9419,2.8,2.878,1074761.3,1756151999999
1756152000000,2.8,2.9416,2.8,2.9412,926097.1,1756152299999
1756152300000,2.941,2.9412,2.8778,2.8822,536195.5,1756152599999
1756152600000,2.8801,2.8852,2.8,2.8651,49405.1,1756152899999
1756152900000,2.8651,2.94,2.865,2.94,257056.3,1756153199999
1756153200000,2.9399,2.9408,2.92,2.9284,1210590.9,1756153499999
1756153500000,2.9399,2.9401,2.9186,2.9392,2302324.1,1756153799999
1756153800000,2.939,2.9392,2.8,2.849,866171.9,1756154099999
1756154100000,2.849,2.9396,2.8428,2.9392,703862.2,1756154399999
1756154400000,2.939,2.9391,2.9185,2.9389,1593467.9,1756154699999
1756154700000,2.9388,2.9389,2.9183,2.9183,1625405.4,1756154999999
1756155000000,2.9275,2.9385,2.8,2.845,402099.1,1756155299999
1756155300000,2.845,2.9406,2.838,2.9406,691757.2,1756155599999
1756155600000,2.9405,3.116,2.6465,2.9368,2174433.6,1756155899999
1756155900000,2.9411,2.9413,2.9157,2.9408,845682.9,1756156199999
1756156200000,2.9404,2.9411,2.9157,2.9411,450560.4,1756156499999
1756156500000,2.9411,2.9413,2.9163,2.9361,423289.5,1756156799999
1756156800000,2.9403,3.1286,2.9016,2.9423,1648987.7,1756157099999
1756157100000,2.9422,2.9429,2.9081,2.9427,735662.9,1756157399999
1756157400000,2.9427,3.0594,2.9211,2.9414,1321531.2,1756157699999
1756157700000,2.9413,3.0881,2.9208,2.9416,1448107.0,1756157999999
1756158000000,2.9415,3.0885,2.9183,2.9398,1832350.6,1756158299999
1756158300000,2.9395,2.9399,2.9177,2.9396,1255229.8,1756158599999
1756158600000,2.9396,3.1388,2.9162,2.9387,1364500.2,1756158899999
1756158900000,2.9386,3.1444,2.85,2.9387,1917116.8,1756159199999
1756159200000,2.9383,2.9387,2.85,2.9378,721083.9,1756159499999
1756159500000,2.9376,3.0559,2.85,2.9297,1554054.3,1756159799999
1756159800000,2.9366,3.0547,2.8892,2.936,1396545.2,1756160099999
1756160100000,2.9288,2.9976,2.8692,2.9344,1891237.0,1756160399999
1756160400000,2.9344,3.0143,2.8654,2.9361,1354359.3,1756160699999
1756160700000,2.9349,3.0555,2.9161,2.9319,963378.0,1756160999999
1756161000000,2.9362,2.9366,2.9157,2.9366,1059356.5,1756161299999
1756161300000,2.9364,3.0849,2.9161,2.9209,1844095.8,1756161599999
1756161600000,2.9364,3.1484,2.916,2.9336,2686583.6,1756161899999
1756161900000,2.9361,2.9663,2.9175,2.9317,3553826.6,1756162199999
1756162200000,2.9373,2.9393,2.8838,2.9393,959657.9,1756162499999
1756162500000,2.9344,2.942,2.8801,2.9415,810859.4,1756162799999
1756162800000,2.9415,3.0055,2.8561,2.861,1659585.4,1756163099999
1756163100000,2.8606,2.8657,2.8567,2.8567,89533.4,1756163399999
1756163400000,2.8567,2.8678,2.8551,2.8582,43077.4,1756163699999
1756163700000,2.8582,3.0915,2.8524,2.9357,2413768.7,1756163999999
1756164000000,2.9465,2.9468,2.85,2.9464,880148.2,1756164299999
1756164300000,2.9449,2.948,2.8851,2.8851,819602.6,1756164599999
1756164600000,2.8851,2.9488,2.8851,2.9477,696126.4,1756164899999
1756164900000,2.9487,2.9843,2.8929,2.9322,1759701.0,1756165199999
1756165200000,2.9477,2.9684,2.8915,2.9412,2440875.8,1756165499999
1756165500000,2.9473,3.0966,2.8902,2.8902,2471275.6,1756165799999
1756165800000,2.9458,2.9615,2.9049,2.9361,2185723.2,1756166099999
1756166100000,2.9446,2.9448,2.85,2.8601,247112.1,1756166399999
1756166400000,2.8608,2.9446,2.8601,2.9446,546449.8,1756166699999
1756166700000,2.9346,3.0646,2.9262,2.934,2414268.1,1756166999999
1756167000000,2.9478,2.9487,2.85,2.9483,962737.1,1756167299999
1756167300000,2.9483,2.9721,2.9249,2.9478,1929780.0,1756167599999
1756167600000,2.9478,3.0661,2.9252,2.9477,1919476.6,1756167899999
1756167900000,2.9479,2.9495,2.875,2.9492,370964.8,1756168199999
1756168200000,2.9493,3.0676,2.875,2.9465,2154435.5,1756168499999
1756168500000,2.9474,2.9494,2.825,2.9386,943415.4,1756168799999
1756168800000,2.9493,2.9497,2.884,2.9496,815450.0,1756169099999
1756169100000,2.9495,3.0686,2.8825,2.9457,1412057.0,1756169399999
1756169400000,2.9504,2.9512,2.85,2.8527,909202.9,1756169699999
1756169700000,2.8527,2.9511,2.825,2.9511,81734.5,1756169999999
1756170000000,2.9504,3.0691,2.8696,2.8732,1483378.0,1756170299999
1756170300000,2.9528,3.0712,2.8769,2.8769,1914286.0,1756170599999
1756170600000,2.9538,2.9541,2.9332,2.9539,925774.4,1756170899999
1756170900000,2.9538,3.1,2.8758,2.8758,2646386.3,1756171199999
1756171200000,2.9551,3.1606,2.8758,2.9493,2117460.6,1756171499999
1756171500000,2.9567,3.0324,2.9304,2.9421,2848945.3,1756171799999
1756171800000,2.9566,3.075,2.852,2.8773,1586097.0,1756172099999
1756172100000,2.8773,2.957,2.852,2.8773,89292.7,1756172399999
1756172400000,2.8773,3.108,2.8773,2.8993,2452050.4,1756172699999
1756172700000,2.9605,2.9622,2.8993,2.9376,587427.7,1756172999999
1756173000000,2.9622,3.0814,2.9272,2.9474,3087850.6,1756173299999
1756173300000,2.9627,3.09,2.9205,2.9205,2521318.3,1756173599999
1756173600000,2.9589,3.1094,2.9205,2.9532,3289520.2,1756173899999
1756173900000,2.9607,3.1086,2.9395,2.9413,1869427.7,1756174199999
1756174200000,2.9592,3.1073,2.9413,2.9413,1886661.7,1756174499999
1756174500000,2.9589,2.959,2.9146,2.9577,910987.7,1756174799999
1756174800000,2.9577,3.075,2.9368,2.9453,3322768.6,1756175099999
1756175100000,2.9569,3.0344,2.9361,2.941,1494093.9,1756175399999
1756175400000,2.9563,3.0744,2.8779,2.8779,2224365.2,1756175699999
1756175700000,2.8779,3.0162,2.852,2.9546,1009363.3,1756175999999
1756176000000,2.9545,3.1597,2.8823,2.9038,3279228.8,1756176299999
1756176300000,2.9531,2.9975,2.8805,2.8805,1824329.4,1756176599999
1756176600000,2.8805,2.9529,2.852,2.8925,587192.0,1756176899999
1756176900000,2.9512,3.1288,2.852,2.9342,1650857.2,1756177199999
1756177200000,2.9505,2.9805,2.9301,2.939,1586428.9,1756177499999
1756177500000,2.94,3.0988,2.9301,2.9301,2869254.9,1756177799999
1756177800000,2.9511,3.102,2.8767,2.954,1749439.7,1756178099999
1756178100000,2.954,3.0722,2.9325,2.9379,3289373.3,1756178399999
1756178400000,2.9534,3.0727,2.9337,2.9449,3278629.7,1756178699999
1756178700000,2.9531,3.1022,2.9367,2.9421,3604062.6,1756178999999
1756179000000,2.9522,3.071,2.8767,2.8904,559058.3,1756179299999
1756179300000,2.8913,3.0731,2.8767,2.9543,1190971.8,1756179599999
1756179600000,2.9544,3.0728,2.934,2.9545,2656614.1,1756179899999
1756179900000,2.9544,2.9561,2.8767,2.9356,441054.9,1756180199999
1756180200000,2.9559,3.0291,2.8844,2.8844,2606175.1,1756180499999
1756180500000,2.8844,3.1056,2.8844,2.937,2175500.5,1756180799999
1756180800000,2.9572,2.9875,2.937,2.9372,1487685.9,1756181099999
1756181100000,2.9578,3.1068,2.8767,2.8905,2253908.4,1756181399999
1756181400000,2.8905,3.0476,2.8767,2.9415,1087182.5,1756181699999
1756181700000,2.9582,3.078,2.9016,2.9104,2345810.9,1756181999999
1756182000000,2.9608,3.1091,2.9045,2.9532,1808471.4,1756182299999
1756182300000,2.9595,3.0795,2.9383,2.9513,2129861.9,1756182599999
1756182600000,2.9586,3.1094,2.9375,2.9421,3175287.2,1756182899999
1756182900000,2.9574,3.1062,2.9366,2.9502,2774514.4,1756183199999
1756183200000,2.9576,3.0777,2.9269,2.9564,2525376.6,1756183499999
1756183500000,2.9564,3.0748,2.852,2.9486,2555935.2,1756183799999
1756183800000,2.956,3.0467,2.9357,2.9491,2204007.0,1756184099999
1756184100000,2.9554,2.9785,2.9408,2.9504,1651322.3,1756184399999
1756184400000,2.9552,3.0084,2.935,2.953,1369329.8,1756184699999
1756184700000,2.9553,3.0765,2.9363,2.947,2790292.9,1756184999999
1756185000000,2.9584,3.117,2.9415,2.946,3117549.6,1756185299999
1756185300000,2.9567,3.1067,2.9402,2.9497,2057874.1,1756185599999
1756185600000,2.9554,3.0744,2.9391,2.9399,2384667.5,1756185899999
1756185900000,2.9552,3.0084,2.9385,2.9443,3361296.1,1756186199999
1756186200000,2.9556,3.0756,2.9412,2.9476,2804216.9,1756186499999
1756186500000,2.9578,3.0763,2.9417,2.9562,1688884.0,1756186799999
1756186800000,2.9569,3.0766,2.95,2.9505,1861000.8,1756187099999
1756187100000,2.9576,3.1062,2.942,2.947,2392305.3,1756187399999
1756187400000,2.9581,3.002,2.9403,2.9565,2751075.3,1756187699999
1756187700000,2.9564,3.0747,2.9403,2.946,1637553.6,1756187999999
1756188000000,2.9571,3.0754,2.94,2.9555,3123818.9,1756188299999
1756188300000,2.9554,3.105,2.94,2.9513,935596.0,1756188599999
1756188600000,2.9575,3.1055,2.9457,2.9463,2383596.6,1756188899999
1756188900000,2.9575,3.1,2.9407,2.9575,3147800.2,1756189199999
1756189200000,2.9572,3.0025,2.9107,2.9107,1707071.7,1756189499999
1756189500000,2.9595,3.1095,2.9078,2.9409,2455066.2,1756189799999
1756189800000,2.9611,3.08,2.9319,2.9501,2397056.0,1756190099999
1756190100000,2.9611,3.0789,2.9395,2.9605,3147828.6,1756190399999
1756190400000,2.9603,3.1069,2.9503,2.9589,2147385.7,1756190699999
1756190700000,2.959,3.1067,2.9428,2.9428,1951600.1,1756190999999
1756191000000,2.959,2.9795,2.9382,2.9611,2560203.9,1756191299999
1756191300000,2.9581,3.0024,2.9419,2.9584,2311141.6,1756191599999
1756191600000,2.9586,3.0753,2.9368,2.957,2835391.5,1756191899999
1756191900000,2.957,2.9925,2.9415,2.9572,3698738.8,1756192199999
1756192200000,2.9583,2.9878,2.852,2.9572,2384261.3,1756192499999
1756192500000,2.9572,3.1462,2.9366,2.9436,1824859.8,1756192799999
1756192800000,2.9516,3.0771,2.852,2.8992,1678509.0,1756193099999
1756193100000,2.8992,2.9592,2.852,2.9589,305778.8,1756193399999
1756193400000,2.9589,2.9886,2.852,2.9569,897343.9,1756193699999
1756193700000,2.9572,3.104,2.9146,2.956,1673961.7,1756193999999
1756194000000,2.956,3.104,2.9206,2.9574,1558503.7,1756194299999
1756194300000,2.9576,3.076,2.942,2.9596,2981052.7,1756194599999
1756194600000,2.9595,3.0484,2.8944,2.9155,761807.4,1756194899999
1756194900000,2.8789,2.993,2.8558,2.9159,2630649.4,1756195199999
1756195200000,2.8558,2.9573,2.8558,2.9568,401866.9,1756195499999
1756195500000,2.9568,2.9952,2.852,2.9559,2997746.7,1756195799999
1756195800000,2.9558,2.9727,2.9119,2.9447,730671.2,1756196099999
1756196100000,2.9447,3.02,2.9153,2.9153,1312205.7,1756196399999
1756196400000,2.9147,3.0579,2.852,2.9129,1559252.3,1756196699999
1756196700000,2.9539,3.0737,2.852,2.9494,2708587.6,1756196999999
1756197000000,2.9187,2.9566,2.9155,2.9165,371376.2,1756197299999
1756197300000,2.9165,3.0257,2.9155,2.9409,1155906.1,1756197599999
1756197600000,2.9566,3.075,2.9155,2.9175,1441796.5,1756197899999
1756197900000,2.9177,3.0738,2.9155,2.9456,1837883.6,1756198199999
1756198200000,2.9466,3.0736,2.91,2.9104,1789405.1,1756198499999
1756198500000,2.9104,3.0209,2.9086,2.91,865242.7,1756198799999
1756198800000,2.91,2.9506,2.9013,2.91,165257.8,1756199099999
1756199100000,2.9129,2.9492,2.852,2.9401,159794.9,1756199399999
1756199400000,2.9488,3.0402,2.91,2.938,1431239.6,1756199699999
1756199700000,2.94,3.0959,2.9362,2.9362,1126083.2,1756199999999
1756200000000,2.9484,3.0698,2.9328,2.9433,1851512.1,1756200299999
1756200300000,2.9524,3.0711,2.9152,2.9168,880387.3,1756200599999
1756200600000,2.9168,2.9528,2.9136,2.9136,164959.9,1756200899999
1756200900000,2.9133,3.0735,2.909,2.909,837291.1,1756201199999
1756201200000,2.909,3.0999,2.85,2.9052,723565.7,1756201499999
1756201500000,2.85,2.9527,2.6187,2.9308,1229291.1,1756201799999
1756201800000,2.94,2.9524,2.9058,2.9512,60927.0,1756202099999
1756202100000,2.9512,2.9528,2.9003,2.9081,311025.7,1756202399999
1756202400000,2.9081,3.0703,2.9067,2.9092,1263484.2,1756202699999
1756202700000,2.9092,2.9523,2.9076,2.9076,80928.4,1756202999999
1756203000000,2.9076,2.9547,2.9047,2.905,104059.2,1756203299999
1756203300000,2.905,3.1,2.9026,2.9064,1365788.8,1756203599999
1756203600000,2.9054,2.9546,2.901,2.9038,72756.0,1756203899999
1756203900000,2.901,2.9553,2.8965,2.9262,426410.3,1756204199999
1756204200000,2.9262,2.9562,2.896,2.901,317657.3,1756204499999
1756204500000,2.901,2.9553,2.901,2.9081,242479.0,1756204799999
1756204800000,2.9391,3.0737,2.9074,2.9543,569299.1,1756205099999
1756205100000,2.9564,3.0752,2.904,2.9055,1225793.6,1756205399999
1756205400000,2.9056,2.9595,2.904,2.9264,477749.3,1756205699999
1756205700000,2.9264,3.0492,2.9041,2.9072,1577822.9,1756205999999
1756206000000,2.9067,2.963,2.8881,2.9073,64645.8,1756206299999
1756206300000,2.9041,2.9643,2.9021,2.9059,82597.9,1756206599999
1756206600000,2.9065,2.9592,2.8989,2.9044,25520.1,1756206899999
1756206900000,2.9025,2.9577,2.8955,2.8955,42701.9,1756207199999
1756207200000,2.8955,2.8996,2.8937,2.8961,40839.6,1756207499999
1756207500000,2.8954,2.9047,2.8845,2.8984,45844.6,1756207799999
1756207800000,2.8971,2.9069,2.8845,2.9069,57420.0,1756208099999
1756208100000,2.8845,2.9617,2.8845,2.8937,150705.7,1756208399999
1756208400000,2.8929,2.8962,2.8879,2.8957,26008.0,1756208699999
1756208700000,2.8957,2.9602,2.8836,2.8974,30155.6,1756208999999
1756209000000,2.8915,2.9548,2.8915,2.9169,388429.4,1756209299999
1756209300000,2.9516,2.953,2.8933,2.9001,139923.0,1756209599999
1756209600000,2.9001,2.9532,2.8941,2.8948,20565.7,1756209899999
1756209900000,2.8944,2.9492,2.85,2.8933,81941.4,1756210199999
1756210200000,2.8915,2.9448,2.8859,2.8897,179853.9,1756210499999
1756210500000,2.8887,2.9417,2.8845,2.9095,298657.8,1756210799999
1756210800000,2.9095,3.1057,2.8662,2.8915,2183943.7,1756211099999
1756211100000,2.8915,2.9465,2.85,2.8932,92934.2,1756211399999
1756211400000,2.8931,2.9453,2.85,2.9241,136882.8,1756211699999
1756211700000,2.9439,2.9451,2.9077,2.9448,100430.0,1756211999999
1756212000000,2.9451,2.9454,2.945,2.9451,18605.2,1756212299999
1756212300000,2.9451,2.9451,2.9426,2.9426,381815.7,1756212599999
1756212600000,2.9426,2.9428,2.9062,2.9062,1119744.9,1756212899999
1756212900000,2.9073,2.9421,2.9062,2.9418,103461.2,1756213199999
1756213200000,2.942,3.0601,2.852,2.9086,2719566.1,1756213499999
1756213500000,2.9098,2.9422,2.9098,2.9371,402493.9,1756213799999
1756213800000,2.9417,2.9421,2.9181,2.9181,751355.0,1756214099999
1756214100000,2.9387,2.9392,2.8996,2.9069,171569.2,1756214399999
1756214400000,2.9069,2.9395,2.9043,2.9064,18740.4,1756214699999
1756214700000,2.852,2.9437,2.852,2.94,214413.0,1756214999999
1756215000000,2.9177,2.945,2.8968,2.9368,18840.4,1756215299999
1756215300000,2.945,2.9462,2.852,2.9407,469229.9,1756215599999
1756215600000,2.9407,2.9483,2.9044,2.9096,213890.0,1756215899999
1756215900000,2.9096,3.0977,2.852,2.8973,1906587.6,1756216199999
1756216200000,2.8906,2.9477,2.852,2.9477,92768.9,1756216499999
1756216500000,2.9099,2.9478,2.852,2.9441,299714.0,1756216799999
1756216800000,2.9441,2.9452,2.9226,2.9312,462912.2,1756217099999
1756217100000,2.9438,2.9457,2.852,2.9111,190347.2,1756217399999
1756217400000,2.912,2.948,2.893,2.94,248365.2,1756217699999
1756217700000,2.9077,3.0968,2.893,2.9381,1186785.7,1756217999999
1756218000000,2.9476,2.948,2.9152,2.9479,75991.6,1756218299999
1756218300000,2.9478,2.948,2.9477,2.948,37938.0,1756218599999
1756218600000,2.948,2.9489,2.9479,2.9488,19278.9,1756218899999
1756218900000,2.949,2.949,2.9489,2.949,1696.4,1756219199999
1756219200000,2.949,2.9498,2.9484,2.9497,173027.9,1756219499999
1756219500000,2.9497,2.9505,2.9494,2.9504,89507.6,1756219799999
1756219800000,2.9504,2.9505,2.9504,2.9505,1466.0,1756220099999
1756220100000,2.9504,2.9511,2.9504,2.9511,30821.3,1756220399999
1756220400000,2.9508,2.9532,2.9505,2.9509,47350.4,1756220699999
1756220700000,2.9532,2.9532,2.9527,2.9527,12897.5,1756220999999
1756221000000,2.9527,2.9528,2.9517,2.9517,7418.9,1756221299999
1756221300000,2.9516,2.9518,2.9513,2.9513,2259.8,1756221599999
1756221600000,2.951,2.951,2.9507,2.9507,2189.4,1756221899999
1756221900000,2.9507,2.9508,2.9504,2.9504,17192.7,1756222199999
1756222200000,2.9508,2.9508,2.9497,2.9497,19055.5,1756222499999
1756222500000,2.9497,2.9497,2.9456,2.9456,22039.1,1756222799999
1756222800000,2.9456,2.9456,2.9445,2.9445,8784.1,1756223099999
1756223100000,2.9447,2.9447,2.9432,2.9432,21058.7,1756223399999
1756223400000,2.9432,2.9433,2.9431,2.9431,4430.1,1756223699999
1756223700000,2.9431,2.9433,2.9431,2.9432,3396.3,1756223999999
1756224000000,2.9432,2.9433,2.9431,2.9431,37531.5,1756224299999
1756224300000,2.9431,2.9432,2.9431,2.9431,6151.1,1756224599999
1756224600000,2.9431,2.9432,2.9427,2.9428,10561.0,1756224899999
1756224900000,2.9427,2.9429,2.9426,2.9428,32628.7,1756225199999
1756225200000,2.9428,2.9432,2.9428,2.9432,10208.1,1756225499999
1756225500000,2.943,2.9439,2.943,2.9439,1917.5,1756225799999
1756225800000,2.9438,2.9439,2.9438,2.9439,5232.6,1756226099999
1756226100000,2.9438,2.9438,2.9434,2.9435,7212.6,1756226399999
1756226400000,2.9436,2.9436,2.9429,2.943,22849.4,1756226699999
1756226700000,2.943,2.9436,2.9429,2.9436,30878.5,1756226999999
1756227000000,2.9436,2.9436,2.9435,2.9436,14627.4,1756227299999
1756227300000,2.9436,2.9436,2.9433,2.9435,3658.8,1756227599999
1756227600000,2.9433,2.9433,2.9423,2.9424,23683.2,1756227899999
1756227900000,2.9424,2.9424,2.9416,2.9422,14076.4,1756228199999
1756228200000,2.9421,2.9421,2.94,2.9404,21219.7,1756228499999
1756228500000,2.9404,2.9404,2.9395,2.9396,18513.1,1756228799999
1756228800000,2.9396,2.9396,2.9387,2.9389,2469.2,1756229099999
1756229100000,2.9388,2.9389,2.9378,2.9379,68319.3,1756229399999
1756229400000,2.9378,2.9379,2.9375,2.9375,24291.8,1756229699999
1756229700000,2.9375,2.9379,2.934,2.934,14345.3,1756229999999
1756230000000,2.9343,2.9343,2.9323,2.9323,31972.1,1756230299999
1756230300000,2.9333,2.9333,2.9307,2.931,22169.5,1756230599999
1756230600000,2.931,2.931,2.9302,2.9303,23450.6,1756230899999
1756230900000,2.9304,2.9578,2.9301,2.9578,910138.8,1756231199999
1756231200000,2.9304,2.9625,2.9301,2.9625,368439.4,1756231499999
1756231500000,2.961,2.9625,2.93,2.9616,104899.4,1756231799999
1756231800000,2.9616,2.9632,2.9616,2.9616,15360.8,1756232099999
1756232100000,2.9616,2.9616,2.9335,2.9339,197560.4,1756232399999
1756232400000,2.9339,2.9425,2.9335,2.9424,863875.8,1756232699999
1756232700000,2.9338,2.9727,2.9338,2.9711,399575.2,1756232999999
1756233000000,2.9711,3.262,2.9345,2.9783,354195.3,1756233299999
1756233300000,2.9373,2.9827,2.9373,2.9788,297724.0,1756233599999
1756233600000,2.9399,2.9846,2.9381,2.9839,160370.0,1756233899999
1756233900000,2.9839,2.9858,2.9377,2.9831,291845.1,1756234199999
1756234200000,2.9831,2.9831,2.94,2.9798,574291.7,1756234499999
1756234500000,2.9798,2.9811,2.9422,2.9792,383279.1,1756234799999
1756234800000,2.9792,2.9792,2.9435,2.945,297643.2,1756235099999
1756235100000,2.945,2.9452,2.9449,2.9452,9975.0,1756235399999
1756235400000,2.9452,2.946,2.9452,2.946,6343.1,1756235699999
1756235700000,2.9461,2.9492,2.9461,2.9492,398887.2,1756235999999
1756236000000,2.9486,2.9816,2.9486,2.95,1099269.1,1756236299999
1756236300000,2.95,2.9913,2.9499,2.9865,699614.5,1756236599999
1756236600000,2.9865,2.9923,2.9501,2.9923,139831.3,1756236899999
1756236900000,2.9502,3.2078,2.9482,3.014,446870.9,1756237199999
1756237200000,3.0231,3.1227,2.9669,3.0165,86688.0,1756237499999
1756237500000,3.0168,3.2162,2.9532,3.0443,40866.9,1756237799999
1756237800000,3.043,3.2437,2.9486,3.0683,100035.5,1756238099999
1756238100000,3.0683,3.1243,2.9484,3.0625,100896.2,1756238399999
1756238400000,3.1232,3.1232,2.946,3.04,94145.5,1756238699999
1756238700000,3.0401,3.1043,2.9451,3.0413,45735.9,1756238999999
1756239000000,3.0402,3.0418,2.9452,3.0382,216128.1,1756239299999
1756239300000,3.0382,3.0399,2.9495,3.034,256901.6,1756239599999
1756239600000,3.0344,3.0346,2.9797,3.0255,34682.8,1756239899999
1756239900000,3.0279,3.0407,2.9527,3.025,78448.4,1756240199999
1756240200000,3.025,3.0325,2.948,3.0245,65391.9,1756240499999
1756240500000,3.0228,3.0249,2.9477,3.0203,317579.9,1756240799999
1756240800000,3.0194,3.0226,2.9472,3.0223,59785.3,1756241099999
1756241100000,3.0223,3.0223,2.9468,3.0177,227415.2,1756241399999
1756241400000,3.0172,3.0315,2.9484,2.9504,93306.3,1756241699999
1756241700000,3.0288,3.0361,2.9562,3.0349,47460.6,1756241999999
1756242000000,3.0397,3.041,2.947,3.0207,379141.3,1756242299999
1756242300000,3.0237,3.0262,2.9471,3.0212,754616.1,1756242599999
1756242600000,2.9474,3.0285,2.947,2.9979,160734.2,1756242899999
1756242900000,2.9486,3.0313,2.9459,3.025,240909.5,1756243199999
1756243200000,3.0161,3.0282,2.9452,3.0195,355281.2,1756243499999
1756243500000,3.0195,3.0227,2.9434,3.0192,83105.8,1756243799999
1756243800000,3.0191,3.0221,3.0178,3.0189,13398.7,1756244099999
1756244100000,3.019,3.0246,2.9439,3.0185,58403.2,1756244399999
1756244400000,3.0185,3.0234,2.9439,3.0216,18765.4,1756244699999
1756244700000,3.0216,3.0235,2.9455,3.0221,53512.1,1756244999999
1756245000000,3.0232,3.1213,2.9472,3.026,90530.1,1756245299999
1756245300000,3.026,3.0285,3.0229,3.0284,28809.2,1756245599999
1756245600000,3.0293,3.0631,2.9453,3.0221,91778.7,1756245899999
1756245900000,3.021,3.021,3.0136,3.0136,15178.0,1756246199999
1756246200000,3.0135,3.0209,2.9478,3.0209,75003.1,1756246499999
1756246500000,3.0209,3.0256,2.9484,3.0172,204288.7,1756246799999
1756246800000,3.0172,3.0172,2.9467,3.0102,128537.7,1756247099999
1756247100000,3.0111,3.1245,2.9474,3.0075,298099.0,1756247399999
1756247400000,2.948,3.0141,2.9479,3.0103,153871.5,1756247699999
1756247700000,3.0095,3.0105,2.95,3.006,473631.5,1756247999999
1756248000000,2.9502,3.0065,2.9494,3.0042,338317.7,1756248299999
1756248300000,2.9502,3.0079,2.9488,3.0063,200677.7,1756248599999
1756248600000,3.0063,3.0112,2.9878,3.0081,136308.0,1756248899999
1756248900000,3.0081,3.0121,3.0051,3.0119,15549.7,1756249199999
1756249200000,3.0119,3.017,2.9454,3.017,210383.4,1756249499999
1756249500000,3.0159,3.0247,2.9462,3.0239,49632.6,1756249799999
1756249800000,3.0237,3.0243,2.9463,3.0231,151378.4,1756250099999
1756250100000,3.0224,3.0224,3.0179,3.0179,36703.1,1756250399999
1756250400000,2.9475,3.0201,2.947,3.0169,73212.1,1756250699999
1756250700000,3.0177,3.0177,3.0118,3.0132,23841.3,1756250999999
1756251000000,3.0132,3.0132,2.985,3.0071,67335.0,1756251299999
1756251300000,3.0071,3.0119,3.0057,3.0107,11760.5,1756251599999
1756251600000,3.0107,3.015,3.008,3.0137,38539.6,1756251899999
1756251900000,3.0137,3.0156,3.0073,3.0073,14169.4,1756252199999
1756252200000,3.0073,3.0122,3.0065,3.0079,61830.1,1756252499999
1756252500000,2.985,3.0118,2.9479,3.0082,37694.9,1756252799999
1756252800000,3.0108,3.0108,2.9498,3.005,268260.7,1756253099999
1756253100000,3.005,3.005,2.9507,3.0028,493919.1,1756253399999
1756253400000,3.0028,3.0047,2.9512,3.0019,70388.6,1756253699999
1756253700000,3.0019,3.003,2.9502,2.998,192003.9,1756253999999
1756254000000,2.998,3.1271,2.9513,2.9531,380911.8,1756254299999
1756254300000,2.9531,3.0017,2.9513,2.995,49341.1,1756254599999
1756254600000,2.995,2.9969,2.9485,2.9644,543379.8,1756254899999
1756254900000,2.9644,3.0013,2.9487,3.0013,397850.4,1756255199999
1756255200000,3.0013,3.0013,2.9489,2.9674,356264.4,1756255499999
1756255500000,2.9506,2.9923,2.9506,2.9895,174573.7,1756255799999
1756255800000,2.9895,2.9929,2.9501,2.9604,518166.1,1756256099999
1756256100000,2.9537,2.983,2.9532,2.9686,619837.9,1756256399999
1756256400000,2.9686,2.9938,2.953,2.9543,256149.2,1756256699999
1756256700000,2.953,2.9613,2.9528,2.9613,430454.3,1756256999999
1756257000000,2.9531,2.9911,2.9528,2.9622,757294.9,1756257299999
1756257300000,2.9538,2.988,2.9538,2.9697,661807.3,1756257599999
1756257600000,2.9881,2.9987,2.9558,2.9587,291156.0,1756257899999
1756257900000,2.9589,3.0123,2.9573,2.9953,495156.3,1756258199999
1756258200000,2.9953,3.0014,2.9577,2.9883,363104.5,1756258499999
1756258500000,2.9883,3.009,2.9589,3.009,306970.1,1756258799999
1756258800000,2.9977,3.0113,2.9585,2.9652,168356.3,1756259099999
1756259100000,2.9652,3.0017,2.9579,2.9993,639600.0,1756259399999
1756259400000,2.9995,3.0074,2.957,3.0006,533366.6,1756259699999
1756259700000,3.0006,3.135,2.9568,2.957,178229.1,1756259999999
1756260000000,2.957,3.0033,2.9554,2.9617,292524.0,1756260299999
1756260300000,2.9617,2.9714,2.9563,2.9659,715996.3,1756260599999
1756260600000,2.958,2.9908,2.9573,2.9908,435095.9,1756260899999
1756260900000,2.9908,2.9918,2.9568,2.9678,93343.4,1756261199999
1756261200000,2.9571,3.0014,2.9571,3.0006,902239.0,1756261499999
1756261500000,3.0014,3.1318,2.9565,2.9953,42837.9,1756261799999
1756261800000,2.9953,3.0137,2.9543,2.9545,321194.5,1756262099999
1756262100000,2.9545,2.9998,2.9536,2.9542,258512.3,1756262399999
1756262400000,2.9542,2.9971,2.9523,2.9963,2933692.6,1756262699999
1756262700000,2.9963,2.9992,2.9963,2.9963,12309.7,1756262999999
1756263000000,2.9963,2.9965,2.954,2.9965,51038.4,1756263299999
1756263300000,2.9965,2.9965,2.954,2.9816,397048.2,1756263599999
1756263600000,2.9556,2.9965,2.9542,2.9689,339808.5,1756263899999
1756263900000,2.9551,2.9942,2.9548,2.97,737566.1,1756264199999
1756264200000,2.9555,2.9898,2.9553,2.9897,360792.9,1756264499999
1756264500000,2.9897,3.0009,2.957,2.959,138092.6,1756264799999
1756264800000,2.9589,2.9589,2.9588,2.9589,686.4,1756265099999
1756265100000,2.9589,2.9589,2.9588,2.9588,5319.1,1756265399999
1756265400000,2.9588,2.9914,2.957,2.9911,548663.3,1756265699999
1756265700000,2.9911,2.9911,2.9868,2.9868,14022.8,1756265999999
1756266000000,2.9868,2.9937,2.9577,2.9662,626367.6,1756266299999
1756266300000,2.9593,2.9765,2.9583,2.9765,892815.5,1756266599999
1756266600000,2.9599,3.0135,2.9599,2.9623,341441.5,1756266899999
1756266900000,2.9621,3.0132,2.9613,2.9733,357877.8,1756267199999
1756267200000,2.9622,3.0067,2.962,2.9654,395695.8,1756267499999
1756267500000,2.9654,3.0158,2.9637,2.9995,308282.5,1756267799999
1756267800000,2.9995,3.0128,2.9639,2.9848,145340.6,1756268099999
1756268100000,2.9847,3.0211,2.9611,3.0156,101035.1,1756268399999
1756268400000,2.9612,3.0202,2.9606,2.9606,234742.8,1756268699999
1756268700000,2.9607,3.0139,2.96,2.9908,162020.8,1756268999999
1756269000000,2.9852,3.0161,2.9607,2.9905,46743.8,1756269299999
1756269300000,2.9605,3.0292,2.9594,3.0172,399000.3,1756269599999
1756269600000,3.0172,3.0226,2.9599,3.0217,70294.3,1756269899999
1756269900000,3.0217,3.0242,3.0196,3.022,52690.9,1756270199999
1756270200000,3.024,3.024,3.0197,3.0216,24010.0,1756270499999
1756270500000,3.0213,3.0234,3.0177,3.0227,23162.9,1756270799999
1756270800000,3.0227,3.0239,2.9591,2.9863,600284.2,1756271099999
1756271100000,2.9591,3.0245,2.9577,2.9727,368278.8,1756271399999
1756271400000,3.0156,3.0224,3.0156,3.0217,15534.5,1756271699999
1756271700000,3.0217,3.0221,3.0111,3.0111,20262.0,1756271999999
1756272000000,3.0111,3.022,2.959,3.017,24091.5,1756272299999
1756272300000,3.0172,3.1525,2.9605,2.9666,158770.5,1756272599999
1756272600000,2.9666,3.0188,2.9596,2.9596,236769.3,1756272899999
1756272900000,2.9633,3.1348,2.9589,3.0137,204269.9,1756273199999
1756273200000,3.0137,3.0167,2.9591,3.0155,46463.0,1756273499999
1756273500000,3.0157,3.0157,2.9574,3.0128,257745.3,1756273799999
1756273800000,2.9575,3.0148,2.9574,3.0139,177865.2,1756274099999
1756274100000,3.0139,3.0139,2.9593,3.0134,31072.4,1756274399999
1756274400000,3.0139,3.0144,2.7816,2.9881,1963733.8,1756274699999
1756274700000,2.9579,3.0064,2.9567,3.0053,775307.5,1756274999999
1756275000000,2.9726,3.0058,2.9566,3.0032,471477.9,1756275299999
1756275300000,3.0032,3.0062,2.9584,3.0027,90360.1,1756275599999
1756275600000,3.0027,3.0061,2.7797,3.0054,1291886.6,1756275899999
1756275900000,3.0044,3.0097,2.9572,3.0077,113615.7,1756276199999
1756276200000,3.0077,3.014,2.7767,2.9598,1155839.2,1756276499999
1756276500000,2.9598,2.9598,2.9598,2.9598,0.0,1756276799999
1756276800000,2.9598,2.9598,2.9598,2.9598,0.0,1756277099999
1756277100000,2.9598,2.9598,2.9598,2.9598,0.0,1756277399999
1756277400000,2.9598,2.9598,2.9598,2.9598,0.0,1756277699999
1756277700000,2.9598,2.9598,2.9598,2.9598,0.0,1756277999999
1756278000000,2.9598,2.9598,2.9598,2.9598,0.0,1756278299999
1756278300000,2.9598,2.9598,2.9598,2.9598,0.0,1756278599999
1756278600000,2.9598,2.9598,2.9598,2.9598,0.0,1756278899999
1756278900000,2.9598,2.9598,2.9598,2.9598,0.0,1756279199999
1756279200000,2.9598,2.9598,2.9598,2.9598,0.0,1756279499999
1756279500000,2.9598,2.9598,2.9598,2.9598,0.0,1756279799999
1756279800000,2.9598,2.9598,2.9598,2.9598,0.0,1756280099999
1756280100000,2.9598,2.9598,2.9598,2.9598,4343.1,1756280399999
1756280400000,2.9598,2.9598,2.9598,2.9598,0.0,1756280699999
1756280700000,2.9598,2.9598,2.9598,2.9598,0.0,1756280999999
1756281000000,2.9598,2.9598,2.9598,2.9598,0.0,1756281299999
1756281300000,2.9598,2.983,2.9598,2.9633,635319.1,1756281599999
1756281600000,2.9608,3.0077,2.7756,3.0009,2472755.2,1756281899999
1756281900000,3.0005,3.0051,2.7766,3.0021,1105148.7,1756282199999
1756282200000,3.0021,3.1,2.7754,3.0041,1032440.2,1756282499999
1756282500000,3.0041,3.0041,2.9532,2.9546,67578.0,1756282799999
1756282800000,2.9535,3.0013,2.7753,3.0,1344800.5,1756283099999
1756283100000,3.0,3.0041,3.0,3.0,30752.2,1756283399999
1756283400000,3.0,3.0028,2.9433,3.0,624163.8,1756283699999
1756283700000,2.95,3.0056,2.9498,2.9522,180959.7,1756283999999
1756284000000,2.9522,3.0035,2.8453,3.0016,1511063.5,1756284299999
1756284300000,3.0016,3.0018,2.9504,2.9995,191787.4,1756284599999
1756284600000,2.9995,3.0069,2.9513,3.0054,298034.4,1756284899999
1756284900000,2.9518,3.0128,2.9518,3.0128,71795.7,1756285199999
1756285200000,3.012,3.02,3.0093,3.0093,58209.8,1756285499999
1756285500000,3.0093,3.1,2.9522,3.0155,148180.7,1756285799999
1756285800000,3.0162,3.0187,3.0155,3.0155,67267.3,1756286099999
1756286100000,3.0155,3.0157,2.9539,3.0157,136324.8,1756286399999
1756286400000,3.0156,3.0166,3.0147,3.0151,41174.9,1756286699999
1756286700000,3.0153,3.0153,2.9538,3.0113,67191.5,1756286999999
1756287000000,3.0113,3.0155,3.0102,3.0102,81996.0,1756287299999
1756287300000,3.0122,3.0122,2.9507,2.9523,82306.1,1756287599999
1756287600000,2.9523,3.0078,2.7725,2.9541,2558486.0,1756287899999
1756287900000,2.9541,3.0124,2.9045,3.0097,1061456.0,1756288199999
1756288200000,3.0097,3.0107,2.9575,3.0087,220944.1,1756288499999
1756288500000,3.0087,3.1,2.7767,3.0102,882853.5,1756288799999
1756288800000,3.01,3.0148,2.7775,3.0121,1542565.6,1756289099999
1756289100000,3.0121,3.0125,2.9597,3.0081,229133.6,1756289399999
1756289400000,3.013,3.013,2.7807,2.9621,1010401.7,1756289699999
1756289700000,2.9619,3.0121,2.7827,3.0114,938306.4,1756289999999
1756290000000,3.0123,3.0274,2.9624,3.0064,264523.7,1756290299999
1756290300000,2.9636,3.1,2.9633,3.0063,222342.3,1756290599999
1756290600000,3.0063,3.0063,2.7828,3.0042,1682793.9,1756290899999
1756290900000,2.9643,3.1,2.9609,2.9964,254153.7,1756291199999
1756291200000,2.9963,3.0019,2.7819,2.9618,1075663.8,1756291499999
1756291500000,2.9618,3.1,2.7828,2.9612,865095.2,1756291799999
1756291800000,3.0006,3.0013,2.9605,2.9726,310432.2,1756292099999
1756292100000,2.961,3.065,2.9605,2.9974,119756.3,1756292399999
1756292400000,2.9974,2.9995,2.9594,2.998,29361.8,1756292699999
1756292700000,2.9992,3.0014,2.7789,2.9852,1148543.9,1756292999999
1756293000000,2.9576,3.0014,2.7782,2.9568,567341.9,1756293299999
1756293300000,2.9568,3.0014,2.7773,2.9984,1070559.7,1756293599999
1756293600000,2.9984,3.0014,2.9586,2.9656,113290.7,1756293899999
1756293900000,2.9586,3.0014,2.9585,2.9959,283946.2,1756294199999
1756294200000,2.9959,3.0014,2.9585,2.9954,54046.3,1756294499999
1756294500000,2.9954,3.0014,2.956,2.998,115138.8,1756294799999
1756294800000,2.998,3.0014,2.9552,2.9959,24850.1,1756295099999
1756295100000,2.9959,3.0014,2.774,2.9592,1685428.4,1756295399999
1756295400000,2.9566,3.0014,2.9555,2.9959,191374.5,1756295699999
1756295700000,2.9959,3.0014,2.9551,2.9978,135569.7,1756295999999
1756296000000,2.9978,3.0014,2.957,2.9971,41320.3,1756296299999
1756296300000,2.9979,3.0014,2.9572,2.9622,39010.6,1756296599999
1756296600000,2.9622,3.0014,2.9553,2.9952,56122.0,1756296899999
1756296900000,2.9952,3.0014,2.9585,2.9594,121180.3,1756297199999
1756297200000,2.9592,3.0014,2.7805,2.9951,1951790.9,1756297499999
1756297500000,2.9951,3.0014,2.9592,2.9959,190327.3,1756297799999
1756297800000,2.9959,2.9969,2.9582,2.9652,460371.3,1756298099999
1756298100000,2.9596,3.0014,2.9592,2.9612,379271.7,1756298399999
1756298400000,2.9612,3.0014,2.96,2.9932,410580.1,1756298699999
1756298700000,2.9932,3.0014,2.783,2.9634,1398734.5,1756298999999
1756299000000,2.9634,3.0017,2.9624,3.0017,352295.8,1756299299999
1756299300000,3.0017,3.002,2.9625,2.9774,342220.2,1756299599999
1756299600000,2.9634,2.9993,2.7839,2.993,932331.2,1756299899999
1756299900000,2.993,2.9943,2.9634,2.9939,37111.7,1756300199999
1756300200000,2.9939,2.9939,2.965,2.9654,16432.5,1756300499999
1756300500000,2.9654,2.967,2.9653,2.967,251118.3,1756300799999
1756300800000,2.966,2.9981,2.7871,2.9973,1132896.2,1756301099999
1756301100000,2.9976,2.9996,2.9973,2.9973,37592.2,1756301399999
1756301400000,2.9973,2.9996,2.9668,2.9672,61319.9,1756301699999
1756301700000,2.9671,2.996,2.7877,2.9959,781944.3,1756301999999
1756302000000,2.9959,3.1,2.9649,3.009,57291.2,1756302299999
1756302300000,3.009,3.1,2.9529,3.0088,679199.7,1756302599999
1756302600000,3.0088,3.1,2.7881,2.967,1005562.1,1756302899999
1756302900000,2.967,3.0064,2.9649,2.9796,365301.0,1756303199999
1756303200000,2.9796,3.0044,2.9654,2.9655,145603.4,1756303499999
1756303500000,2.9655,3.1,2.9355,2.987,1064725.6,1756303799999
1756303800000,2.987,3.0089,2.9663,2.9686,164687.7,1756304099999
1756304100000,3.0061,3.0078,2.9655,2.9976,268497.9,1756304399999
1756304400000,2.9952,3.0123,2.9556,2.9692,957388.8,1756304699999
1756304700000,2.9692,3.1,2.7222,3.0143,2220613.3,1756304999999
1756305000000,3.0143,3.1,2.9666,3.0213,92436.3,1756305299999
1756305300000,3.0213,3.1,2.9648,3.0222,127786.7,1756305599999
1756305600000,3.0222,3.0229,2.9628,3.0136,141635.0,1756305899999
1756305900000,3.0175,3.1,2.9636,2.9757,252147.7,1756306199999
1756306200000,2.9666,3.0138,2.963,3.0054,68915.6,1756306499999
1756306500000,3.0029,3.1,2.9631,2.978,165278.7,1756306799999
1756306800000,2.963,3.007,2.9629,3.0008,221025.7,1756307099999
1756307100000,3.0008,3.0093,2.7843,3.0093,788080.7,1756307399999
1756307400000,3.0093,3.1,2.9642,3.013,42921.7,1756307699999
1756307700000,3.013,3.0159,2.9649,3.0126,11994.1,1756307999999
1756308000000,3.0126,3.0126,3.0126,3.0126,5474.5,1756308299999
1756308300000,3.0126,3.0126,2.9668,2.9782,321440.8,1756308599999
1756308600000,2.9668,2.9782,2.9663,2.9747,247358.5,1756308899999
1756308900000,2.9663,3.1,2.7866,2.9878,1056653.8,1756309199999
1756309200000,2.9878,2.9954,2.9673,2.9879,187219.4,1756309499999
1756309500000,2.9686,3.0138,2.7892,2.9709,1790090.2,1756309799999
1756309800000,2.9705,3.0138,2.9699,3.0101,235312.7,1756310099999
1756310100000,3.0101,3.1,2.9695,3.0253,170488.1,1756310399999
1756310400000,3.0167,3.1,2.9708,3.0114,22131.5,1756310699999
1756310700000,3.0114,3.0132,2.9706,3.0122,94606.9,1756310999999
1756311000000,3.0301,3.1,2.9691,2.9899,194291.4,1756311299999
1756311300000,2.9691,3.016,2.968,3.016,216204.4,1756311599999
1756311600000,3.0286,3.1,2.9689,3.0113,195628.8,1756311899999
1756311900000,3.0113,3.0181,2.9688,2.98,104015.7,1756312199999
1756312200000,2.9714,3.0016,2.966,2.9879,273522.4,1756312499999
1756312500000,2.9683,3.1,2.7891,2.976,1161692.9,1756312799999
1756312800000,2.9689,3.1,2.7899,2.9831,1517833.7,1756313099999
1756313100000,2.9694,3.0315,2.7891,3.0106,988140.8,1756313399999
1756313400000,3.0106,3.1,2.9666,3.006,527475.5,1756313699999
1756313700000,3.0142,3.0267,2.7871,3.0104,862490.8,1756313999999
1756314000000,3.0104,3.0873,2.9689,2.9986,252466.3,1756314299999
1756314300000,2.9717,3.006,2.9688,2.9885,384236.5,1756314599999
1756314600000,2.9688,3.0,2.7876,2.9983,1118329.6,1756314899999
1756314900000,2.9657,3.0115,2.7873,3.0115,1160312.2,1756315199999
1756315200000,2.9645,3.0115,2.7863,2.9528,1806785.2,1756315499999
1756315500000,2.9623,2.9704,2.8076,2.9487,2285938.6,1756315799999
1756315800000,2.9606,3.0199,2.7833,3.0194,1272620.9,1756316099999
1756316100000,3.0303,3.1,2.8073,3.0228,1998169.4,1756316399999
1756316400000,3.0229,3.1,3.0193,3.0269,80036.6,1756316699999
1756316700000,3.0275,3.0473,3.0205,3.0312,125823.5,1756316999999
1756317000000,3.0312,3.0404,3.0223,3.0304,53658.6,1756317299999
1756317300000,3.0304,3.0493,3.0266,3.0268,31080.8,1756317599999
1756317600000,3.0493,3.1,2.9555,2.9556,126714.5,1756317899999
1756317900000,3.0426,3.0439,3.0393,3.0393,24160.4,1756318199999
1756318200000,3.0393,3.1,2.9572,3.0178,67456.0,1756318499999
1756318500000,3.041,3.1,2.9586,3.0297,85265.4,1756318799999
1756318800000,3.0311,3.1,2.7785,3.0355,920129.1,1756319099999
1756319100000,3.0355,3.1,2.7782,3.0355,900179.1,1756319399999
1756319400000,3.0352,3.1,2.9754,3.0268,48228.1,1756319699999
1756319700000,3.0268,3.028,3.025,3.025,18354.8,1756319999999
1756320000000,3.025,3.028,3.0203,3.0203,37842.0,1756320299999
1756320300000,3.0203,3.028,3.02,3.0235,4631.7,1756320599999
1756320600000,3.0235,3.028,3.0192,3.0192,17609.0,1756320899999
1756320900000,3.0227,3.028,3.0174,3.028,23584.6,1756321199999
1756321200000,3.0174,3.028,3.0132,3.0132,25138.3,1756321499999
1756321500000,3.0132,3.1,2.9461,2.9748,534127.1,1756321799999
1756321800000,2.9583,2.9841,2.9583,2.9774,604391.5,1756322099999
1756322100000,2.9596,3.0123,2.7809,2.9613,1635419.1,1756322399999
1756322400000,2.9613,3.0007,2.7827,3.0007,1582953.9,1756322699999
1756322700000,3.0046,3.0063,2.7847,3.0063,1031929.2,1756322999999
1756323000000,3.0063,3.033,2.9648,2.9648,27764.5,1756323299999
1756323300000,2.9648,3.1,2.9647,3.0131,114330.9,1756323599999
1756323600000,3.0141,3.0185,2.9638,2.965,54993.3,1756323899999
1756323900000,3.0144,3.1,2.9621,2.9703,94020.4,1756324199999
1756324200000,2.9636,3.0793,2.7825,3.0001,2988178.4,1756324499999
1756324500000,3.001,3.0056,2.9967,2.9967,52168.9,1756324799999
1756324800000,2.9967,2.9999,2.9955,2.9955,13814.9,1756325099999
1756325100000,2.9955,2.9981,2.784,2.9675,841146.3,1756325399999
1756325400000,2.9604,3.0123,2.9604,2.9956,379970.6,1756325699999
1756325700000,2.961,3.0099,2.7802,2.9971,1034727.0,1756325999999
1756326000000,2.9971,3.0231,2.7845,2.9936,1206473.3,1756326299999
1756326300000,3.0004,3.0164,2.9996,2.9996,9082.7,1756326599999
1756326600000,3.0003,3.0003,2.9943,2.9943,36476.4,1756326899999
1756326900000,2.9943,3.0188,2.9612,3.0083,73910.4,1756327199999
1756327200000,3.0083,3.009,2.9611,3.009,193273.6,1756327499999
1756327500000,3.009,3.1,2.7833,2.9635,868056.5,1756327799999
1756327800000,3.0089,3.1,2.9589,3.0069,440853.8,1756328099999
1756328100000,3.0037,3.1,2.7805,3.0068,1025939.8,1756328399999
1756328400000,3.0068,3.1,2.963,3.008,510270.1,1756328699999
1756328700000,2.9646,3.021,2.9106,2.9724,1259862.1,1756328999999
1756329000000,3.0108,3.0108,2.9701,3.0078,123130.9,1756329299999
1756329300000,3.007,3.0078,2.9724,2.973,182761.7,1756329599999
1756329600000,2.973,2.9789,2.9717,2.9717,178953.4,1756329899999
1756329900000,2.972,3.1,2.7917,2.9982,1090683.4,1756330199999
1756330200000,3.0007,3.0017,2.967,2.9675,46039.9,1756330499999
1756330500000,2.9675,3.025,2.9658,2.9663,68654.6,1756330799999
1756330800000,2.9663,3.0018,2.9636,2.9952,405810.7,1756331099999
1756331100000,2.9953,3.0018,2.963,2.9952,86676.6,1756331399999
1756331400000,2.9952,3.1,2.9642,2.9643,20160.3,1756331699999
1756331700000,2.9643,2.9645,2.9642,2.9644,4505.1,1756331999999
1756332000000,2.9645,2.9645,2.9644,2.9645,2028.0,1756332299999
1756332300000,2.9645,2.9645,2.9644,2.9645,3773.1,1756332599999
1756332600000,2.9645,2.9645,2.9643,2.9645,10048.1,1756332899999
1756332900000,2.9645,2.9645,2.9634,2.9634,4706.4,1756333199999
1756333200000,2.9633,2.9633,2.9623,2.9629,6782.0,1756333499999
1756333500000,2.9629,2.9664,2.9629,2.9664,48068.7,1756333799999
1756333800000,2.9664,2.9664,2.9644,2.965,59242.6,1756334099999
1756334100000,2.965,2.9651,2.965,2.9651,14155.9,1756334399999
1756334400000,2.9651,2.9651,2.9644,2.9645,16725.1,1756334699999
1756334700000,2.9646,2.9646,2.9637,2.9637,88251.7,1756334999999
1756335000000,2.9638,2.9638,2.9637,2.9638,1278.7,1756335299999
1756335300000,2.9638,2.9638,2.9638,2.9638,2368.4,1756335599999
1756335600000,2.9638,2.9641,2.9637,2.964,23063.8,1756335899999
1756335900000,2.964,2.964,2.9623,2.9624,57677.1,1756336199999
1756336200000,2.9624,2.9624,2.9622,2.9623,12396.7,1756336499999
1756336500000,2.9623,2.9623,2.9615,2.9616,1571.3,1756336799999
1756336800000,2.9616,2.9616,2.9587,2.9589,29586.4,1756337099999
1756337100000,2.9589,2.9589,2.9583,2.9584,2227.7,1756337399999
1756337400000,2.9584,2.9584,2.958,2.9583,4572.6,1756337699999
1756337700000,2.9584,2.9584,2.958,2.958,15448.5,1756337999999
1756338000000,2.9584,2.9584,2.957,2.9571,3762.4,1756338299999
1756338300000,2.9571,2.9571,2.9567,2.957,3319.2,1756338599999
1756338600000,2.957,2.9577,2.957,2.9577,13885.8,1756338899999
1756338900000,2.9577,2.958,2.9575,2.9579,11800.2,1756339199999
1756339200000,2.9579,2.9579,2.9574,2.9574,12457.0,1756339499999
1756339500000,2.9575,2.9575,2.9574,2.9575,910.3,1756339799999
1756339800000,2.9575,2.9577,2.9575,2.9577,21400.4,1756340099999
1756340100000,2.9577,2.9582,2.9577,2.9582,10771.4,1756340399999
1756340400000,2.9582,2.9582,2.9573,2.9574,12341.3,1756340699999
1756340700000,2.9574,2.9574,2.9572,2.9574,14586.0,1756340999999
1756341000000,2.9574,2.9574,2.9573,2.9573,5845.4,1756341299999
1756341300000,2.9574,2.9574,2.9573,2.9574,3319.9,1756341599999
1756341600000,2.9574,2.9574,2.9572,2.9574,3165.7,1756341899999
1756341900000,2.9574,2.9574,2.9572,2.9574,9778.2,1756342199999
1756342200000,2.9574,2.9577,2.9557,2.9577,13614.7,1756342499999
1756342500000,2.9577,2.9577,2.9548,2.9549,2345.9,1756342799999
1756342800000,2.9549,2.9549,2.9548,2.9549,1805.7,1756343099999
1756343100000,2.9548,2.9549,2.9541,2.9541,12908.0,1756343399999
1756343400000,2.9546,2.9559,2.9546,2.9559,47359.7,1756343699999
1756343700000,2.9559,2.9559,2.9551,2.9555,26648.1,1756343999999
1756344000000,2.9555,2.9563,2.9555,2.9562,3677.3,1756344299999
1756344300000,2.9563,2.9582,2.9562,2.9582,11741.1,1756344599999
1756344600000,2.9578,2.9579,2.9578,2.9578,945.9,1756344899999
1756344900000,2.9578,2.9579,2.9576,2.9579,7697.9,1756345199999
1756345200000,2.9579,2.9579,2.9577,2.9579,25500.9,1756345499999
1756345500000,2.9577,2.9577,2.9569,2.9569,18083.0,1756345799999
1756345800000,2.9565,2.9659,2.7774,2.9659,1984572.1,1756346099999
1756346100000,2.9536,2.99,2.953,2.9839,670481.0,1756346399999
1756346400000,2.9839,2.99,2.953,2.9532,40738.6,1756346699999
1756346700000,2.9532,2.998,2.953,2.9843,222102.4,1756346999999
1756347000000,2.9843,3.0083,2.9518,2.9519,30655.2,1756347299999
1756347300000,2.9519,2.9519,2.9508,2.9515,40243.4,1756347599999
1756347600000,2.9514,2.9531,2.9514,2.9526,204791.9,1756347899999
1756347900000,2.9524,2.9825,2.7745,2.9795,1037192.5,1756348199999
1756348200000,2.9795,2.9816,2.9521,2.9521,10619.6,1756348499999
1756348500000,2.9516,2.9516,2.9505,2.9506,967.2,1756348799999
1756348800000,2.9505,2.9581,2.9504,2.9511,372017.7,1756349099999
1756349100000,2.951,2.9511,2.9509,2.9511,3806.5,1756349399999
1756349400000,2.9511,2.9511,2.9509,2.9509,8638.4,1756349699999
1756349700000,2.951,2.9514,2.9509,2.9514,7599.3,1756349999999
1756350000000,2.9517,2.9517,2.9513,2.9514,4190.6,1756350299999
1756350300000,2.9514,2.9518,2.9513,2.9517,13629.9,1756350599999
1756350600000,2.9524,2.9531,2.9521,2.9523,85410.8,1756350899999
1756350900000,2.9523,2.9656,2.7741,2.9529,1310265.7,1756351199999
1756351200000,2.9529,2.9529,2.9528,2.9528,2027.6,1756351499999
1756351500000,2.9528,2.9528,2.9517,2.9517,3507.8,1756351799999
1756351800000,2.951,2.9626,2.7737,2.9527,1094981.5,1756352099999
1756352100000,2.9527,2.9638,2.7754,2.9536,888027.9,1756352399999
1756352400000,2.9535,2.9537,2.9535,2.9537,2110.3,1756352699999
1756352700000,2.9537,2.9539,2.9537,2.9537,3297.4,1756352999999
1756353000000,2.9542,2.977,2.7769,2.973,1678955.1,1756353299999
1756353300000,2.973,2.973,2.9714,2.9714,3571.9,1756353599999
1756353600000,2.9714,2.9714,2.9665,2.9665,7032.3,1756353899999
1756353900000,2.9551,2.9686,2.8,2.9677,2197959.8,1756354199999
1756354200000,2.9528,3.1,2.9526,2.9661,57133.6,1756354499999
1756354500000,2.9504,2.9907,2.9504,2.9899,129337.8,1756354799999
1756354800000,2.9511,2.9692,2.9495,2.9642,605243.8,1756355099999
1756355100000,2.9495,3.0025,2.7713,2.9514,1331130.1,1756355399999
1756355400000,2.9503,2.9889,2.77,2.9777,440146.2,1756355699999
1756355700000,2.9514,3.1,2.7741,2.9953,1225169.9,1756355999999
1756356000000,2.9516,3.1,2.7736,2.9915,821309.4,1756356299999
1756356300000,2.9915,3.1,2.953,3.1,87578.1,1756356599999
1756356600000,2.9533,3.1,2.9501,2.9647,261219.2,1756356899999
1756356900000,2.9647,2.9647,2.7456,2.9519,2362976.7,1756357199999
1756357200000,2.951,2.9653,2.951,2.9596,487290.8,1756357499999
1756357500000,2.9554,3.0101,2.7722,3.0101,1074876.9,1756357799999
1756357800000,3.01,3.1,2.948,3.0044,382744.0,1756358099999
1756358100000,3.004,3.0085,2.948,3.0054,165625.4,1756358399999
1756358400000,3.0054,3.0067,3.004,3.004,28756.2,1756358699999
1756358700000,3.004,3.0079,3.0022,3.0024,30767.7,1756358999999
1756359000000,3.0024,3.0029,3.0003,3.0012,14959.6,1756359299999
1756359300000,3.0004,3.0033,2.9472,3.0027,17510.9,1756359599999
1756359600000,3.0027,3.0028,2.9476,2.997,28818.1,1756359899999
1756359900000,2.997,3.0032,2.9457,2.9951,216107.8,1756360199999
1756360200000,2.9951,3.1,2.7,2.9937,1113973.1,1756360499999
1756360500000,2.9937,3.0005,2.7666,3.0002,1478828.8,1756360799999
1756360800000,3.0002,3.1,2.7656,2.952,1546587.7,1756361099999
1756361100000,2.9438,2.952,2.7456,2.944,1067386.9,1756361399999
1756361400000,2.9428,2.9504,2.7666,2.9458,2469664.5,1756361699999
1756361700000,2.9455,2.9521,2.7,2.9443,2153413.3,1756361999999
1756362000000,2.9446,2.9601,2.7676,2.9472,1925076.0,1756362299999
1756362300000,2.9424,2.9606,2.7705,2.9521,2856714.8,1756362599999
1756362600000,2.9486,2.9628,2.7702,2.9588,2147244.0,1756362899999
1756362900000,2.9489,3.1,2.7384,2.9947,1760096.1,1756363199999
1756363200000,3.0002,3.0136,2.73,2.9995,1838785.8,1756363499999
1756363500000,3.0005,3.0371,2.9539,3.0371,61776.5,1756363799999
1756363800000,3.0089,3.1,2.9532,2.9999,153793.9,1756364099999
1756364100000,3.0035,3.1,2.9525,3.0007,134490.3,1756364399999
1756364400000,3.0049,3.1,2.7742,2.9627,896327.6,1756364699999
1756364700000,2.9544,3.1,2.9544,3.0056,106357.6,1756364999999
1756365000000,3.0076,3.0137,2.9564,2.9769,124515.7,1756365299999
1756365300000,2.9748,3.0075,2.9561,3.0007,79271.1,1756365599999
1756365600000,3.0007,3.1,2.9555,2.9929,51312.8,1756365899999
1756365900000,2.9929,3.0215,2.9565,2.9954,38083.6,1756366199999
1756366200000,2.9955,3.1,2.9544,2.9648,75730.6,1756366499999
1756366500000,2.9645,2.965,2.9541,2.9546,18291.0,1756366799999
1756366800000,2.9546,2.9563,2.9546,2.9561,4975.5,1756367099999
1756367100000,2.9561,2.9563,2.9559,2.9559,4680.3,1756367399999
1756367400000,2.9559,2.9968,2.7771,2.996,1704444.7,1756367699999
1756367700000,2.996,3.0016,2.7777,3.0016,807040.6,1756367999999
1756368000000,3.0016,3.01,2.9573,3.0067,145529.6,1756368299999
1756368300000,2.9644,3.015,2.9576,3.0095,263864.9,1756368599999
1756368600000,3.0095,3.0095,2.9576,3.0081,61890.0,1756368899999
1756368900000,3.0081,3.0132,2.7791,3.0095,1151179.9,1756369199999
1756369200000,3.0095,3.0095,2.9556,3.0065,88324.1,1756369499999
1756369500000,2.9593,3.0082,2.7774,2.9942,653836.4,1756369799999
1756369800000,2.958,3.0025,2.9579,3.0012,145014.7,1756370099999
1756370100000,3.0012,3.0029,2.9584,3.0002,274220.3,1756370399999
1756370400000,3.0002,3.0019,2.7801,2.999,787106.3,1756370699999
1756370700000,2.9607,2.9983,2.9598,2.9981,461244.8,1756370999999
1756371000000,2.998,2.9984,2.784,2.9704,757220.9,1756371299999
1756371300000,2.9691,3.0004,2.9618,2.9988,76737.8,1756371599999
1756371600000,2.9988,2.9995,2.9615,2.9961,99750.8,1756371899999
1756371900000,2.9964,3.1,2.9617,2.9943,190071.1,1756372199999
1756372200000,2.9925,3.0028,2.9602,2.9912,88128.8,1756372499999
1756372500000,2.9911,2.9937,2.7828,2.9929,1502573.2,1756372799999
1756372800000,2.9929,2.9946,2.9903,2.9946,98655.3,1756373099999
1756373100000,2.9947,3.0018,2.9947,2.9987,67013.2,1756373399999
1756373400000,2.9987,2.9987,2.9971,2.9971,32323.8,1756373699999
1756373700000,2.9971,2.9984,2.9962,2.9965,33517.0,1756373999999
1756374000000,2.9965,3.1,2.959,2.9597,566189.4,1756374299999
1756374300000,2.9597,2.9602,2.9592,2.9602,47361.7,1756374599999
1756374600000,2.9602,2.9602,2.958,2.9584,5121.2,1756374899999
1756374900000,2.9584,2.9587,2.9583,2.9587,1520.8,1756375199999
1756375200000,2.9587,3.1,2.9587,2.9937,767435.8,1756375499999
1756375500000,2.9937,2.9995,2.9613,2.9615,296324.3,1756375799999
1756375800000,2.9615,2.9621,2.9615,2.9621,14546.7,1756376099999
1756376100000,2.9621,2.9626,2.9621,2.9626,5771.6,1756376399999
1756376400000,2.9626,2.9632,2.9625,2.9632,6442.4,1756376699999
1756376700000,2.9632,2.9658,2.9632,2.9658,2947.7,1756376999999
1756377000000,2.9658,2.9663,2.9656,2.9656,26999.4,1756377299999
1756377300000,2.9657,2.9658,2.9641,2.9641,9660.2,1756377599999
1756377600000,2.9641,2.9642,2.9641,2.9641,5791.8,1756377899999
1756377900000,2.9641,2.9642,2.9637,2.9637,5093.1,1756378199999
1756378200000,2.9637,2.9637,2.962,2.962,5574.2,1756378499999
1756378500000,2.962,2.962,2.9616,2.9617,4202.4,1756378799999
1756378800000,2.9616,2.9616,2.9615,2.9615,5563.2,1756379099999
1756379100000,2.9616,2.9616,2.9605,2.9605,2230.6,1756379399999
1756379400000,2.9606,2.9606,2.9594,2.9595,7007.5,1756379699999
1756379700000,2.9594,2.9599,2.9594,2.9599,14090.4,1756379999999
1756380000000,2.9598,2.9599,2.9594,2.9594,2907.2,1756380299999
1756380300000,2.9594,2.9595,2.9589,2.9589,12192.8,1756380599999
1756380600000,2.9591,2.9601,2.9591,2.9601,13857.5,1756380899999
1756380900000,2.9605,2.9605,2.9597,2.9604,12068.9,1756381199999
1756381200000,2.9602,2.9604,2.9577,2.9577,6647.5,1756381499999
1756381500000,2.9576,2.9577,2.9572,2.9573,4439.7,1756381799999
1756381800000,2.9573,2.9573,2.9571,2.9573,845.6,1756382099999
1756382100000,2.9571,2.9572,2.9564,2.9568,10977.0,1756382399999
1756382400000,2.9568,2.9569,2.9567,2.9569,11794.7,1756382699999
1756382700000,2.9569,2.9584,2.9563,2.9581,156552.9,1756382999999
1756383000000,2.9581,2.9581,2.9576,2.958,6129.9,1756383299999
1756383300000,2.958,2.958,2.9548,2.955,21035.1,1756383599999
1756383600000,2.9548,2.9548,2.9545,2.9545,5085.5,1756383899999
1756383900000,2.9545,2.9545,2.9536,2.9536,6751.9,1756384199999
1756384200000,2.9538,2.9588,2.9537,2.9548,345025.1,1756384499999
1756384500000,2.9548,2.9557,2.9548,2.9553,30105.7,1756384799999
1756384800000,2.9553,3.0212,2.9553,3.0212,682676.1,1756385099999
1756385100000,3.0214,3.023,3.0202,3.0216,153367.9,1756385399999
1756385400000,3.0216,3.023,2.9649,3.0206,96769.9,1756385699999
1756385700000,3.0207,3.0222,3.0168,3.0178,86945.1,1756385999999
1756386000000,3.0178,3.0224,3.0156,3.0224,180861.3,1756386299999
1756386300000,3.0224,3.0234,3.0176,3.0195,85036.7,1756386599999
1756386600000,3.0197,3.0198,3.0173,3.0183,109479.3,1756386899999
1756386900000,3.0185,3.0229,3.0126,3.0187,181510.8,1756387199999
1756387200000,3.0197,3.0236,3.0197,3.0216,93705.7,1756387499999
1756387500000,3.0215,3.0221,3.012,3.0123,297082.9,1756387799999
1756387800000,3.0127,3.0181,3.0117,3.0144,134583.1,1756388099999
1756388100000,3.0144,3.0155,3.0039,3.0155,72497.2,1756388399999
1756388400000,3.0156,3.0181,3.0134,3.0161,110427.4,1756388699999
1756388700000,3.0161,3.0165,2.9597,2.9616,211394.1,1756388999999
1756389000000,2.9616,2.9724,2.9608,2.9619,312378.4,1756389299999
1756389300000,2.9611,2.9688,2.9604,2.9621,282817.4,1756389599999
1756389600000,2.9621,2.9682,2.9612,2.9682,321765.6,1756389899999
1756389900000,2.9682,2.9755,2.9606,2.9721,334177.8,1756390199999
1756390200000,2.9721,2.9721,2.9592,2.9665,340013.1,1756390499999
1756390500000,2.9665,2.9707,2.9594,2.961,345420.5,1756390799999
1756390800000,2.961,2.9728,2.9603,2.9728,316453.5,1756391099999
1756391100000,2.9728,3.0035,2.9608,2.9683,132659.6,1756391399999
1756391400000,2.9683,2.9683,2.9608,2.9621,292771.0,1756391699999
1756391700000,2.9621,2.9696,2.9608,2.9615,314019.3,1756391999999
1756392000000,2.9615,3.0147,2.9574,2.9612,247609.6,1756392299999
1756392300000,2.9612,2.9664,2.9576,2.9664,583631.1,1756392599999
1756392600000,2.9664,3.0156,2.9588,3.0149,498210.1,1756392899999
1756392900000,3.0149,3.0174,3.0129,3.0151,86525.9,1756393199999
1756393200000,3.0151,3.0174,3.0131,3.0161,68608.1,1756393499999
1756393500000,3.016,3.016,3.0104,3.0105,56424.0,1756393799999
1756393800000,3.0105,3.0113,3.0071,3.0083,12484.9,1756394099999
1756394100000,3.0083,3.0089,2.9594,2.9621,371786.7,1756394399999
1756394400000,2.9621,2.9734,2.957,2.9585,305411.1,1756394699999
1756394700000,2.9585,2.9639,2.9577,2.9621,263042.2,1756394999999
1756395000000,2.9621,2.9645,2.9534,2.9608,274759.5,1756395299999
1756395300000,2.9608,2.9663,2.9521,2.9538,397414.3,1756395599999
1756395600000,2.9538,2.9588,2.9535,2.9543,105799.1,1756395899999
1756395900000,2.9541,2.9543,2.9538,2.9539,23787.5,1756396199999
1756396200000,2.9538,2.9539,2.9522,2.9523,5131.8,1756396499999
1756396500000,2.9523,2.9523,2.9522,2.9523,3863.5,1756396799999
1756396800000,2.9523,2.9543,2.9522,2.9543,219872.9,1756397099999
1756397100000,2.9543,2.9593,2.953,2.9543,271022.6,1756397399999
1756397400000,2.9543,2.9623,2.9527,2.9533,337261.2,1756397699999
1756397700000,2.9533,2.9623,2.9499,2.9507,411770.0,1756397999999
1756398000000,2.95,2.9563,2.9499,2.955,307985.1,1756398299999
1756398300000,2.955,2.9575,2.9496,2.9514,329867.8,1756398599999
1756398600000,2.9514,2.9541,2.9507,2.953,325349.7,1756398899999
1756398900000,2.953,2.9653,2.9519,2.9633,302264.8,1756399199999
1756399200000,2.9633,2.9653,2.9504,2.9513,276370.8,1756399499999
1756399500000,2.9513,2.9526,2.9512,2.9525,314869.0,1756399799999
1756399800000,2.9525,2.9531,2.9521,2.9526,190607.7,1756400099999
1756400100000,2.9525,2.9527,2.9525,2.9526,5267.7,1756400399999
1756400400000,2.9527,2.9527,2.9511,2.9512,55248.9,1756400699999
1756400700000,2.9512,2.9529,2.9512,2.9527,3598.9,1756400999999
1756401000000,2.9526,2.9526,2.9525,2.9526,2112.6,1756401299999
1756401300000,2.9526,2.9526,2.9515,2.9516,3057.1,1756401599999
1756401600000,2.9516,2.9517,2.9515,2.9517,4342.3,1756401899999
1756401900000,2.9517,2.9558,2.9494,2.9517,46727.1,1756402199999
1756402200000,2.9495,2.9507,2.9495,2.9496,21849.0,1756402499999
1756402500000,2.9496,2.9496,2.9494,2.9495,10859.5,1756402799999
1756402800000,2.9495,2.9495,2.9488,2.9491,26306.0,1756403099999
1756403100000,2.9491,2.9497,2.949,2.949,98650.9,1756403399999
1756403400000,2.949,2.9495,2.9485,2.9487,45682.7,1756403699999
1756403700000,2.9487,2.9496,2.9485,2.9496,68280.4,1756403999999
1756404000000,2.9496,2.9497,2.949,2.949,13818.3,1756404299999
1756404300000,2.949,2.9491,2.9471,2.9471,7197.2,1756404599999
1756404600000,2.9473,2.9473,2.9462,2.9463,3699.7,1756404899999
1756404900000,2.9463,2.9463,2.9458,2.9461,2720.2,1756405199999
1756405200000,2.9461,2.9461,2.9455,2.9455,5051.3,1756405499999
1756405500000,2.9458,2.9486,2.9432,2.9486,134992.7,1756405799999
1756405800000,2.9486,2.9501,2.9411,2.9465,304807.5,1756406099999
1756406100000,2.9464,2.9466,2.9387,2.9391,357446.9,1756406399999
1756406400000,2.9391,2.9437,2.9383,2.9418,296917.1,1756406699999
1756406700000,2.9418,2.9494,2.9415,2.942,254737.2,1756406999999
1756407000000,2.942,2.9488,2.9415,2.9416,8972.9,1756407299999
1756407300000,2.9415,2.9416,2.9407,2.9407,58676.5,1756407599999
1756407600000,2.941,2.941,2.9406,2.9406,5631.9,1756407899999
1756407900000,2.9407,2.9407,2.9395,2.9407,25729.6,1756408199999
1756408200000,2.9407,2.9447,2.9371,2.9373,32953.2,1756408499999
1756408500000,2.9373,2.9373,2.9371,2.9371,5757.4,1756408799999
1756408800000,2.9373,2.9373,2.936,2.9363,8054.5,1756409099999
1756409100000,2.9363,2.9364,2.9361,2.9364,6644.0,1756409399999
1756409400000,2.9364,2.9389,2.9364,2.9389,5778.7,1756409699999
1756409700000,2.9389,2.9391,2.9388,2.9391,7661.3,1756409999999
1756410000000,2.9391,2.9397,2.9391,2.9397,12243.9,1756410299999
1756410300000,2.9397,2.9445,2.9397,2.9445,13488.6,1756410599999
1756410600000,2.9445,2.9451,2.9445,2.9449,27057.3,1756410899999
1756410900000,2.9449,2.9454,2.9438,2.9438,149125.3,1756411199999
1756411200000,2.9438,2.9499,2.9434,2.9492,221213.4,1756411499999
1756411500000,2.9492,2.9504,2.9487,2.9502,85970.1,1756411799999
1756411800000,2.9502,2.9516,2.9486,2.9516,70016.1,1756412099999
1756412100000,2.9501,2.9501,2.9469,2.9469,13741.7,1756412399999
1756412400000,2.947,2.947,2.9459,2.9461,4434.8,1756412699999
1756412700000,2.9461,2.9472,2.9461,2.9472,44272.4,1756412999999
1756413000000,2.947,2.9496,2.9468,2.9492,164722.8,1756413299999
1756413300000,2.9496,2.9533,2.9477,2.9533,131449.3,1756413599999
1756413600000,2.9533,2.9558,2.953,2.9552,12393.4,1756413899999
1756413900000,2.9552,2.9552,2.9491,2.9496,71640.0,1756414199999
1756414200000,2.9491,2.9534,2.9487,2.952,103737.9,1756414499999
1756414500000,2.952,2.952,2.9479,2.9486,96668.9,1756414799999
1756414800000,2.9481,2.9483,2.9472,2.948,81386.0,1756415099999
1756415100000,2.948,2.9516,2.9479,2.9516,90885.8,1756415399999
1756415400000,2.9517,2.9517,2.9495,2.9513,82464.7,1756415699999
1756415700000,2.9512,2.9517,2.9493,2.9498,124541.4,1756415999999
1756416000000,2.9502,2.9502,2.9472,2.9487,90813.0,1756416299999
1756416300000,2.9487,2.9495,2.9466,2.9484,101561.1,1756416599999
1756416600000,2.9484,2.9502,2.9472,2.9502,91126.4,1756416899999
1756416900000,2.9501,2.9542,2.9501,2.9542,180555.6,1756417199999
1756417200000,2.9546,2.9559,2.942,2.942,18891.5,1756417499999
1756417500000,2.9419,2.943,2.9419,2.9428,62598.3,1756417799999
1756417800000,2.9428,2.9429,2.9421,2.9421,2377.1,1756418099999
1756418100000,2.9422,2.9422,2.9419,2.942,671.2,1756418399999
1756418400000,2.9421,2.9421,2.942,2.9421,3036.1,1756418699999
1756418700000,2.9422,2.9422,2.9421,2.9422,1115.9,1756418999999
1756419000000,2.9422,2.9422,2.9416,2.9417,1717.4,1756419299999
1756419300000,2.9417,2.9417,2.9416,2.9417,882.6,1756419599999
1756419600000,2.9417,2.9417,2.9414,2.9415,1070.4,1756419899999
1756419900000,2.9415,2.9418,2.9414,2.9418,7503.0,1756420199999
1756420200000,2.9418,2.9418,2.9416,2.9416,11513.6,1756420499999
1756420500000,2.9416,2.9418,2.9392,2.9392,29432.8,1756420799999
1756420800000,2.9395,2.94,2.9384,2.9385,3718.2,1756421099999
1756421100000,2.9385,2.9385,2.9384,2.9385,4903.0,1756421399999
1756421400000,2.9385,2.9395,2.9385,2.9395,10004.7,1756421699999
1756421700000,2.9395,2.941,2.9395,2.9409,2467.9,1756421999999
1756422000000,2.9409,2.9409,2.9407,2.9408,10852.3,1756422299999
1756422300000,2.9408,2.9408,2.9405,2.9407,9390.5,1756422599999
1756422600000,2.9407,2.9407,2.9404,2.9404,150.2,1756422899999
1756422900000,2.9404,2.9411,2.9404,2.9405,12543.9,1756423199999
1756423200000,2.9411,2.942,2.9411,2.9414,24076.8,1756423499999
1756423500000,2.9414,2.9416,2.9413,2.9416,47699.1,1756423799999
1756423800000,2.9417,2.9435,2.9417,2.9435,3955.2,1756424099999
1756424100000,2.9435,2.9439,2.9435,2.9439,4483.1,1756424399999
1756424400000,2.9439,2.9441,2.9438,2.9441,13354.4,1756424699999
1756424700000,2.9441,2.9442,2.9437,2.9437,11487.9,1756424999999
1756425000000,2.9437,2.944,2.9437,2.944,7132.7,1756425299999
1756425300000,2.944,2.9458,2.944,2.9458,5313.0,1756425599999
1756425600000,2.9461,2.9466,2.9457,2.9466,608.9,1756425899999
1756425900000,2.9466,2.9476,2.9466,2.9476,4001.3,1756426199999
1756426200000,2.9476,2.9482,2.9475,2.9475,18491.6,1756426499999
1756426500000,2.9476,2.9477,2.9475,2.9475,7269.8,1756426799999
1756426800000,2.9475,2.9476,2.9471,2.9471,4756.6,1756427099999
1756427100000,2.9471,2.9502,2.947,2.9502,94925.8,1756427399999
1756427400000,2.9502,2.9516,2.9502,2.9516,3510.5,1756427699999
1756427700000,2.9517,2.9521,2.9517,2.9517,25578.5,1756427999999
1756428000000,2.9518,2.9518,2.9517,2.9518,6309.9,1756428299999
1756428300000,2.9518,2.952,2.9517,2.952,30381.4,1756428599999
1756428600000,2.952,2.9541,2.952,2.9537,46576.8,1756428899999
1756428900000,2.9537,2.9538,2.9523,2.9535,75036.6,1756429199999
1756429200000,2.9538,2.9541,2.9525,2.9525,29011.9,1756429499999
1756429500000,2.9525,2.953,2.9497,2.9499,279620.7,1756429799999
1756429800000,2.9499,2.9499,2.9476,2.9479,215496.1,1756430099999
1756430100000,2.9479,2.9481,2.9444,2.9452,232143.3,1756430399999
1756430400000,2.9449,2.9449,2.9386,2.9398,348409.3,1756430699999
1756430700000,2.9399,2.9436,2.939,2.939,273634.4,1756430999999
1756431000000,2.939,2.944,2.9388,2.944,234568.0,1756431299999
1756431300000,2.944,2.9459,2.9436,2.9453,138219.1,1756431599999
1756431600000,2.9452,2.9463,2.9452,2.9462,126510.3,1756431899999
1756431900000,2.9462,2.9464,2.9417,2.9419,386637.5,1756432199999
1756432200000,2.9419,2.9438,2.9397,2.9407,210278.1,1756432499999
1756432500000,2.9398,2.9425,2.9397,2.9408,94572.4,1756432799999
1756432800000,2.9408,2.9412,2.9371,2.9412,250482.1,1756433099999
1756433100000,2.9412,2.9434,2.9411,2.9427,224121.8,1756433399999
1756433400000,2.9427,2.9465,2.9427,2.9465,284229.5,1756433699999
1756433700000,2.9465,2.9466,2.9449,2.945,212626.1,1756433999999
1756434000000,2.945,2.9477,2.945,2.9475,192157.5,1756434299999
1756434300000,2.9476,2.9514,2.9472,2.9493,294940.4,1756434599999
1756434600000,2.9494,2.9494,2.9478,2.9488,249564.1,1756434899999
1756434900000,2.9487,2.9491,2.9468,2.9468,277273.9,1756435199999
1756435200000,2.9468,2.9498,2.9465,2.9498,261509.4,1756435499999
1756435500000,2.9498,2.9508,2.949,2.9508,169328.0,1756435799999
1756435800000,2.9508,2.9517,2.9502,2.9502,178027.9,1756436099999
1756436100000,2.9502,2.9502,2.9471,2.9471,101245.6,1756436399999
1756436400000,2.9472,2.9481,2.9446,2.9446,210132.3,1756436699999
1756436700000,2.9447,2.947,2.9422,2.9444,243166.9,1756436999999
1756437000000,2.9444,2.9456,2.9412,2.9412,161425.7,1756437299999
1756437300000,2.9412,2.9421,2.9382,2.9421,96003.5,1756437599999
1756437600000,2.9421,2.9431,2.9415,2.9415,103856.6,1756437899999
1756437900000,2.9415,2.9437,2.9374,2.9393,187441.9,1756438199999
1756438200000,2.9391,2.9403,2.9375,2.9375,73004.0,1756438499999
1756438500000,2.9375,2.9446,2.9375,2.9439,160652.1,1756438799999
1756438800000,2.9446,2.9446,2.9425,2.9425,57828.1,1756439099999
1756439100000,2.9426,2.943,2.9405,2.9421,110304.7,1756439399999
1756439400000,2.9421,2.9434,2.9415,2.9419,80719.0,1756439699999
1756439700000,2.9418,2.942,2.9379,2.938,95444.1,1756439999999
1756440000000,2.938,2.9385,2.9372,2.9373,54041.5,1756440299999
1756440300000,2.9373,2.9378,2.9297,2.9301,212490.5,1756440599999
1756440600000,2.9301,2.9312,2.9276,2.9301,91975.3,1756440899999
1756440900000,2.93,2.9333,2.9288,2.9333,115544.1,1756441199999
1756441200000,2.9333,2.9341,2.9303,2.9325,145823.7,1756441499999
1756441500000,2.9325,2.9331,2.9304,2.9304,56281.8,1756441799999
1756441800000,2.9305,2.9305,2.9245,2.9268,134654.1,1756442099999
1756442100000,2.9266,2.9273,2.9252,2.9272,87723.9,1756442399999
1756442400000,2.9253,2.9275,2.9253,2.9262,64676.3,1756442699999
1756442700000,2.9261,2.929,2.9258,2.9262,52890.9,1756442999999
1756443000000,2.9265,2.9268,2.9228,2.9237,59692.7,1756443299999
1756443300000,2.9231,2.9237,2.9138,2.9161,158615.3,1756443599999
1756443600000,2.9162,2.9162,2.9092,2.9099,72371.2,1756443899999
1756443900000,2.9094,2.912,2.9061,2.9116,160695.1,1756444199999
1756444200000,2.9116,2.9116,2.9061,2.9089,107159.8,1756444499999
1756444500000,2.9089,2.9091,2.9062,2.9062,65842.1,1756444799999
1756444800000,2.9064,2.9065,2.903,2.906,97626.0,1756445099999
1756445100000,2.9056,2.9059,2.8896,2.9006,94407.6,1756445399999
1756445400000,2.9006,2.9061,2.8999,2.9061,101725.0,1756445699999
1756445700000,2.9061,2.9493,2.9051,2.9091,191211.6,1756445999999
1756446000000,2.9091,2.9123,2.9091,2.9106,114258.7,1756446299999
1756446300000,2.9118,2.9142,2.9111,2.9132,65736.2,1756446599999
1756446600000,2.9132,2.9132,2.907,2.907,74385.1,1756446899999
1756446900000,2.9073,2.9092,2.907,2.9089,51092.5,1756447199999
1756447200000,2.9093,2.9106,2.9046,2.9047,85326.6,1756447499999
1756447500000,2.9047,2.923,2.8988,2.8988,236734.2,1756447799999
1756447800000,2.8988,2.8997,2.8962,2.8968,144239.6,1756448099999
1756448100000,2.8961,2.8961,2.8823,2.8918,180878.6,1756448399999
1756448400000,2.8918,2.8925,2.8918,2.892,25593.5,1756448699999
1756448700000,2.8918,2.8926,2.8918,2.8918,52426.3,1756448999999
1756449000000,2.8919,2.8932,2.8918,2.892,76681.4,1756449299999
1756449300000,2.8918,2.896,2.8918,2.8932,129242.0,1756449599999
1756449600000,2.892,2.9045,2.8906,2.8979,189980.0,1756449899999
1756449900000,2.8999,2.9013,2.8955,2.8955,146174.0,1756450199999
1756450200000,2.8955,2.8991,2.894,2.8974,129553.4,1756450499999
1756450500000,2.8979,2.9007,2.8975,2.8995,127650.7,1756450799999
1756450800000,2.8995,2.9063,2.8828,2.8896,326999.0,1756451099999
1756451100000,2.8896,2.8912,2.8796,2.8827,270562.3,1756451399999
1756451400000,2.8827,2.8842,2.8689,2.8693,266365.9,1756451699999
1756451700000,2.8693,2.8712,2.8665,2.8703,261056.6,1756451999999
1756452000000,2.8703,2.8725,2.8656,2.8656,322533.2,1756452299999
1756452300000,2.8657,2.8672,2.8599,2.8669,285039.3,1756452599999
1756452600000,2.8669,2.8741,2.8669,2.8712,238457.1,1756452899999
1756452900000,2.8714,2.8715,2.8654,2.8679,241591.7,1756453199999
1756453200000,2.8679,2.8707,2.8679,2.8697,185200.2,1756453499999
1756453500000,2.8697,2.8727,2.8688,2.8721,178322.2,1756453799999
1756453800000,2.8721,2.8757,2.8716,2.8721,206907.2,1756454099999
1756454100000,2.8721,2.8727,2.8647,2.8685,167822.1,1756454399999
1756454400000,2.8685,2.8764,2.8683,2.8703,363531.5,1756454699999
1756454700000,2.8703,2.8736,2.8666,2.8666,150614.4,1756454999999
1756455000000,2.8663,2.867,2.8643,2.8648,145355.3,1756455299999
1756455300000,2.8648,2.8672,2.8624,2.8627,159933.8,1756455599999
1756455600000,2.8628,2.8639,2.8566,2.8606,219273.4,1756455899999
1756455900000,2.8594,2.8683,2.8594,2.8616,257090.3,1756456199999
1756456200000,2.8616,2.8635,2.8605,2.8635,182719.6,1756456499999
1756456500000,2.8635,2.8636,2.8538,2.8593,130207.4,1756456799999
1756456800000,2.8592,2.8635,2.8591,2.8622,149986.8,1756457099999
1756457100000,2.8622,2.864,2.8599,2.8599,161306.8,1756457399999
1756457400000,2.8599,2.8599,2.8523,2.8529,134102.7,1756457699999
1756457700000,2.8528,2.8544,2.8488,2.8512,139652.3,1756457999999
1756458000000,2.8511,2.8526,2.8437,2.8447,182846.3,1756458299999
1756458300000,2.8447,2.8473,2.8435,2.8471,152602.9,1756458599999
1756458600000,2.8459,2.8495,2.8457,2.8491,110596.3,1756458899999
1756458900000,2.8493,2.8569,2.8484,2.8569,291544.8,1756459199999
1756459200000,2.8569,2.9493,2.8569,2.86,145775.5,1756459499999
1756459500000,2.86,2.9445,2.86,2.8611,94458.4,1756459799999
1756459800000,2.8611,2.9493,2.8491,2.8605,106502.1,1756460099999
1756460100000,2.8605,2.9497,2.8587,2.8593,83158.4,1756460399999
1756460400000,2.8588,2.9497,2.8579,2.8599,62930.6,1756460699999
1756460700000,2.86,2.9499,2.86,2.8725,338982.1,1756460999999
1756461000000,2.8725,2.9499,2.8697,2.8699,121128.0,1756461299999
1756461300000,2.9499,2.95,2.8727,2.8743,194606.9,1756461599999
1756461600000,2.8743,2.9507,2.8729,2.8757,182027.2,1756461899999
1756461900000,2.8757,2.9509,2.8757,2.8805,158612.6,1756462199999
1756462200000,2.8805,2.8806,2.8794,2.8806,78077.9,1756462499999
1756462500000,2.8806,2.9509,2.8757,2.8797,191033.3,1756462799999
1756462800000,2.8797,2.9509,2.8789,2.8803,146426.5,1756463099999
1756463100000,2.8803,2.9404,2.8803,2.8835,155708.1,1756463399999
1756463400000,2.8835,2.9514,2.878,2.8802,73916.6,1756463699999
1756463700000,2.8802,2.9514,2.8768,2.8768,131729.7,1756463999999
1756464000000,2.8768,2.9516,2.8726,2.8726,173428.2,1756464299999
1756464300000,2.8724,2.9517,2.8724,2.875,157216.7,1756464599999
1756464600000,2.8731,2.9517,2.8706,2.8719,147988.5,1756464899999
1756464900000,2.8718,2.9517,2.8718,2.8756,124197.5,1756465199999
1756465200000,2.8751,2.9517,2.8724,2.8788,89507.2,1756465499999
1756465500000,2.8756,2.8788,2.8702,2.8788,42977.6,1756465799999
1756465800000,2.8788,2.9517,2.874,2.8804,195821.1,1756466099999
1756466100000,2.8796,2.8804,2.8768,2.8804,40677.3,1756466399999
1756466400000,2.8754,2.9517,2.8737,2.8764,98446.6,1756466699999
1756466700000,2.8764,2.9517,2.8724,2.8728,142879.1,1756466999999
1756467000000,2.8728,2.9518,2.8727,2.8746,138711.4,1756467299999
1756467300000,2.8746,2.9274,2.873,2.8732,91184.3,1756467599999
1756467600000,2.8732,2.9519,2.8704,2.8707,63023.3,1756467899999
1756467900000,2.8705,2.9519,2.8705,2.8735,228048.5,1756468199999
1756468200000,2.8735,2.9519,2.8708,2.8714,56126.7,1756468499999
1756468500000,2.8714,2.9519,2.8714,2.9519,237145.7,1756468799999
1756468800000,2.8747,2.9519,2.82,2.8774,247581.2,1756469099999
1756469100000,2.8774,2.9404,2.877,2.8782,114425.5,1756469399999
1756469400000,2.8779,2.9519,2.8779,2.8823,217892.0,1756469699999
1756469700000,2.8823,2.8823,2.8779,2.8823,32690.0,1756469999999
1756470000000,2.8814,2.9519,2.8759,2.8795,116429.7,1756470299999
1756470300000,2.8795,2.9519,2.8772,2.8783,36718.0,1756470599999
1756470600000,2.8783,2.9545,2.878,2.8981,241015.6,1756470899999
1756470900000,2.8979,2.9404,2.8831,2.8853,91384.4,1756471199999
1756471200000,2.8853,2.8853,2.8805,2.8853,46262.6,1756471499999
1756471500000,2.8853,2.9545,2.8811,2.8895,273478.4,1756471799999
1756471800000,2.8895,2.8895,2.8859,2.8895,36236.4,1756472099999
1756472100000,2.8895,2.9545,2.8829,2.8849,98059.7,1756472399999
1756472400000,2.8849,2.9545,2.8801,2.8802,88025.4,1756472699999
1756472700000,2.8802,2.9545,2.8766,2.8788,256276.9,1756472999999
1756473000000,2.8788,2.9545,2.8771,2.8797,207851.5,1756473299999
1756473300000,2.8797,2.88,2.8675,2.88,67632.1,1756473599999
1756473600000,2.8675,2.9543,2.8648,2.8648,606044.7,1756473899999
1756473900000,2.9503,2.9503,2.8658,2.8682,207966.0,1756474199999
1756474200000,2.8682,2.8723,2.8598,2.8669,126119.4,1756474499999
1756474500000,2.8669,2.8707,2.8638,2.8652,207300.6,1756474799999
1756474800000,2.8643,2.9468,2.8508,2.8565,347371.1,1756475099999
1756475100000,2.8561,2.8626,2.8388,2.8476,219290.2,1756475399999
1756475400000,2.8476,2.8558,2.8472,2.8535,166712.0,1756475699999
1756475700000,2.8529,2.9463,2.8436,2.8485,422995.9,1756475999999
1756476000000,2.8485,2.8571,2.8406,2.8414,173923.0,1756476299999
1756476300000,2.8413,2.947,2.8259,2.8315,230432.3,1756476599999
1756476600000,2.8314,2.833,2.8258,2.8311,105606.9,1756476899999
1756476900000,2.8311,2.8425,2.8287,2.8425,152441.6,1756477199999
1756477200000,2.8425,2.8488,2.8425,2.8437,104442.7,1756477499999
1756477500000,2.8437,2.8438,2.82,2.8374,134837.9,1756477799999
1756477800000,2.8374,2.9508,2.8291,2.8374,138148.4,1756478099999
1756478100000,2.8379,2.9502,2.8271,2.8296,150894.4,1756478399999
1756478400000,2.8296,2.8376,2.8222,2.8259,243004.6,1756478699999
1756478700000,2.8254,2.8275,2.82,2.8226,163692.8,1756478999999
1756479000000,2.8226,2.9506,2.6555,2.8223,203919.2,1756479299999
1756479300000,2.8223,2.8238,2.8186,2.8196,107162.9,1756479599999
1756479600000,2.8195,2.8306,2.8195,2.8275,194237.5,1756479899999
1756479900000,2.8277,2.8373,2.8275,2.8332,156970.0,1756480199999
1756480200000,2.8332,2.8366,2.8304,2.8366,106363.4,1756480499999
1756480500000,2.836,2.844,2.8359,2.8408,163806.1,1756480799999
1756480800000,2.8395,2.8422,2.8383,2.8409,81588.4,1756481099999
1756481100000,2.8409,2.8423,2.8367,2.8398,71729.1,1756481399999
1756481400000,2.8384,2.8437,2.8355,2.8397,166407.6,1756481699999
1756481700000,2.8397,2.8437,2.8363,2.8389,132000.0,1756481999999
1756482000000,2.8381,2.9545,2.8375,2.8418,350364.5,1756482299999
1756482300000,2.8404,2.843,2.8378,2.8381,67163.3,1756482599999
1756482600000,2.8381,2.8429,2.8366,2.8428,119282.7,1756482899999
1756482900000,2.8428,2.8438,2.8336,2.834,82754.9,1756483199999
1756483200000,2.834,2.8386,2.8263,2.8282,115668.0,1756483499999
1756483500000,2.8281,2.8281,2.8177,2.823,133369.4,1756483799999
1756483800000,2.8228,2.8385,2.8226,2.832,240426.7,1756484099999
1756484100000,2.8331,2.8379,2.8285,2.8303,106779.1,1756484399999
1756484400000,2.8299,2.8362,2.8291,2.8341,167900.8,1756484699999
1756484700000,2.8341,2.9561,2.828,2.8303,152450.2,1756484999999
1756485000000,2.8302,2.8403,2.8302,2.8357,119568.7,1756485299999
1756485300000,2.8357,2.8524,2.8345,2.8428,186386.7,1756485599999
1756485600000,2.8428,2.9532,2.8395,2.841,184384.8,1756485899999
1756485900000,2.841,2.9515,2.8331,2.8331,177630.0,1756486199999
1756486200000,2.8332,2.8431,2.8332,2.841,120773.1,1756486499999
1756486500000,2.841,2.9472,2.8386,2.84,211523.1,1756486799999
1756486800000,2.8399,2.8402,2.8309,2.8402,214862.7,1756487099999
1756487100000,2.8363,2.8363,2.8238,2.8256,66524.0,1756487399999
1756487400000,2.8256,2.8273,2.8191,2.8214,92933.2,1756487699999
1756487700000,2.8207,2.824,2.8139,2.8197,132367.9,1756487999999
1756488000000,2.8197,2.8255,2.8177,2.8241,264650.9,1756488299999
1756488300000,2.8241,2.8268,2.8209,2.8209,136333.0,1756488599999
1756488600000,2.8209,2.8328,2.8203,2.8244,292860.6,1756488899999
1756488900000,2.8243,2.8292,2.8221,2.8242,108216.8,1756489199999
1756489200000,2.8242,2.8273,2.8234,2.8273,122701.4,1756489499999
1756489500000,2.8273,2.8303,2.8249,2.826,92440.7,1756489799999
1756489800000,2.8258,2.8276,2.8226,2.823,84634.2,1756490099999
1756490100000,2.8219,2.8259,2.8168,2.8184,114323.6,1756490399999
1756490400000,2.817,2.821,2.8109,2.8176,224072.1,1756490699999
1756490700000,2.8176,2.8237,2.8176,2.8198,272192.9,1756490999999
1756491000000,2.82,2.8236,2.8164,2.8168,257951.3,1756491299999
1756491300000,2.8168,2.8191,2.811,2.8128,110794.5,1756491599999
1756491600000,2.8129,2.8153,2.6044,2.8067,273948.0,1756491899999
1756491900000,2.8072,2.8074,2.8011,2.8028,66437.0,1756492199999
1756492200000,2.8027,2.8046,2.8012,2.8024,119379.2,1756492499999
1756492500000,2.8024,2.807,2.8014,2.8025,214457.4,1756492799999
1756492800000,2.8025,2.803,2.801,2.8021,39870.9,1756493099999
1756493100000,2.8021,2.8097,2.8012,2.8047,196805.1,1756493399999
1756493400000,2.8053,2.8095,2.8043,2.8087,171966.8,1756493699999
1756493700000,2.8089,2.8106,2.805,2.8092,169533.7,1756493999999
1756494000000,2.8092,2.8116,2.8058,2.8058,175201.4,1756494299999
1756494300000,2.8058,2.8171,2.8036,2.815,312010.1,1756494599999
1756494600000,2.815,2.8182,2.8139,2.8182,188353.7,1756494899999
1756494900000,2.8151,2.8228,2.8151,2.8217,183179.7,1756495199999
1756495200000,2.8217,2.832,2.8213,2.8273,293743.3,1756495499999
1756495500000,2.8256,2.8349,2.8228,2.8281,317735.0,1756495799999
1756495800000,2.8274,2.8335,2.8244,2.8244,190657.2,1756496099999
1756496100000,2.8239,2.8316,2.8227,2.83,161644.2,1756496399999
1756496400000,2.83,2.8362,2.8255,2.8333,195218.5,1756496699999
1756496700000,2.8324,2.8391,2.8313,2.8316,144538.0,1756496999999
1756497000000,2.8292,2.8315,2.8158,2.8158,111637.1,1756497299999
1756497300000,2.8153,2.8286,2.8075,2.8147,368815.2,1756497599999
1756497600000,2.8149,2.8179,2.814,2.8153,138904.6,1756497899999
1756497900000,2.8154,2.8161,2.803,2.8037,165664.9,1756498199999
1756498200000,2.8038,2.8117,2.8033,2.8117,254052.7,1756498499999
1756498500000,2.8117,2.8117,2.808,2.809,104276.7,1756498799999
1756498800000,2.8086,2.8113,2.8034,2.8113,145863.4,1756499099999
1756499100000,2.8113,2.8115,2.8044,2.8045,61913.7,1756499399999
1756499400000,2.8049,2.8052,2.7936,2.7982,142340.7,1756499699999
1756499700000,2.7982,2.7983,2.7825,2.7894,216793.3,1756499999999
1756500000000,2.7894,2.7921,2.7879,2.79,97722.3,1756500299999
1756500300000,2.79,2.7925,2.7873,2.7917,116474.5,1756500599999
1756500600000,2.7917,2.7925,2.7858,2.791,92548.4,1756500899999
1756500900000,2.7912,2.7912,2.7854,2.7867,84533.4,1756501199999
1756501200000,2.7863,2.7864,2.7718,2.7858,238147.9,1756501499999
1756501500000,2.7858,2.7943,2.7858,2.7926,256235.2,1756501799999
1756501800000,2.7911,2.7961,2.7911,2.7954,143373.1,1756502099999
1756502100000,2.7954,2.8004,2.7947,2.7968,145816.0,1756502399999
1756502400000,2.7968,2.7993,2.7968,2.7985,103791.1,1756502699999
1756502700000,2.7973,2.8026,2.7972,2.8026,237813.8,1756502999999
1756503000000,2.8026,2.8094,2.8026,2.8094,276872.6,1756503299999
1756503300000,2.8094,2.8797,2.8094,2.8138,99643.5,1756503599999
1756503600000,2.814,2.8217,2.8119,2.8131,74420.2,1756503899999
1756503900000,2.8156,2.9211,2.8131,2.8148,22838.0,1756504199999
1756504200000,2.8148,2.8172,2.8051,2.8072,43648.3,1756504499999
1756504500000,2.8068,2.8068,2.8049,2.8057,65870.2,1756504799999
1756504800000,2.8057,2.8058,2.8054,2.8058,7651.9,1756505099999
1756505100000,2.8058,2.8069,2.7992,2.805,34704.7,1756505399999
1756505400000,2.805,2.8087,2.8017,2.8087,67763.1,1756505699999
1756505700000,2.8087,2.8108,2.7967,2.8108,31982.4,1756505999999
1756506000000,2.8107,2.8108,2.8098,2.8098,3728.5,1756506299999
1756506300000,2.8093,2.8104,2.8093,2.8104,5821.8,1756506599999
1756506600000,2.8104,2.8111,2.81,2.8111,13447.1,1756506899999
1756506900000,2.8111,2.8114,2.8111,2.8112,2733.0,1756507199999
1756507200000,2.8113,2.8115,2.8105,2.8106,7135.4,1756507499999
1756507500000,2.8106,2.8106,2.8057,2.8057,73922.7,1756507799999
1756507800000,2.8056,2.8068,2.8056,2.8068,12972.0,1756508099999
1756508100000,2.8068,2.8079,2.8068,2.8079,1839.6,1756508399999
1756508400000,2.8078,2.8092,2.8078,2.8092,3898.9,1756508699999
1756508700000,2.809,2.8091,2.8084,2.8084,995.1,1756508999999
1756509000000,2.8082,2.8092,2.8081,2.8092,2409.4,1756509299999
1756509300000,2.8091,2.8092,2.8078,2.8078,2619.7,1756509599999
1756509600000,2.808,2.8081,2.8077,2.8077,1112.5,1756509899999
1756509900000,2.8077,2.8077,2.806,2.806,2605.5,1756510199999
1756510200000,2.806,2.8062,2.8041,2.8042,4174.5,1756510499999
1756510500000,2.804,2.804,2.8031,2.8033,3098.7,1756510799999
1756510800000,2.8031,2.8056,2.8031,2.8056,1763.0,1756511099999
1756511100000,2.8056,2.8066,2.8052,2.8066,8307.4,1756511399999
1756511400000,2.8076,2.8087,2.8076,2.8087,1476.0,1756511699999
1756511700000,2.8086,2.8097,2.8086,2.8096,760.8,1756511999999
1756512000000,2.8095,2.8107,2.8095,2.8107,2135.6,1756512299999
1756512300000,2.8107,2.8111,2.8107,2.8109,1001.9,1756512599999
1756512600000,2.8109,2.811,2.8094,2.8094,2379.2,1756512899999
1756512900000,2.8095,2.8095,2.8086,2.8087,4424.3,1756513199999
1756513200000,2.8088,2.8089,2.8085,2.8085,488.2,1756513499999
1756513500000,2.8085,2.8091,2.8085,2.8091,2097.1,1756513799999
1756513800000,2.8091,2.8091,2.8077,2.8079,1772.5,1756514099999
1756514100000,2.8077,2.8077,2.8067,2.8067,3184.1,1756514399999
1756514400000,2.8054,2.8054,2.8025,2.8025,12680.7,1756514699999
1756514700000,2.8021,2.8037,2.7996,2.8037,2951.9,1756514999999
1756515000000,2.8037,2.812,2.7987,2.7987,3876.9,1756515299999
1756515300000,2.7987,2.7998,2.7951,2.7998,16104.7,1756515599999
1756515600000,2.7971,2.7971,2.7937,2.7939,2922.3,1756515899999
1756515900000,2.7938,2.7951,2.7938,2.794,1619.2,1756516199999
1756516200000,2.7971,2.7973,2.7971,2.7973,1073.2,1756516499999
1756516500000,2.7971,2.7985,2.7971,2.7985,19623.3,1756516799999
1756516800000,2.799,2.7997,2.799,2.7997,17508.1,1756517099999
1756517100000,2.7997,2.7997,2.7995,2.7995,4346.6,1756517399999
1756517400000,2.7997,2.7998,2.7983,2.7984,11244.6,1756517699999
1756517700000,2.7983,2.7985,2.7965,2.7965,5631.7,1756517999999
1756518000000,2.7965,2.7968,2.7961,2.7962,7307.5,1756518299999
1756518300000,2.7962,2.7966,2.7943,2.7944,17953.5,1756518599999
1756518600000,2.7943,2.7947,2.7812,2.7931,46344.3,1756518899999
1756518900000,2.7859,2.793,2.7702,2.7895,167755.2,1756519199999
1756519200000,2.7894,2.7927,2.7624,2.7918,204151.4,1756519499999
1756519500000,2.7918,2.792,2.7902,2.7902,4593.8,1756519799999
1756519800000,2.7903,2.7903,2.7892,2.7893,832.4,1756520099999
1756520100000,2.7893,2.7897,2.7893,2.7897,10381.2,1756520399999
1756520400000,2.7897,2.7914,2.7896,2.7914,10161.9,1756520699999
1756520700000,2.7914,2.7915,2.79,2.7903,3049.4,1756520999999
1756521000000,2.7903,2.7913,2.7903,2.7913,2704.6,1756521299999
1756521300000,2.7912,2.7912,2.7898,2.7898,3834.7,1756521599999
1756521600000,2.7894,2.7894,2.7892,2.7893,4171.5,1756521899999
1756521900000,2.7893,2.7893,2.7892,2.7893,3330.4,1756522199999
1756522200000,2.7893,2.7893,2.7893,2.7893,1134.0,1756522499999
1756522500000,2.7892,2.7893,2.7891,2.7893,17642.4,1756522799999
1756522800000,2.7893,2.7893,2.7891,2.7893,4490.5,1756523099999
1756523100000,2.7888,2.789,2.7888,2.7888,1175.0,1756523399999
1756523400000,2.7889,2.7889,2.7876,2.7876,554.9,1756523699999
1756523700000,2.7881,2.7893,2.7881,2.7893,3283.3,1756523999999
1756524000000,2.7893,2.7893,2.7892,2.7893,7439.4,1756524299999
1756524300000,2.7893,2.7893,2.7892,2.7893,20735.2,1756524599999
1756524600000,2.7893,2.7893,2.7892,2.7893,9159.7,1756524899999
1756524900000,2.7893,2.7893,2.7881,2.7893,7797.2,1756525199999
1756525200000,2.7893,2.7893,2.7874,2.7893,10951.0,1756525499999
1756525500000,2.7892,2.7893,2.7892,2.7893,2121.8,1756525799999
1756525800000,2.7893,2.7893,2.7889,2.7892,1404.9,1756526099999
1756526100000,2.7893,2.7893,2.7892,2.7893,18737.3,1756526399999
1756526400000,2.7893,2.7893,2.7891,2.7893,5978.4,1756526699999
1756526700000,2.7893,2.7893,2.7889,2.7891,6329.3,1756526999999
1756527000000,2.7891,2.7893,2.7874,2.7893,65921.2,1756527299999
1756527300000,2.7891,2.8137,2.7863,2.789,84340.2,1756527599999
1756527600000,2.7877,2.7899,2.7876,2.7899,67504.5,1756527899999
1756527900000,2.7899,2.7904,2.7875,2.7894,85645.0,1756528199999
1756528200000,2.7895,2.7903,2.7895,2.7903,26604.9,1756528499999
1756528500000,2.7907,2.7907,2.7904,2.7904,7177.6,1756528799999
1756528800000,2.7904,2.7904,2.7891,2.7895,8322.3,1756529099999
1756529100000,2.7895,2.7897,2.7892,2.7894,8604.2,1756529399999
1756529400000,2.7894,2.7894,2.7877,2.7877,14480.9,1756529699999
1756529700000,2.7877,2.7877,2.7861,2.7866,36534.8,1756529999999
1756530000000,2.7865,2.7866,2.7854,2.786,11393.1,1756530299999
1756530300000,2.7861,2.788,2.7835,2.7838,101081.3,1756530599999
1756530600000,2.7838,2.7949,2.7834,2.7949,99960.1,1756530899999
1756530900000,2.7945,2.8244,2.7831,2.8217,216066.3,1756531199999
1756531200000,2.8217,2.8258,2.7851,2.8217,121666.7,1756531499999
1756531500000,2.8216,2.8728,2.783,2.8217,194097.1,1756531799999
1756531800000,2.8244,2.8257,2.7865,2.8092,85822.3,1756532099999
1756532100000,2.8091,2.8311,2.7795,2.8304,72081.2,1756532399999
1756532400000,2.8304,2.8442,2.7774,2.8274,51163.2,1756532699999
1756532700000,2.7778,2.8728,2.7769,2.8216,76930.6,1756532999999
1756533000000,2.8234,2.9212,2.7814,2.8287,106754.3,1756533299999
1756533300000,2.8287,2.8379,2.8216,2.8216,35379.5,1756533599999
1756533600000,2.8262,2.8299,2.7834,2.8244,94266.4,1756533899999
1756533900000,2.8244,2.8263,2.7871,2.8245,59985.7,1756534199999
1756534200000,2.8217,2.8728,2.787,2.8216,22190.4,1756534499999
1756534500000,2.8217,2.823,2.8202,2.823,10088.8,1756534799999
1756534800000,2.8215,2.8276,2.7883,2.825,85652.0,1756535099999
1756535100000,2.825,2.825,2.7923,2.8209,66960.5,1756535399999
1756535400000,2.8215,2.8259,2.7915,2.8217,129408.3,1756535699999
1756535700000,2.8216,2.8283,2.7931,2.8283,106903.6,1756535999999
1756536000000,2.8283,2.8491,2.7933,2.8312,56502.6,1756536299999
1756536300000,2.8188,2.8312,2.7959,2.829,69409.7,1756536599999
1756536600000,2.8216,2.8295,2.8214,2.8217,6968.7,1756536899999
1756536900000,2.8272,2.8297,2.8214,2.8217,25581.6,1756537199999
1756537200000,2.8259,2.9212,2.8207,2.8216,70442.3,1756537499999
1756537500000,2.8216,2.8275,2.8206,2.8214,26999.6,1756537799999
1756537800000,2.8214,2.828,2.7993,2.8276,52310.3,1756538099999
1756538100000,2.8214,2.8233,2.8211,2.8216,6683.5,1756538399999
1756538400000,2.8216,2.8241,2.8215,2.8216,23114.6,1756538699999
1756538700000,2.8249,2.8265,2.8188,2.8204,26185.4,1756538999999
1756539000000,2.8204,2.9215,2.7955,2.8216,106262.9,1756539299999
1756539300000,2.8216,2.9218,2.8208,2.8216,94554.1,1756539599999
1756539600000,2.8239,2.8728,2.7962,2.8315,210326.4,1756539899999
1756539900000,2.8315,2.9218,2.7975,2.8196,121164.4,1756540199999
1756540200000,2.8301,2.8306,2.8212,2.8217,4534.7,1756540499999
1756540500000,2.8188,2.8325,2.7986,2.8199,172431.8,1756540799999
1756540800000,2.8199,2.8306,2.8199,2.8306,19195.2,1756541099999
1756541100000,2.8213,2.8306,2.821,2.8214,5160.5,1756541399999
1756541400000,2.8248,2.8248,2.8173,2.8216,25685.1,1756541699999
1756541700000,2.8218,2.8218,2.817,2.8206,15777.9,1756541999999
1756542000000,2.8206,2.8217,2.7988,2.7988,3557.5,1756542299999
1756542300000,2.7994,2.7994,2.7985,2.7987,3628.6,1756542599999
1756542600000,2.7985,2.7995,2.796,2.7995,83362.6,1756542899999
1756542900000,2.7981,2.7981,2.7971,2.7976,10597.0,1756543199999
1756543200000,2.7976,2.7979,2.7972,2.7979,8303.7,1756543499999
1756543500000,2.7972,2.7983,2.7966,2.7983,50145.5,1756543799999
1756543800000,2.7983,2.7983,2.7972,2.7972,1539.2,1756544099999
1756544100000,2.7983,2.8031,2.7983,2.8026,30051.4,1756544399999
1756544400000,2.8024,2.8029,2.8017,2.8019,21151.7,1756544699999
1756544700000,2.802,2.8025,2.802,2.8025,2692.7,1756544999999
1756545000000,2.8025,2.8028,2.8021,2.8027,10200.3,1756545299999
1756545300000,2.8028,2.8038,2.8028,2.8038,3538.0,1756545599999
1756545600000,2.8039,2.8059,2.8039,2.8059,6433.2,1756545899999
1756545900000,2.8059,2.8078,2.8058,2.8078,7268.4,1756546199999
1756546200000,2.8078,2.8088,2.8072,2.8088,4267.8,1756546499999
1756546500000,2.8086,2.8086,2.8048,2.8079,34736.1,1756546799999
1756546800000,2.8078,2.8079,2.8023,2.8034,106904.1,1756547099999
1756547100000,2.8031,2.8072,2.8031,2.8072,6020.0,1756547399999
1756547400000,2.8073,2.8098,2.8073,2.8098,17877.6,1756547699999
1756547700000,2.8098,2.812,2.8098,2.812,19752.9,1756547999999
1756548000000,2.812,2.8134,2.8119,2.8134,9824.4,1756548299999
1756548300000,2.8134,2.8162,2.8076,2.8153,98629.5,1756548599999
1756548600000,2.8153,2.8157,2.8153,2.8157,2956.4,1756548899999
1756548900000,2.816,2.816,2.8157,2.8157,2499.3,1756549199999
1756549200000,2.8148,2.8148,2.814,2.8141,9361.6,1756549499999
1756549500000,2.814,2.8206,2.814,2.8144,32465.7,1756549799999
1756549800000,2.814,2.8144,2.813,2.8131,2341.1,1756550099999
1756550100000,2.8131,2.8172,2.8128,2.8167,8148.8,1756550399999
1756550400000,2.8168,2.8169,2.8168,2.8169,2197.0,1756550699999
1756550700000,2.8169,2.817,2.8159,2.816,1173.3,1756550999999
1756551000000,2.816,2.817,2.816,2.817,5042.2,1756551299999
1756551300000,2.8169,2.8184,2.8169,2.8184,5771.6,1756551599999
1756551600000,2.8182,2.8195,2.817,2.817,39085.3,1756551899999
1756551900000,2.817,2.8171,2.8145,2.8147,11155.7,1756552199999
1756552200000,2.815,2.8154,2.814,2.814,6239.3,1756552499999
1756552500000,2.8142,2.8149,2.8129,2.8129,1289.1,1756552799999
1756552800000,2.8124,2.8124,2.8118,2.8118,7444.8,1756553099999
1756553100000,2.812,2.8122,2.8049,2.8111,99044.4,1756553399999
1756553400000,2.8102,2.8102,2.805,2.8052,6464.9,1756553699999
1756553700000,2.8052,2.8071,2.8049,2.8065,4149.3,1756553999999
1756554000000,2.8066,2.8076,2.8066,2.8066,5183.0,1756554299999
1756554300000,2.8065,2.8065,2.8063,2.8063,5541.6,1756554599999
1756554600000,2.8063,2.8217,2.8063,2.8217,100815.6,1756554899999
1756554900000,2.8075,2.8075,2.8064,2.8064,3685.5,1756555199999
1756555200000,2.8064,2.807,2.8064,2.8064,3593.4,1756555499999
1756555500000,2.8064,2.8066,2.8064,2.8066,4349.5,1756555799999
1756555800000,2.8066,2.8066,2.8063,2.8063,6401.6,1756556099999
1756556100000,2.8063,2.8063,2.8063,2.8063,2832.8,1756556399999
1756556400000,2.8063,2.8063,2.8011,2.8019,6010.3,1756556699999
1756556700000,2.8019,2.802,2.7971,2.7993,80322.6,1756556999999
1756557000000,2.7994,2.7994,2.7913,2.7914,184581.5,1756557299999
1756557300000,2.7914,2.7923,2.7849,2.7923,111802.0,1756557599999
1756557600000,2.7922,2.7923,2.7806,2.7828,115012.8,1756557899999
1756557900000,2.7844,2.7897,2.7844,2.7894,50309.0,1756558199999
1756558200000,2.7897,2.7912,2.7894,2.7912,27149.2,1756558499999
1756558500000,2.7912,2.7928,2.7912,2.7928,18150.6,1756558799999
1756558800000,2.7928,2.7948,2.7928,2.7948,13495.6,1756559099999
1756559100000,2.7952,2.7952,2.7886,2.7943,38986.6,1756559399999
1756559400000,2.7942,2.7942,2.7773,2.7787,179216.0,1756559699999
1756559700000,2.7783,2.7816,2.7773,2.7816,61379.7,1756559999999
1756560000000,2.7816,2.7822,2.7794,2.7822,21700.3,1756560299999
1756560300000,2.7822,2.7837,2.7802,2.7837,34214.7,1756560599999
1756560600000,2.7741,2.786,2.7741,2.786,66830.3,1756560899999
1756560900000,2.7851,2.7965,2.7851,2.7965,38079.1,1756561199999
1756561200000,2.7966,2.7995,2.792,2.7994,58294.5,1756561499999
1756561500000,2.7994,2.8001,2.7994,2.7996,3413.9,1756561799999
1756561800000,2.7996,2.7998,2.7972,2.7973,7352.5,1756562099999
1756562100000,2.7975,2.7981,2.7975,2.7978,868.7,1756562399999
1756562400000,2.7978,2.7987,2.7977,2.7986,13876.2,1756562699999
1756562700000,2.7987,2.7987,2.7983,2.7983,714.3,1756562999999
1756563000000,2.7985,2.7985,2.798,2.798,1103.0,1756563299999
1756563300000,2.798,2.798,2.7973,2.7973,4119.3,1756563599999
1756563600000,2.7973,2.7974,2.7961,2.797,48501.8,1756563899999
1756563900000,2.797,2.7992,2.796,2.7963,111528.3,1756564199999
1756564200000,2.7962,2.7968,2.796,2.7968,10006.4,1756564499999
1756564500000,2.7969,2.7992,2.7969,2.7992,1166.0,1756564799999
1756564800000,2.7992,2.8011,2.7992,2.801,15817.5,1756565099999
1756565100000,2.801,2.8011,2.7996,2.7996,9337.7,1756565399999
1756565400000,2.7996,2.8065,2.7978,2.8008,154938.4,1756565699999
1756565700000,2.8012,2.8015,2.8012,2.8012,8156.3,1756565999999
1756566000000,2.8011,2.8019,2.8011,2.8019,31816.2,1756566299999
1756566300000,2.8019,2.8025,2.8006,2.8006,20706.8,1756566599999
1756566600000,2.8006,2.8009,2.7998,2.7998,4044.6,1756566899999
1756566900000,2.7998,2.7998,2.7976,2.7977,12842.1,1756567199999
1756567200000,2.7975,2.7976,2.7955,2.7955,3018.8,1756567499999
1756567500000,2.7956,2.796,2.7955,2.796,681.7,1756567799999
1756567800000,2.796,2.7965,2.796,2.7961,6767.1,1756568099999
1756568100000,2.7964,2.7982,2.7963,2.7981,3847.4,1756568399999
1756568400000,2.7982,2.7995,2.7981,2.7995,1703.0,1756568699999
1756568700000,2.7995,2.8006,2.7994,2.8003,3414.7,1756568999999
1756569000000,2.8005,2.8007,2.8003,2.8004,14934.7,1756569299999
1756569300000,2.8003,2.8012,2.8002,2.8012,3634.4,1756569599999
1756569600000,2.8009,2.804,2.8009,2.8037,7604.9,1756569899999
1756569900000,2.8038,2.8039,2.8033,2.8039,3459.5,1756570199999
1756570200000,2.8037,2.8038,2.8014,2.8014,1923.8,1756570499999
1756570500000,2.8008,2.8019,2.8006,2.8019,1533.4,1756570799999
1756570800000,2.8019,2.8022,2.8016,2.802,5176.2,1756571099999
1756571100000,2.8019,2.8037,2.8018,2.8037,1377.9,1756571399999
1756571400000,2.8043,2.8043,2.8035,2.8039,1954.5,1756571699999
1756571700000,2.8038,2.8044,2.8038,2.8043,1349.0,1756571999999
1756572000000,2.8044,2.8058,2.8029,2.8058,6944.5,1756572299999
1756572300000,2.8057,2.8058,2.8051,2.8054,12328.6,1756572599999
1756572600000,2.8054,2.8195,2.7979,2.8056,210896.8,1756572899999
1756572900000,2.8056,2.8078,2.8056,2.8076,26710.1,1756573199999
1756573200000,2.8077,2.8094,2.8077,2.8092,30965.3,1756573499999
1756573500000,2.8094,2.8102,2.8094,2.8102,7404.8,1756573799999
1756573800000,2.8103,2.8106,2.8103,2.8106,9335.5,1756574099999
1756574100000,2.8111,2.8116,2.8105,2.8107,5819.6,1756574399999
1756574400000,2.8107,2.8107,2.809,2.8104,2253.0,1756574699999
1756574700000,2.8105,2.8108,2.8102,2.8102,4596.5,1756574999999
1756575000000,2.8101,2.8102,2.8101,2.8102,4030.9,1756575299999
1756575300000,2.8102,2.8102,2.8083,2.8083,10021.8,1756575599999
1756575600000,2.8083,2.8092,2.8073,2.8073,6775.8,1756575899999
1756575900000,2.8074,2.8074,2.8073,2.8073,6541.7,1756576199999
1756576200000,2.8073,2.8084,2.8066,2.8084,10940.4,1756576499999
1756576500000,2.8084,2.8102,2.8084,2.81,4902.2,1756576799999
1756576800000,2.81,2.81,2.8098,2.81,3255.3,1756577099999
1756577100000,2.8099,2.8101,2.809,2.8091,6666.6,1756577399999
1756577400000,2.809,2.81,2.809,2.8099,1813.4,1756577699999
1756577700000,2.8098,2.8102,2.8095,2.8102,15350.9,1756577999999
1756578000000,2.8102,2.8102,2.81,2.8102,8643.1,1756578299999
1756578300000,2.81,2.8123,2.7988,2.8121,53411.5,1756578599999
1756578600000,2.8122,2.815,2.8121,2.8125,43066.7,1756578899999
1756578900000,2.8128,2.8131,2.8128,2.8131,3152.6,1756579199999
1756579200000,2.8131,2.8151,2.8131,2.8151,2778.0,1756579499999
1756579500000,2.8151,2.8167,2.8151,2.8167,8722.1,1756579799999
1756579800000,2.8167,2.8168,2.8166,2.8168,7717.9,1756580099999
1756580100000,2.8171,2.8174,2.8168,2.8168,1107.1,1756580399999
1756580400000,2.8169,2.8171,2.8169,2.8171,1306.3,1756580699999
1756580700000,2.8172,2.8176,2.8171,2.8174,3205.7,1756580999999
1756581000000,2.8174,2.8186,2.8173,2.8186,2855.6,1756581299999
1756581300000,2.8189,2.8191,2.8186,2.8186,11817.3,1756581599999
1756581600000,2.8186,2.82,2.8186,2.8194,4043.2,1756581899999
1756581900000,2.8193,2.8194,2.8183,2.8183,3341.0,1756582199999
1756582200000,2.8178,2.8178,2.8158,2.8158,8334.7,1756582499999
1756582500000,2.8152,2.8159,2.8152,2.8158,2565.7,1756582799999
1756582800000,2.8156,2.8157,2.8147,2.8147,754.2,1756583099999
1756583100000,2.8144,2.8145,2.8144,2.8145,1524.0,1756583399999
1756583400000,2.8151,2.8167,2.8151,2.8167,2592.2,1756583699999
1756583700000,2.8166,2.8171,2.8164,2.8171,2222.2,1756583999999
1756584000000,2.8172,2.8182,2.8172,2.818,1770.9,1756584299999
1756584300000,2.8181,2.8186,2.818,2.8185,2090.2,1756584599999
1756584600000,2.8188,2.8188,2.8185,2.8186,631.6,1756584899999
1756584900000,2.8188,2.8217,2.8185,2.8217,9043.6,1756585199999
1756585200000,2.8217,2.8217,2.8182,2.8182,57533.9,1756585499999
1756585500000,2.8183,2.8192,2.8175,2.8192,28942.7,1756585799999
1756585800000,2.8197,2.8207,2.8197,2.8201,12360.9,1756586099999
1756586100000,2.82,2.82,2.8196,2.8196,3438.2,1756586399999
1756586400000,2.8196,2.8211,2.8196,2.8202,12478.9,1756586699999
1756586700000,2.8203,2.8217,2.8201,2.8214,10683.1,1756586999999
1756587000000,2.8214,2.8216,2.82,2.8212,33324.9,1756587299999
1756587300000,2.8212,2.822,2.8212,2.8219,5966.4,1756587599999
1756587600000,2.8201,2.8242,2.8112,2.8239,176413.2,1756587899999
1756587900000,2.8239,2.8244,2.8215,2.8217,112077.8,1756588199999
1756588200000,2.8217,2.8217,2.8212,2.8212,614.2,1756588499999
1756588500000,2.8212,2.8216,2.8212,2.8212,1128.6,1756588799999
1756588800000,2.8217,2.8228,2.8217,2.8217,6689.8,1756589099999
1756589100000,2.8235,2.8247,2.8201,2.8246,53183.7,1756589399999
1756589400000,2.8246,2.8247,2.8139,2.8235,134805.1,1756589699999
1756589700000,2.8235,2.824,2.8025,2.8049,119416.7,1756589999999
1756590000000,2.8049,2.8049,2.8023,2.8035,27907.0,1756590299999
1756590300000,2.8035,2.8038,2.8034,2.8037,29183.9,1756590599999
1756590600000,2.8036,2.8073,2.8036,2.8073,50890.7,1756590899999
1756590900000,2.8073,2.8078,2.8068,2.8078,15045.4,1756591199999
1756591200000,2.805,2.8203,2.805,2.8199,87647.4,1756591499999
1756591500000,2.8198,2.8201,2.818,2.8185,172129.2,1756591799999
1756591800000,2.8183,2.8199,2.817,2.8174,24151.7,1756592099999
1756592100000,2.817,2.8178,2.8169,2.8175,10948.5,1756592399999
1756592400000,2.8178,2.8186,2.8164,2.8164,15734.9,1756592699999
1756592700000,2.8166,2.8173,2.8165,2.8168,13130.2,1756592999999
1756593000000,2.8168,2.817,2.8165,2.8169,9018.4,1756593299999
1756593300000,2.8167,2.8169,2.8166,2.8169,12753.4,1756593599999
1756593600000,2.8169,2.8172,2.8169,2.8171,7574.4,1756593899999
1756593900000,2.817,2.8173,2.8155,2.8155,18742.2,1756594199999
1756594200000,2.8155,2.8159,2.814,2.8148,65808.1,1756594499999
1756594500000,2.8148,2.8157,2.8146,2.8157,23011.6,1756594799999
1756594800000,2.8157,2.816,2.8156,2.816,4789.5,1756595099999
1756595100000,2.816,2.8179,2.8159,2.8179,7749.3,1756595399999
1756595400000,2.8179,2.818,2.8172,2.818,14427.2,1756595699999
1756595700000,2.818,2.8197,2.818,2.8197,3185.4,1756595999999
1756596000000,2.8197,2.8217,2.8197,2.8212,8009.9,1756596299999
1756596300000,2.8212,2.8216,2.8187,2.8188,9480.4,1756596599999
1756596600000,2.8188,2.8193,2.8188,2.8193,600.9,1756596899999
1756596900000,2.8192,2.8193,2.8189,2.819,6333.5,1756597199999
1756597200000,2.8191,2.8192,2.8181,2.8181,5169.1,1756597499999
1756597500000,2.8181,2.8183,2.8157,2.8157,22776.7,1756597799999
1756597800000,2.8156,2.8157,2.815,2.8157,11002.1,1756598099999
1756598100000,2.8157,2.8159,2.8155,2.8159,19801.5,1756598399999
1756598400000,2.8157,2.8171,2.8156,2.8171,7756.7,1756598699999
1756598700000,2.8171,2.8189,2.8171,2.8189,1958.2,1756598999999
1756599000000,2.8199,2.8211,2.8199,2.8211,21191.8,1756599299999
1756599300000,2.8213,2.8222,2.8212,2.8215,1690.3,1756599599999
1756599600000,2.8216,2.8217,2.8202,2.8204,1968.5,1756599899999
1756599900000,2.8203,2.8204,2.8202,2.8202,4836.5,1756600199999
1756600200000,2.8199,2.8203,2.8199,2.8203,2401.4,1756600499999
1756600500000,2.8203,2.8217,2.8203,2.8217,20687.9,1756600799999
1756600800000,2.8217,2.822,2.8152,2.8216,28029.1,1756601099999
1756601100000,2.8217,2.8231,2.8216,2.8217,112371.1,1756601399999
1756601400000,2.8216,2.8217,2.8212,2.8214,4197.5,1756601699999
1756601700000,2.8214,2.8214,2.8208,2.8208,5101.4,1756601999999
1756602000000,2.8208,2.8212,2.8196,2.8212,3523.2,1756602299999
1756602300000,2.8213,2.8217,2.8213,2.8217,3373.1,1756602599999
1756602600000,2.8213,2.8213,2.8205,2.8212,6456.9,1756602899999
1756602900000,2.8211,2.8212,2.8187,2.8187,5626.7,1756603199999
1756603200000,2.8185,2.819,2.8177,2.819,53431.0,1756603499999
1756603500000,2.8189,2.8189,2.8188,2.8188,1910.4,1756603799999
1756603800000,2.8188,2.8728,2.8183,2.8482,256351.3,1756604099999
1756604100000,2.8482,2.8728,2.819,2.8196,165994.6,1756604399999
1756604400000,2.8193,2.8752,2.8188,2.8496,436366.4,1756604699999
1756604700000,2.82,2.9219,2.8194,2.8556,138947.3,1756604999999
1756605000000,2.8556,2.9219,2.8187,2.8617,129456.6,1756605299999
1756605300000,2.8617,2.922,2.8175,2.8612,159647.4,1756605599999
1756605600000,2.8613,2.922,2.8212,2.8563,150357.1,1756605899999
1756605900000,2.8563,2.8618,2.8226,2.8574,74536.4,1756606199999
1756606200000,2.8574,2.8574,2.8229,2.8544,69043.6,1756606499999
1756606500000,2.8543,2.8618,2.8226,2.8567,103428.1,1756606799999
1756606800000,2.8568,2.8618,2.8229,2.8548,66637.8,1756607099999
1756607100000,2.8563,2.857,2.8216,2.8524,27988.8,1756607399999
1756607400000,2.8524,2.8526,2.8229,2.8479,25103.7,1756607699999
1756607700000,2.8479,2.85,2.8219,2.8219,74800.4,1756607999999
1756608000000,2.8219,2.8502,2.8216,2.8248,143777.0,1756608299999
1756608300000,2.8462,2.848,2.8216,2.8217,107266.7,1756608599999
1756608600000,2.8216,2.8244,2.8216,2.8222,15332.5,1756608899999
1756608900000,2.8216,2.8244,2.8216,2.8216,13610.5,1756609199999
1756609200000,2.8217,2.8217,2.8216,2.8216,11931.6,1756609499999
1756609500000,2.8216,2.8618,2.8216,2.8216,242004.5,1756609799999
1756609800000,2.8236,2.8272,2.8216,2.8232,44230.0,1756610099999
1756610100000,2.8217,2.8288,2.8216,2.8217,40876.6,1756610399999
1756610400000,2.8217,2.8217,2.8216,2.8216,10635.8,1756610699999
1756610700000,2.8216,2.8217,2.8216,2.8216,4494.0,1756610999999
1756611000000,2.8216,2.8226,2.8216,2.8216,13977.1,1756611299999
1756611300000,2.8216,2.8217,2.82,2.82,20293.2,1756611599999
1756611600000,2.82,2.8217,2.82,2.82,31094.2,1756611899999
1756611900000,2.82,2.8217,2.82,2.82,12349.1,1756612199999
1756612200000,2.82,2.8618,2.82,2.8489,164679.1,1756612499999
1756612500000,2.8489,2.8618,2.82,2.8329,194934.6,1756612799999
1756612800000,2.82,2.8618,2.82,2.833,258016.8,1756613099999
1756613100000,2.8297,2.8618,2.816,2.8618,329948.4,1756613399999
1756613400000,2.8545,2.8618,2.8162,2.8221,106556.3,1756613699999
1756613700000,2.8534,2.8618,2.8152,2.8512,162744.9,1756613999999
1756614000000,2.8512,2.8618,2.8141,2.8475,95121.3,1756614299999
1756614300000,2.8476,2.8618,2.8154,2.8446,198098.6,1756614599999
1756614600000,2.8446,2.8618,2.8151,2.8473,104008.3,1756614899999
1756614900000,2.8229,2.8561,2.8142,2.8457,119041.4,1756615199999
1756615200000,2.8457,2.8618,2.8158,2.8419,79271.9,1756615499999
1756615500000,2.8423,2.8618,2.8135,2.8618,183563.0,1756615799999
1756615800000,2.8219,2.8618,2.8153,2.8427,86841.0,1756616099999
1756616100000,2.8427,2.8446,2.8176,2.8376,269241.6,1756616399999
1756616400000,2.8464,2.8618,2.8163,2.8167,87382.2,1756616699999
1756616700000,2.8165,2.8171,2.8164,2.8164,12113.9,1756616999999
1756617000000,2.8161,2.8163,2.8143,2.8143,12105.5,1756617299999
1756617300000,2.814,2.8149,2.8139,2.8144,9514.1,1756617599999
1756617600000,2.8145,2.8167,2.8139,2.8143,11106.3,1756617899999
1756617900000,2.814,2.82,2.8124,2.813,8706.8,1756618199999
1756618200000,2.8112,2.8112,2.8095,2.8096,13147.7,1756618499999
1756618500000,2.8096,2.8104,2.8092,2.8102,12315.8,1756618799999
1756618800000,2.8099,2.8379,2.8085,2.8106,135155.0,1756619099999
1756619100000,2.8145,2.8618,2.8079,2.8094,143046.3,1756619399999
1756619400000,2.8085,2.8561,2.8022,2.8354,301795.1,1756619699999
1756619700000,2.8354,2.8433,2.8064,2.8154,466230.9,1756619999999
1756620000000,2.8064,2.8618,2.806,2.8088,185393.0,1756620299999
1756620300000,2.8215,2.8355,2.8069,2.8069,55844.8,1756620599999
1756620600000,2.8063,2.8074,2.8061,2.8061,17312.2,1756620899999
1756620900000,2.8061,2.8322,2.8019,2.8292,321523.6,1756621199999
1756621200000,2.8216,2.8289,2.817,2.8216,13330.1,1756621499999
1756621500000,2.8271,2.8271,2.8212,2.8213,16292.1,1756621799999
1756621800000,2.8216,2.8281,2.7975,2.8207,30538.8,1756622099999
1756622100000,2.8207,2.8283,2.7968,2.8283,103585.4,1756622399999
1756622400000,2.8283,2.8283,2.8207,2.8245,16154.8,1756622699999
1756622700000,2.8213,2.8277,2.8194,2.8229,6011.7,1756622999999
1756623000000,2.8216,2.8216,2.7967,2.7969,33929.3,1756623299999
1756623300000,2.797,2.7974,2.7966,2.7974,12596.4,1756623599999
1756623600000,2.7976,2.804,2.7975,2.804,291441.5,1756623899999
1756623900000,2.7985,2.8322,2.7979,2.8322,214565.6,1756624199999
1756624200000,2.8322,2.8329,2.7972,2.832,62508.5,1756624499999
1756624500000,2.8208,2.8326,2.7989,2.8213,24792.5,1756624799999
1756624800000,2.8215,2.831,2.801,2.8291,61007.3,1756625099999
1756625100000,2.8217,2.8314,2.8008,2.803,30400.6,1756625399999
1756625400000,2.831,2.8319,2.8016,2.8229,56502.7,1756625699999
1756625700000,2.8215,2.831,2.8215,2.8287,6107.6,1756625999999
1756626000000,2.8289,2.8295,2.8208,2.8259,26422.4,1756626299999
1756626300000,2.8203,2.8293,2.8203,2.8215,7653.6,1756626599999
1756626600000,2.8216,2.8278,2.8176,2.8209,33144.9,1756626899999
1756626900000,2.8217,2.9,2.7906,2.8277,202555.5,1756627199999
1756627200000,2.8277,2.9,2.7926,2.8315,342793.0,1756627499999
1756627500000,2.8315,2.8431,2.7942,2.8282,87003.4,1756627799999
1756627800000,2.8282,2.8316,2.8213,2.8315,117230.1,1756628099999
1756628100000,2.8312,2.8316,2.819,2.8216,48008.6,1756628399999
1756628400000,2.8307,2.8728,2.7924,2.8338,137714.5,1756628699999
1756628700000,2.8338,2.8434,2.7923,2.8333,99499.7,1756628999999
1756629000000,2.8333,2.8343,2.7934,2.8216,92212.4,1756629299999
1756629300000,2.8219,2.8483,2.7905,2.8361,93796.1,1756629599999
1756629600000,2.8422,2.8483,2.79,2.8376,108189.9,1756629899999
1756629900000,2.8229,2.8728,2.7897,2.839,89136.2,1756630199999
1756630200000,2.8393,2.8651,2.7891,2.8406,83927.1,1756630499999
1756630500000,2.8406,2.8728,2.7873,2.8425,189090.0,1756630799999
1756630800000,2.87,2.87,2.787,2.8378,259308.3,1756631099999
1756631100000,2.838,2.8394,2.7851,2.8382,99637.2,1756631399999
1756631400000,2.8384,2.8591,2.7851,2.8375,95115.0,1756631699999
1756631700000,2.8375,2.8719,2.7851,2.8362,132201.3,1756631999999
1756632000000,2.86,2.86,2.7851,2.8209,172103.9,1756632299999
1756632300000,2.8209,2.8389,2.8209,2.8375,43217.8,1756632599999
1756632600000,2.8229,2.8379,2.7851,2.8379,106311.6,1756632899999
1756632900000,2.8379,2.8397,2.7851,2.8386,86577.9,1756633199999
1756633200000,2.8386,2.8411,2.7851,2.8219,54580.6,1756633499999
1756633500000,2.8377,2.8377,2.7851,2.8341,97540.1,1756633799999
1756633800000,2.8229,2.8344,2.8213,2.8219,46688.8,1756634099999
1756634100000,2.8327,2.833,2.8208,2.8213,50709.6,1756634399999
1756634400000,2.8217,2.8316,2.7851,2.8316,52778.9,1756634699999
1756634700000,2.8215,2.8329,2.8204,2.8214,14876.6,1756634999999
1756635000000,2.8217,2.8217,2.8201,2.8212,20770.0,1756635299999
1756635300000,2.8212,2.8232,2.8204,2.8204,6375.4,1756635599999
1756635600000,2.8202,2.8211,2.8146,2.8146,41822.0,1756635899999
1756635900000,2.8146,2.8217,2.7782,2.782,78193.3,1756636199999
1756636200000,2.782,2.8336,2.7762,2.8175,112535.7,1756636499999
1756636500000,2.8175,2.8217,2.7748,2.8217,62628.5,1756636799999
1756636800000,2.814,2.8728,2.8116,2.8116,39247.1,1756637099999
1756637100000,2.8133,2.8133,2.767,2.7717,50074.6,1756637399999
1756637400000,2.7717,2.79,2.7633,2.7641,59695.5,1756637699999
1756637700000,2.7641,2.813,2.7628,2.7651,160264.2,1756637999999
1756638000000,2.7651,2.7688,2.7643,2.7688,127566.2,1756638299999
1756638300000,2.7688,2.7697,2.7669,2.7697,94133.2,1756638599999
1756638600000,2.7697,2.7764,2.7665,2.7672,122449.8,1756638899999
1756638900000,2.7672,2.7684,2.7672,2.7684,85619.5,1756639199999
1756639200000,2.7684,2.7699,2.7682,2.7698,86146.4,1756639499999
1756639500000,2.7698,2.7751,2.7694,2.7751,242998.5,1756639799999
1756639800000,2.7751,2.825,2.7744,2.776,461376.0,1756640099999
1756640100000,2.7754,2.776,2.7743,2.7745,98893.4,1756640399999
1756640400000,2.7743,2.7764,2.7742,2.7759,88859.2,1756640699999
1756640700000,2.7759,2.7822,2.7757,2.7777,248801.8,1756640999999
1756641000000,2.7777,2.7842,2.7772,2.7793,331133.3,1756641299999
1756641300000,2.7793,2.7818,2.7793,2.7802,144318.4,1756641599999
1756641600000,2.7802,2.7827,2.7801,2.7822,198664.5,1756641899999
1756641900000,2.7822,2.7834,2.7816,2.7832,99428.0,1756642199999
1756642200000,2.7832,2.7839,2.7815,2.7833,97935.4,1756642499999
1756642500000,2.7833,2.7856,2.7797,2.7817,97354.9,1756642799999
1756642800000,2.7817,2.7837,2.7812,2.7829,97231.3,1756643099999
1756643100000,2.7829,2.7841,2.7825,2.7826,86905.6,1756643399999
1756643400000,2.7826,2.9,2.7805,2.7821,257097.5,1756643699999
1756643700000,2.7821,2.7851,2.7817,2.7851,90687.7,1756643999999
1756644000000,2.7851,2.7872,2.7851,2.7869,59655.7,1756644299999
1756644300000,2.7869,2.7879,2.7866,2.7873,3794.2,1756644599999
1756644600000,2.7873,2.7882,2.7872,2.7872,18412.0,1756644899999
1756644900000,2.7872,2.7872,2.7857,2.7868,66451.3,1756645199999
1756645200000,2.7868,2.7898,2.7868,2.7888,82448.7,1756645499999
1756645500000,2.7873,2.7883,2.7873,2.7873,9727.8,1756645799999
1756645800000,2.7873,2.7874,2.7873,2.7873,2112.3,1756646099999
1756646100000,2.7873,2.7885,2.7872,2.7885,25084.7,1756646399999
1756646400000,2.7885,2.7904,2.7883,2.7904,87676.1,1756646699999
1756646700000,2.7904,2.7935,2.7904,2.7934,64204.0,1756646999999
1756647000000,2.7935,2.7951,2.7931,2.7948,18417.1,1756647299999
1756647300000,2.7948,2.7979,2.7948,2.7963,45892.8,1756647599999
1756647600000,2.7954,2.7954,2.7944,2.7944,6814.9,1756647899999
1756647900000,2.7945,2.7946,2.7944,2.7946,1819.6,1756648199999
1756648200000,2.7946,2.7948,2.7943,2.7943,10349.3,1756648499999
1756648500000,2.7941,2.7941,2.7934,2.7934,10554.3,1756648799999
1756648800000,2.7932,2.794,2.7931,2.7937,4513.6,1756649099999
1756649100000,2.7946,2.7957,2.7945,2.7952,36231.5,1756649399999
1756649400000,2.7951,2.7951,2.792,2.792,29525.7,1756649699999
1756649700000,2.7922,2.7923,2.7894,2.7894,14593.6,1756649999999
1756650000000,2.7892,2.7895,2.7875,2.7875,2121.4,1756650299999
1756650300000,2.7869,2.7877,2.7864,2.7872,2252.7,1756650599999
1756650600000,2.7889,2.7921,2.7889,2.7921,3772.1,1756650899999
1756650900000,2.7921,2.7939,2.7921,2.7938,3277.2,1756651199999
1756651200000,2.7939,2.7939,2.7931,2.7931,2253.8,1756651499999
1756651500000,2.7931,2.7932,2.7929,2.793,5056.5,1756651799999
1756651800000,2.7931,2.7947,2.7931,2.7946,23369.6,1756652099999
1756652100000,2.7945,2.7955,2.7945,2.7946,8773.1,1756652399999
1756652400000,2.7946,2.7947,2.7945,2.7947,6972.8,1756652699999
1756652700000,2.7947,2.7974,2.7947,2.7974,12998.6,1756652999999
1756653000000,2.7974,2.7981,2.7974,2.7978,12363.3,1756653299999
1756653300000,2.7978,2.7978,2.7952,2.7952,2277.8,1756653599999
1756653600000,2.7952,2.7953,2.7944,2.7946,1255.4,1756653899999
1756653900000,2.7949,2.7969,2.7949,2.7969,7792.4,1756654199999
1756654200000,2.7968,2.7968,2.7957,2.7959,3966.8,1756654499999
1756654500000,2.7959,2.796,2.7952,2.7952,4276.9,1756654799999
1756654800000,2.7952,2.7967,2.7949,2.7967,3834.0,1756655099999
1756655100000,2.7967,2.797,2.7963,2.7963,5850.0,1756655399999
1756655400000,2.7963,2.7977,2.7963,2.7975,2435.4,1756655699999
1756655700000,2.7971,2.7973,2.7954,2.7956,6275.5,1756655999999
1756656000000,2.7957,2.7968,2.7955,2.7968,7703.3,1756656299999
1756656300000,2.7968,2.7969,2.7929,2.7964,59192.1,1756656599999
1756656600000,2.7965,2.7976,2.7961,2.7973,76049.3,1756656899999
1756656900000,2.7978,2.7978,2.7974,2.7974,7227.3,1756657199999
1756657200000,2.7974,2.7976,2.7972,2.7972,4979.3,1756657499999
1756657500000,2.7972,2.7985,2.797,2.7985,6738.3,1756657799999
1756657800000,2.7985,2.8004,2.7985,2.8001,34643.6,1756658099999
1756658100000,2.8001,2.8002,2.7989,2.7994,3686.5,1756658399999
1756658400000,2.7995,2.7999,2.7994,2.7999,2141.9,1756658699999
1756658700000,2.7998,2.8007,2.7997,2.8007,3495.3,1756658999999
1756659000000,2.8009,2.8019,2.8009,2.8018,3063.2,1756659299999
1756659300000,2.8018,2.8021,2.8018,2.8018,12131.7,1756659599999
1756659600000,2.802,2.802,2.8018,2.8018,6560.2,1756659899999
1756659900000,2.8018,2.8077,2.8018,2.8018,17431.8,1756660199999
1756660200000,2.8025,2.8052,2.8018,2.8018,6891.0,1756660499999
1756660500000,2.8018,2.8096,2.8018,2.8018,26431.2,1756660799999
1756660800000,2.8018,2.8018,2.8018,2.8018,12613.6,1756661099999
1756661100000,2.8018,2.8018,2.8018,2.8018,19866.0,1756661399999
1756661400000,2.8018,2.8047,2.8018,2.8018,4521.9,1756661699999
1756661700000,2.8018,2.8018,2.8018,2.8018,25268.6,1756661999999
1756662000000,2.8018,2.8018,2.8018,2.8018,4361.2,1756662299999
1756662300000,2.8018,2.8217,2.8018,2.8018,21833.3,1756662599999
1756662600000,2.8018,2.8038,2.8018,2.8018,4385.2,1756662899999
1756662900000,2.8018,2.8018,2.7919,2.7919,5499.2,1756663199999
1756663200000,2.792,2.792,2.7919,2.792,4780.2,1756663499999
1756663500000,2.792,2.7934,2.7919,2.7934,2992.9,1756663799999
1756663800000,2.7934,2.794,2.7934,2.794,861.8,1756664099999
1756664100000,2.7938,2.7947,2.7938,2.7947,2107.6,1756664399999
1756664400000,2.7946,2.7955,2.7946,2.7955,949.1,1756664699999
1756664700000,2.7955,2.7965,2.7955,2.7965,3267.4,1756664999999
1756665000000,2.797,2.7989,2.7959,2.7989,18830.5,1756665299999
1756665300000,2.7989,2.7989,2.7985,2.7989,15482.1,1756665599999
1756665600000,2.7989,2.7998,2.7989,2.7998,3116.5,1756665899999
1756665900000,2.7998,2.8,2.7993,2.7994,2689.9,1756666199999
1756666200000,2.7994,2.8009,2.7993,2.8009,11354.7,1756666499999
1756666500000,2.8009,2.8018,2.8008,2.8017,2996.1,1756666799999
1756666800000,2.802,2.802,2.8014,2.8015,2206.5,1756667099999
1756667100000,2.8015,2.802,2.8014,2.802,866.0,1756667399999
1756667400000,2.8019,2.8039,2.8019,2.8039,20467.1,1756667699999
1756667700000,2.8039,2.8042,2.8032,2.8036,3450.2,1756667999999
1756668000000,2.8036,2.8044,2.8036,2.8044,1595.9,1756668299999
1756668300000,2.8047,2.8079,2.8047,2.8078,34097.8,1756668599999
1756668600000,2.8078,2.8085,2.8077,2.8085,25345.7,1756668899999
1756668900000,2.8085,2.8087,2.8082,2.8086,463.2,1756669199999
1756669200000,2.8087,2.811,2.8086,2.8107,54691.8,1756669499999
1756669500000,2.8108,2.8108,2.8104,2.8104,1594.6,1756669799999
1756669800000,2.8104,2.8104,2.809,2.8091,1217.9,1756670099999
1756670100000,2.8085,2.8104,2.8085,2.8104,15710.5,1756670399999
1756670400000,2.8104,2.8112,2.8103,2.8112,39191.4,1756670699999
1756670700000,2.8112,2.8133,2.8112,2.8127,55787.3,1756670999999
1756671000000,2.8127,2.8147,2.8126,2.8144,21462.0,1756671299999
1756671300000,2.8147,2.8154,2.8147,2.8154,7693.5,1756671599999
1756671600000,2.8153,2.8183,2.8153,2.8181,70647.1,1756671899999
1756671900000,2.8183,2.8184,2.8165,2.8165,10489.4,1756672199999
1756672200000,2.8163,2.8163,2.8162,2.8163,1107.1,1756672499999
1756672500000,2.8162,2.8162,2.8142,2.8142,12713.3,1756672799999
1756672800000,2.8142,2.8142,2.8131,2.8132,1623.9,1756673099999
1756673100000,2.8132,2.8142,2.8129,2.813,22602.4,1756673399999
1756673400000,2.813,2.813,2.8119,2.8125,20412.0,1756673699999
1756673700000,2.8117,2.8117,2.8117,2.8117,166.6,1756673999999
1756674000000,2.8117,2.8124,2.8116,2.812,7479.0,1756674299999
1756674300000,2.8124,2.8128,2.8121,2.8128,14465.3,1756674599999
1756674600000,2.8128,2.813,2.8121,2.8121,21754.7,1756674899999
1756674900000,2.8119,2.818,2.8107,2.818,59830.3,1756675199999
1756675200000,2.8108,2.8111,2.8108,2.8111,416.9,1756675499999
1756675500000,2.8112,2.812,2.8112,2.812,1318.8,1756675799999
1756675800000,2.812,2.8152,2.8119,2.8152,3308.5,1756676099999
1756676100000,2.8153,2.8159,2.8153,2.8158,1672.4,1756676399999
1756676400000,2.8161,2.8169,2.8161,2.8164,14145.0,1756676699999
1756676700000,2.8176,2.8176,2.8162,2.8162,9833.1,1756676999999
1756677000000,2.816,2.816,2.8158,2.8158,1205.1,1756677299999
1756677300000,2.8157,2.8157,2.8152,2.8152,1267.6,1756677599999
1756677600000,2.8153,2.8153,2.8143,2.8143,5332.9,1756677899999
1756677900000,2.8136,2.8147,2.8135,2.8137,28981.7,1756678199999
1756678200000,2.8137,2.8147,2.8137,2.8147,7187.8,1756678499999
1756678500000,2.8152,2.8155,2.8152,2.8155,2877.9,1756678799999
1756678800000,2.8154,2.8154,2.8151,2.8152,3802.6,1756679099999
1756679100000,2.816,2.8167,2.816,2.8167,1442.5,1756679399999
1756679400000,2.8167,2.817,2.8154,2.8155,36024.2,1756679699999
1756679700000,2.8156,2.8156,2.8145,2.8145,14427.3,1756679999999
1756680000000,2.8145,2.8161,2.814,2.814,24890.6,1756680299999
1756680300000,2.814,2.814,2.813,2.8131,2163.2,1756680599999
1756680600000,2.8131,2.8132,2.8123,2.8123,7236.4,1756680899999
1756680900000,2.8127,2.813,2.8115,2.8115,21755.2,1756681199999
1756681200000,2.8115,2.812,2.7996,2.7996,76013.5,1756681499999
1756681500000,2.8118,2.8119,2.8107,2.8107,36523.0,1756681799999
1756681800000,2.8117,2.812,2.8052,2.8115,73866.0,1756682099999
1756682100000,2.812,2.8121,2.8109,2.812,46452.2,1756682399999
1756682400000,2.812,2.8129,2.8018,2.8127,156626.4,1756682699999
1756682700000,2.8127,2.8139,2.7847,2.8101,214524.1,1756682999999
1756683000000,2.8136,2.8136,2.7795,2.7986,361794.7,1756683299999
1756683300000,2.8107,2.8107,2.7786,2.7787,134664.5,1756683599999
1756683600000,2.7787,2.7788,2.7716,2.7721,100118.1,1756683899999
1756683900000,2.7721,2.7769,2.7712,2.7769,84460.8,1756684199999
1756684200000,2.7769,2.7777,2.7727,2.775,21351.5,1756684499999
1756684500000,2.7749,2.7778,2.7742,2.7751,22538.6,1756684799999
1756684800000,2.775,2.7783,2.7741,2.775,27874.2,1756685099999
1756685100000,2.7625,2.7783,2.756,2.775,14314.4,1756685399999
1756685400000,2.7759,2.7785,2.7624,2.7785,19672.0,1756685699999
1756685700000,2.775,2.7791,2.7591,2.7591,39346.9,1756685999999
1756686000000,2.7596,2.7803,2.7578,2.7803,55930.2,1756686299999
1756686300000,2.775,2.8135,2.7,2.7887,183726.5,1756686599999
1756686600000,2.8108,2.8115,2.7459,2.8115,118125.5,1756686899999
1756686900000,2.8115,2.812,2.7,2.7358,334556.0,1756687199999
1756687200000,2.7358,2.8115,2.7343,2.7591,141300.5,1756687499999
1756687500000,2.7591,2.812,2.7585,2.7631,26739.4,1756687799999
1756687800000,2.7631,2.8101,2.7555,2.8079,64661.8,1756688099999
1756688100000,2.8095,2.8106,2.7628,2.7672,105877.0,1756688399999
1756688400000,2.7619,2.8108,2.7567,2.7658,51366.4,1756688699999
1756688700000,2.8119,2.8119,2.759,2.759,44370.5,1756688999999
1756689000000,2.7627,2.8115,2.7549,2.7598,125248.8,1756689299999
1756689300000,2.8121,2.8131,2.7554,2.7634,57290.3,1756689599999
1756689600000,2.7649,2.815,2.758,2.775,106014.8,1756689899999
1756689900000,2.775,2.8153,2.7594,2.775,58454.7,1756690199999
1756690200000,2.775,2.8155,2.7655,2.77,33907.7,1756690499999
1756690500000,2.7654,2.8153,2.7645,2.7683,26328.3,1756690799999
1756690800000,2.804,2.804,2.7579,2.775,28961.2,1756691099999
1756691100000,2.775,2.8159,2.7,2.775,90112.8,1756691399999
1756691400000,2.8059,2.8181,2.7577,2.775,52327.6,1756691699999
1756691700000,2.775,2.8176,2.7601,2.775,39911.3,1756691999999
1756692000000,2.775,2.8185,2.7631,2.775,61890.4,1756692299999
1756692300000,2.7773,2.8173,2.7588,2.7593,22390.5,1756692599999
1756692600000,2.7593,2.8171,2.72,2.7495,65534.7,1756692899999
1756692900000,2.7495,2.8181,2.72,2.7512,106816.3,1756693199999
1756693200000,2.7512,2.8197,2.7431,2.7441,134792.7,1756693499999
1756693500000,2.8182,2.8209,2.7,2.7485,124964.1,1756693799999
1756693800000,2.7485,2.8198,2.7363,2.7387,54326.4,1756694099999
1756694100000,2.7404,2.8198,2.7,2.7384,246701.2,1756694399999
1756694400000,2.7384,2.8192,2.7,2.7382,77323.5,1756694699999
1756694700000,2.7382,2.8193,2.7,2.7288,241654.8,1756694999999
1756695000000,2.7288,2.8179,2.7,2.813,203535.9,1756695299999
1756695300000,2.8176,2.8184,2.7,2.7323,225513.5,1756695599999
1756695600000,2.7323,2.8195,2.7,2.7331,122468.3,1756695899999
1756695900000,2.7331,2.8204,2.7,2.7351,101788.4,1756696199999
1756696200000,2.7351,2.8198,2.7,2.7286,160506.3,1756696499999
1756696500000,2.7286,2.8198,2.7,2.7311,116276.6,1756696799999
1756696800000,2.7311,2.819,2.7,2.7305,111715.7,1756697099999
1756697100000,2.7305,2.8204,2.7,2.813,268336.6,1756697399999
1756697400000,2.813,2.8192,2.7,2.7317,198373.3,1756697699999
1756697700000,2.7317,2.8201,2.7,2.7426,85694.3,1756697999999
1756698000000,2.7426,2.8194,2.7,2.7423,198651.4,1756698299999
1756698300000,2.7423,2.8178,2.7,2.7426,66401.9,1756698599999
1756698600000,2.7426,2.8156,2.7,2.737,44459.6,1756698899999
1756698900000,2.737,2.8151,2.7,2.7,273236.4,1756699199999
1756699200000,2.7406,2.8144,2.7,2.7,132586.4,1756699499999
1756699500000,2.7378,2.8137,2.7,2.7409,174838.1,1756699799999
1756699800000,2.7408,2.8151,2.7,2.7432,105911.2,1756700099999
1756700100000,2.7433,2.8141,2.7,2.7001,62720.5,1756700399999
1756700400000,2.7337,2.8138,2.7,2.7355,24540.1,1756700699999
1756700700000,2.7355,2.8143,2.7,2.7362,122182.2,1756700999999
1756701000000,2.7362,2.8136,2.7263,2.7263,341284.9,1756701299999
1756701300000,2.7263,2.8126,2.7246,2.7246,77117.8,1756701599999
1756701600000,2.7246,2.813,2.7,2.7211,47051.8,1756701899999
1756701900000,2.7211,2.7214,2.7,2.7168,155693.7,1756702199999
1756702200000,2.7166,2.7218,2.7141,2.7218,26477.7,1756702499999
1756702500000,2.7218,2.7221,2.7,2.7178,66355.1,1756702799999
1756702800000,2.7178,2.7179,2.7,2.7137,36705.8,1756703099999
1756703100000,2.7137,2.7231,2.7,2.7029,145160.9,1756703399999
1756703400000,2.7029,2.7104,2.7,2.7104,79948.3,1756703699999
1756703700000,2.7104,2.7105,2.7,2.701,143609.5,1756703999999
1756704000000,2.701,2.7204,2.7,2.7186,43683.5,1756704299999
1756704300000,2.7186,2.7213,2.7,2.7194,80078.6,1756704599999
1756704600000,2.7211,2.7224,2.7,2.7199,48853.9,1756704899999
1756704900000,2.7199,2.7225,2.7,2.7225,37923.5,1756705199999
1756705200000,2.7225,2.7334,2.7,2.7334,123811.2,1756705499999
1756705500000,2.7334,2.7337,2.7327,2.7327,10124.2,1756705799999
1756705800000,2.7327,2.7341,2.7327,2.7333,14304.7,1756706099999
1756706100000,2.7341,2.7343,2.7327,2.7327,7504.3,1756706399999
1756706400000,2.7327,2.7373,2.7241,2.7241,78374.5,1756706699999
1756706700000,2.7241,2.7242,2.7,2.7192,37300.1,1756706999999
1756707000000,2.7192,2.7236,2.7,2.7226,9638.7,1756707299999
1756707300000,2.7226,2.7238,2.7,2.7238,109797.2,1756707599999
1756707600000,2.7238,2.7258,2.7238,2.7258,65802.9,1756707899999
1756707900000,2.7258,2.7288,2.7222,2.7288,59657.7,1756708199999
1756708200000,2.7288,2.8128,2.7222,2.7291,114572.9,1756708499999
1756708500000,2.7292,2.7843,2.7222,2.7285,22457.9,1756708799999
1756708800000,2.7285,2.8106,2.7222,2.7381,28601.6,1756709099999
1756709100000,2.7375,2.7381,2.736,2.7381,20007.2,1756709399999
1756709400000,2.7381,2.8089,2.7346,2.7363,32382.7,1756709699999
1756709700000,2.7364,2.8111,2.7222,2.735,32730.1,1756709999999
1756710000000,2.735,2.8151,2.7222,2.738,88070.9,1756710299999
1756710300000,2.7397,2.8185,2.7,2.7304,241073.2,1756710599999
1756710600000,2.7304,2.8199,2.7222,2.7263,40552.0,1756710899999
1756710900000,2.7267,2.728,2.7222,2.7276,19997.8,1756711199999
1756711200000,2.7222,2.7485,2.7222,2.7426,66552.7,1756711499999
1756711500000,2.7414,2.7447,2.7397,2.7447,47794.2,1756711799999
1756711800000,2.7447,2.7604,2.7,2.7597,330666.4,1756712099999
1756712100000,2.7604,2.7616,2.7525,2.7535,178241.5,1756712399999
1756712400000,2.7525,2.7531,2.7495,2.7497,110872.1,1756712699999
1756712700000,2.7497,2.8199,2.7222,2.7705,220536.2,1756712999999
1756713000000,2.7705,2.8201,2.7705,2.7884,170652.8,1756713299999
1756713300000,2.8201,2.8209,2.785,2.82,138576.3,1756713599999
1756713600000,2.82,2.822,2.798,2.8218,110745.7,1756713899999
1756713900000,2.822,2.8236,2.8214,2.8234,25115.4,1756714199999
1756714200000,2.8234,2.8234,2.823,2.823,25184.9,1756714499999
1756714500000,2.823,2.823,2.8223,2.8223,40965.0,1756714799999
1756714800000,2.8222,2.8222,2.8221,2.8221,22428.4,1756715099999
1756715100000,2.8221,2.8223,2.8219,2.8222,18128.2,1756715399999
1756715400000,2.8222,2.8283,2.822,2.8221,57971.5,1756715699999
1756715700000,2.822,2.8236,2.822,2.8236,33739.4,1756715999999
1756716000000,2.8236,2.8239,2.8224,2.823,53736.3,1756716299999
1756716300000,2.8233,2.8248,2.8212,2.8246,22122.9,1756716599999
1756716600000,2.8249,2.8249,2.8244,2.8245,30967.9,1756716899999
1756716900000,2.8245,2.8248,2.8244,2.8245,23076.4,1756717199999
1756717200000,2.8245,2.9,2.8243,2.8364,319266.3,1756717499999
1756717500000,2.8349,2.8349,2.8273,2.8314,116306.8,1756717799999
1756717800000,2.8303,2.8311,2.8273,2.8273,91117.2,1756718099999
1756718100000,2.8283,2.83,2.8237,2.8237,34837.7,1756718399999
1756718400000,2.8237,2.8247,2.8217,2.8235,36613.5,1756718699999
1756718700000,2.8243,2.8257,2.8232,2.8232,28891.1,1756718999999
1756719000000,2.8232,2.8253,2.8232,2.8233,59207.2,1756719299999
1756719300000,2.8233,2.8237,2.8232,2.8235,24393.4,1756719599999
1756719600000,2.8235,2.8262,2.8232,2.8256,26552.2,1756719899999
1756719900000,2.8255,2.8255,2.8238,2.8238,43653.6,1756720199999
1756720200000,2.8236,2.8242,2.8232,2.8241,24425.3,1756720499999
1756720500000,2.8241,2.825,2.8239,2.8244,23292.8,1756720799999
1756720800000,2.825,2.8271,2.8249,2.8271,10843.6,1756721099999
1756721100000,2.827,2.827,2.8268,2.8269,8523.3,1756721399999
1756721400000,2.8274,2.8287,2.8267,2.8287,21963.8,1756721699999
1756721700000,2.8288,2.83,2.8277,2.83,25413.1,1756721999999
1756722000000,2.83,2.83,2.8299,2.83,3115.8,1756722299999
1756722300000,2.83,2.83,2.8289,2.8289,18980.4,1756722599999
1756722600000,2.8292,2.8292,2.8285,2.8285,13292.5,1756722899999
1756722900000,2.828,2.8282,2.828,2.8281,4638.8,1756723199999
1756723200000,2.8281,2.83,2.8277,2.8282,5053.6,1756723499999
1756723500000,2.8283,2.8288,2.8282,2.8288,6981.6,1756723799999
1756723800000,2.829,2.8291,2.829,2.829,364.4,1756724099999
1756724100000,2.8289,2.8289,2.8287,2.8287,4797.8,1756724399999
1756724400000,2.8288,2.83,2.8287,2.83,32851.2,1756724699999
1756724700000,2.83,2.83,2.8199,2.83,74635.2,1756724999999
1756725000000,2.83,2.83,2.8267,2.83,12523.1,1756725299999
1756725300000,2.83,2.83,2.8296,2.83,8855.0,1756725599999
1756725600000,2.83,2.83,2.8256,2.83,10835.5,1756725899999
1756725900000,2.8299,2.83,2.829,2.829,3755.8,1756726199999
1756726200000,2.8291,2.8291,2.8288,2.8288,7772.2,1756726499999
1756726500000,2.8282,2.829,2.8281,2.8285,47745.6,1756726799999
1756726800000,2.8285,2.83,2.8214,2.8214,61154.7,1756727099999
1756727100000,2.8299,2.83,2.8235,2.8254,91127.5,1756727399999
1756727400000,2.8254,2.83,2.7674,2.8269,243774.9,1756727699999
1756727700000,2.83,2.83,2.7704,2.8299,141575.3,1756727999999
1756728000000,2.83,2.83,2.8275,2.8275,34731.9,1756728299999
1756728300000,2.8278,2.8278,2.8269,2.8269,6304.6,1756728599999
1756728600000,2.8269,2.8274,2.8269,2.8269,13405.5,1756728899999
1756728900000,2.8269,2.8269,2.8257,2.826,61386.5,1756729199999
1756729200000,2.8255,2.827,2.8247,2.827,69947.3,1756729499999
1756729500000,2.8271,2.8272,2.8259,2.8263,33446.4,1756729799999
1756729800000,2.8261,2.8263,2.8251,2.8256,51206.3,1756730099999
1756730100000,2.8255,2.8257,2.825,2.825,16327.6,1756730399999
1756730400000,2.825,2.8255,2.8241,2.8255,89345.5,1756730699999
1756730700000,2.8251,2.8286,2.8249,2.8278,158306.0,1756730999999
1756731000000,2.8276,2.8297,2.8276,2.8297,156272.8,1756731299999
1756731300000,2.8296,2.83,2.8286,2.8294,135354.5,1756731599999
1756731600000,2.8295,2.8302,2.8289,2.8289,151781.0,1756731899999
1756731900000,2.829,2.8311,2.8269,2.8279,143714.9,1756732199999
1756732200000,2.827,2.8321,2.8258,2.8267,180687.6,1756732499999
1756732500000,2.8258,2.8273,2.8252,2.8273,209336.5,1756732799999
1756732800000,2.8269,2.8308,2.8236,2.8243,170267.4,1756733099999
1756733100000,2.8242,2.8264,2.8209,2.8252,222781.8,1756733399999
1756733400000,2.8248,2.8269,2.824,2.8269,164294.6,1756733699999
1756733700000,2.8259,2.8288,2.8237,2.8274,146287.8,1756733999999
1756734000000,2.8273,2.8285,2.8237,2.8271,183540.1,1756734299999
1756734300000,2.8263,2.8293,2.8199,2.8256,339437.5,1756734599999
1756734600000,2.8254,2.8285,2.8237,2.8251,180398.4,1756734899999
1756734900000,2.8248,2.8257,2.8148,2.8235,151036.0,1756735199999
1756735200000,2.8235,2.9,2.8204,2.8234,161304.7,1756735499999
1756735500000,2.8234,2.8235,2.8219,2.8231,41169.3,1756735799999
1756735800000,2.8223,2.8307,2.6,2.8227,784106.0,1756736099999
1756736100000,2.8227,2.8231,2.8194,2.8206,261323.5,1756736399999
1756736400000,2.8206,2.822,2.8198,2.8211,242567.9,1756736699999
1756736700000,2.8211,2.8213,2.8184,2.8209,242368.3,1756736999999
1756737000000,2.8209,2.8228,2.8205,2.8228,268995.5,1756737299999
1756737300000,2.8226,2.8233,2.8226,2.8232,14671.9,1756737599999
1756737600000,2.8232,2.8233,2.8231,2.8233,6074.8,1756737899999
1756737900000,2.8234,2.8243,2.8231,2.8241,4712.3,1756738199999
1756738200000,2.8238,2.8238,2.8151,2.8234,182066.7,1756738499999
1756738500000,2.8235,2.8235,2.8234,2.8234,504.7,1756738799999
1756738800000,2.8234,2.824,2.8234,2.824,3816.1,1756739099999
1756739100000,2.8246,2.8253,2.8246,2.825,3762.3,1756739399999
1756739400000,2.8246,2.8246,2.8241,2.8243,3890.3,1756739699999
1756739700000,2.824,2.824,2.8214,2.822,25107.4,1756739999999
1756740000000,2.821,2.8216,2.821,2.8215,3628.3,1756740299999
1756740300000,2.8216,2.8238,2.8215,2.8236,6061.3,1756740599999
1756740600000,2.8239,2.8239,2.8236,2.8236,978.9,1756740899999
1756740900000,2.8237,2.8245,2.8236,2.8242,7755.4,1756741199999
1756741200000,2.8245,2.8254,2.8245,2.8254,2041.4,1756741499999
1756741500000,2.8254,2.8267,2.8253,2.8267,6598.3,1756741799999
1756741800000,2.8268,2.8269,2.8255,2.8255,42703.9,1756742099999
1756742100000,2.8253,2.8253,2.825,2.8251,214.8,1756742399999
1756742400000,2.8246,2.8247,2.8241,2.8241,10639.3,1756742699999
1756742700000,2.8241,2.8267,2.8238,2.8238,72638.0,1756742999999
1756743000000,2.8235,2.8237,2.82,2.8236,87001.6,1756743299999
1756743300000,2.8236,2.8259,2.8235,2.8259,14688.0,1756743599999
1756743600000,2.8249,2.828,2.8249,2.828,18763.6,1756743899999
1756743900000,2.8282,2.8286,2.8279,2.8279,1100.9,1756744199999
1756744200000,2.828,2.829,2.8279,2.829,2199.4,1756744499999
1756744500000,2.829,2.8315,2.828,2.8311,76335.8,1756744799999
1756744800000,2.8311,2.8325,2.8306,2.831,82117.9,1756745099999
1756745100000,2.8309,2.8309,2.8304,2.8308,1211.1,1756745399999
1756745400000,2.8312,2.8312,2.8304,2.831,9411.5,1756745699999
1756745700000,2.8309,2.8314,2.8299,2.8299,18287.5,1756745999999
1756746000000,2.8299,2.8306,2.8294,2.8296,65560.7,1756746299999
1756746300000,2.8295,2.8304,2.8293,2.83,123540.4,1756746599999
1756746600000,2.83,2.83,2.8285,2.8291,95961.8,1756746899999
1756746900000,2.8291,2.8294,2.8291,2.8293,1176.9,1756747199999
1756747200000,2.8293,2.8301,2.8292,2.8292,1352.3,1756747499999
1756747500000,2.8292,2.8301,2.829,2.8296,32017.5,1756747799999
1756747800000,2.8296,2.8298,2.8221,2.8278,52409.9,1756748099999
1756748100000,2.8278,2.8279,2.8278,2.8278,928.6,1756748399999
1756748400000,2.8278,2.828,2.8278,2.8278,1436.7,1756748699999
1756748700000,2.8278,2.8279,2.8275,2.8275,6430.3,1756748999999
1756749000000,2.8274,2.8279,2.8271,2.8279,5196.3,1756749299999
1756749300000,2.8279,2.8287,2.8277,2.8287,4770.7,1756749599999
1756749600000,2.8293,2.8297,2.8282,2.8283,2459.7,1756749899999
1756749900000,2.8281,2.8281,2.828,2.8281,719.4,1756750199999
1756750200000,2.8279,2.828,2.8265,2.827,50321.3,1756750499999
1756750500000,2.827,2.8274,2.8262,2.8262,14615.6,1756750799999
1756750800000,2.8262,2.8262,2.8257,2.826,107567.7,1756751099999
1756751100000,2.8259,2.8262,2.8259,2.8261,9821.0,1756751399999
1756751400000,2.8261,2.8262,2.826,2.826,2011.1,1756751699999
1756751700000,2.826,2.8284,2.826,2.8284,60241.0,1756751999999
1756752000000,2.8284,2.8292,2.8284,2.8292,2513.0,1756752299999
1756752300000,2.8291,2.8296,2.8291,2.8293,3731.5,1756752599999
1756752600000,2.8293,2.8294,2.8293,2.8293,1985.3,1756752899999
1756752900000,2.8293,2.8296,2.8276,2.8296,88867.3,1756753199999
1756753200000,2.8287,2.8288,2.8282,2.8282,25590.0,1756753499999
1756753500000,2.8277,2.8277,2.8227,2.8263,1130.3,1756753799999
1756753800000,2.8263,2.8265,2.8251,2.8251,3585.5,1756754099999
1756754100000,2.8251,2.8252,2.8242,2.8243,9190.3,1756754399999
1756754400000,2.8243,2.8243,2.8242,2.8243,7367.7,1756754699999
1756754700000,2.8243,2.8243,2.8242,2.8243,1151.2,1756754999999
1756755000000,2.8243,2.8243,2.8242,2.8243,4039.7,1756755299999
1756755300000,2.8243,2.8243,2.8235,2.8243,1831.2,1756755599999
1756755600000,2.8243,2.8243,2.8216,2.8243,46008.6,1756755899999
1756755900000,2.8243,2.8243,2.824,2.8243,2544.3,1756756199999
1756756200000,2.8243,2.8243,2.8234,2.8243,3874.7,1756756499999
1756756500000,2.8243,2.8286,2.8234,2.8286,2803.7,1756756799999
1756756800000,2.829,2.829,2.8275,2.828,66007.7,1756757099999
1756757100000,2.8286,2.8287,2.8265,2.8265,9380.2,1756757399999
1756757400000,2.8262,2.8264,2.8259,2.826,7954.0,1756757699999
1756757700000,2.826,2.8261,2.8256,2.8256,3071.9,1756757999999
1756758000000,2.8255,2.8256,2.8253,2.8255,12244.2,1756758299999
1756758300000,2.8257,2.8257,2.8254,2.8254,510.7,1756758599999
1756758600000,2.8254,2.8256,2.8254,2.8255,5465.5,1756758899999
1756758900000,2.8255,2.8273,2.8255,2.8255,1015.9,1756759199999
1756759200000,2.8255,2.8256,2.8255,2.8256,2210.6,1756759499999
1756759500000,2.8256,2.8256,2.8237,2.8244,30161.7,1756759799999
1756759800000,2.8247,2.8256,2.8246,2.825,1305.7,1756760099999
1756760100000,2.8249,2.8258,2.8249,2.8258,4511.5,1756760399999
1756760400000,2.8259,2.8267,2.8259,2.8267,1684.3,1756760699999
1756760700000,2.8269,2.8269,2.8265,2.8265,9328.2,1756760999999
1756761000000,2.8266,2.8275,2.8265,2.8275,2070.6,1756761299999
1756761300000,2.8267,2.827,2.8267,2.8268,194.5,1756761599999
1756761600000,2.8268,2.8268,2.8266,2.8267,1159.5,1756761899999
1756761900000,2.8267,2.8276,2.8205,2.8276,71746.3,1756762199999
1756762200000,2.8278,2.8278,2.8247,2.825,47523.6,1756762499999
1756762500000,2.825,2.825,2.8236,2.8236,6811.7,1756762799999
1756762800000,2.8235,2.8235,2.8054,2.8216,439979.5,1756763099999
1756763100000,2.8216,2.8221,2.8213,2.8221,12677.8,1756763399999
1756763400000,2.822,2.8228,2.822,2.8228,3441.9,1756763699999
1756763700000,2.8233,2.8253,2.8233,2.8253,5213.5,1756763999999
1756764000000,2.8252,2.827,2.8252,2.827,3679.0,1756764299999
1756764300000,2.8282,2.8288,2.8281,2.8288,1397.3,1756764599999
1756764600000,2.8288,2.8289,2.8287,2.8289,2889.9,1756764899999
1756764900000,2.8287,2.8323,2.8287,2.8294,196098.9,1756765199999
1756765200000,2.8296,2.8307,2.8296,2.8307,4481.0,1756765499999
1756765500000,2.8306,2.8313,2.8306,2.8312,3951.5,1756765799999
1756765800000,2.8312,2.8315,2.8308,2.8315,12268.7,1756766099999
1756766100000,2.8315,2.8323,2.8313,2.8319,5477.2,1756766399999
1756766400000,2.8319,2.8319,2.8306,2.8306,580.1,1756766699999
1756766700000,2.8305,2.8305,2.8304,2.8304,1010.2,1756766999999
1756767000000,2.8301,2.8301,2.8299,2.83,1092.1,1756767299999
1756767300000,2.83,2.8307,2.83,2.8307,1659.1,1756767599999
1756767600000,2.8306,2.8307,2.8305,2.8305,2705.5,1756767899999
1756767900000,2.8305,2.8305,2.8294,2.8294,29453.0,1756768199999
1756768200000,2.8294,2.8294,2.8287,2.8291,1783.6,1756768499999
1756768500000,2.8289,2.8306,2.8288,2.8306,7879.2,1756768799999
1756768800000,2.8306,2.8306,2.8297,2.8305,19595.2,1756769099999
1756769100000,2.8306,2.8306,2.8302,2.8302,1715.5,1756769399999
1756769400000,2.8297,2.8297,2.8289,2.8291,5758.7,1756769699999
1756769700000,2.8292,2.83,2.8292,2.8299,3451.9,1756769999999
1756770000000,2.8294,2.8302,2.8293,2.8301,11591.9,1756770299999
1756770300000,2.83,2.83,2.8285,2.829,2219.5,1756770599999
1756770600000,2.8284,2.8284,2.8279,2.828,12728.5,1756770899999
1756770900000,2.828,2.8282,2.8256,2.8256,31012.0,1756771199999
1756771200000,2.8256,2.826,2.8248,2.8248,8687.5,1756771499999
1756771500000,2.8249,2.8267,2.8249,2.8267,27273.0,1756771799999
1756771800000,2.8266,2.8275,2.8255,2.8255,3156.4,1756772099999
1756772100000,2.8243,2.8253,2.8238,2.8253,16641.2,1756772399999
1756772400000,2.8255,2.8274,2.8255,2.827,4671.4,1756772699999
1756772700000,2.827,2.8281,2.8219,2.8224,11162.9,1756772999999
1756773000000,2.8224,2.8247,2.8218,2.8247,28074.6,1756773299999
1756773300000,2.8247,2.8259,2.8246,2.8257,11249.6,1756773599999
1756773600000,2.8257,2.8257,2.8247,2.8248,7429.3,1756773899999
1756773900000,2.8248,2.8249,2.8232,2.8232,17338.8,1756774199999
1756774200000,2.8231,2.8231,2.8216,2.8218,25682.3,1756774499999
1756774500000,2.8218,2.8224,2.8217,2.8224,15771.2,1756774799999
1756774800000,2.8223,2.8225,2.8223,2.8225,18898.4,1756775099999
1756775100000,2.8225,2.8232,2.8221,2.8232,17255.5,1756775399999
1756775400000,2.8233,2.8237,2.8231,2.8235,17460.9,1756775699999
1756775700000,2.8234,2.8235,2.8227,2.8228,16917.1,1756775999999
1756776000000,2.8228,2.8228,2.822,2.8222,17543.1,1756776299999
1756776300000,2.8222,2.8224,2.8219,2.8223,16549.0,1756776599999
1756776600000,2.8223,2.8224,2.8212,2.8216,18807.5,1756776899999
1756776900000,2.8214,2.8214,2.8206,2.8211,22058.6,1756777199999
1756777200000,2.8211,2.8221,2.8207,2.8219,28833.3,1756777499999
1756777500000,2.8219,2.8225,2.821,2.8214,133237.0,1756777799999
1756777800000,2.8216,2.8243,2.8207,2.8235,62342.7,1756778099999
1756778100000,2.8235,2.8268,2.8205,2.8208,11988.4,1756778399999
1756778400000,2.8208,2.8219,2.8207,2.8219,23884.3,1756778699999
1756778700000,2.8219,2.8227,2.8218,2.8227,82813.4,1756778999999
1756779000000,2.8227,2.8237,2.8225,2.8236,15722.9,1756779299999
1756779300000,2.8237,2.8243,2.8236,2.8237,33277.9,1756779599999
1756779600000,2.8237,2.8237,2.823,2.8234,49678.8,1756779899999
1756779900000,2.8234,2.8237,2.8231,2.8234,18331.3,1756780199999
1756780200000,2.8234,2.8234,2.8211,2.8223,109225.3,1756780499999
1756780500000,2.8223,2.8223,2.8204,2.8204,62008.2,1756780799999
1756780800000,2.8205,2.8221,2.8205,2.8218,133776.6,1756781099999
1756781100000,2.8215,2.8216,2.8201,2.8201,30334.2,1756781399999
1756781400000,2.8202,2.8202,2.8188,2.8188,1452.9,1756781699999
1756781700000,2.8186,2.8245,2.8186,2.82,235995.6,1756781999999
1756782000000,2.8201,2.8201,2.8199,2.8199,40264.2,1756782299999
1756782300000,2.8199,2.8205,2.8199,2.8205,2542.0,1756782599999
1756782600000,2.8206,2.8207,2.8206,2.8206,411.0,1756782899999
1756782900000,2.8204,2.8209,2.8204,2.8208,3076.4,1756783199999
1756783200000,2.8214,2.8216,2.8214,2.8214,9251.0,1756783499999
1756783500000,2.8214,2.8214,2.8199,2.8199,10725.7,1756783799999
1756783800000,2.8199,2.8202,2.8199,2.8199,11583.2,1756784099999
1756784100000,2.8199,2.82,2.8199,2.8199,3900.2,1756784399999
1756784400000,2.8199,2.8199,2.8199,2.8199,4658.9,1756784699999
1756784700000,2.8199,2.8199,2.8199,2.8199,2162.4,1756784999999
1756785000000,2.8199,2.8207,2.8154,2.8154,53204.1,1756785299999
1756785300000,2.8154,2.8155,2.8133,2.8133,6296.5,1756785599999
1756785600000,2.8133,2.8146,2.8132,2.8146,7810.5,1756785899999
1756785900000,2.815,2.815,2.8143,2.8143,838.1,1756786199999
1756786200000,2.8142,2.8143,2.8141,2.8142,653.8,1756786499999
1756786500000,2.8142,2.8149,2.8142,2.8149,17419.4,1756786799999
1756786800000,2.8151,2.816,2.8151,2.816,6887.4,1756787099999
1756787100000,2.8163,2.8173,2.8163,2.8172,5566.8,1756787399999
1756787400000,2.8172,2.8174,2.8168,2.8168,2734.5,1756787699999
1756787700000,2.8167,2.8167,2.8148,2.8158,38188.3,1756787999999
1756788000000,2.816,2.8166,2.8158,2.8166,932.0,1756788299999
1756788300000,2.8167,2.8167,2.8164,2.8164,7357.7,1756788599999
1756788600000,2.8164,2.8164,2.8149,2.8149,1118.3,1756788899999
1756788900000,2.8148,2.8148,2.814,2.814,2799.2,1756789199999
1756789200000,2.814,2.8141,2.8134,2.8134,5839.7,1756789499999
1756789500000,2.8134,2.8134,2.8126,2.8126,5284.6,1756789799999
1756789800000,2.8126,2.8126,2.8126,2.8126,3453.6,1756790099999
1756790100000,2.8126,2.8128,2.8126,2.8126,6532.0,1756790399999
1756790400000,2.8126,2.8128,2.8059,2.8059,9174.1,1756790699999
1756790700000,2.8059,2.8071,2.8059,2.8071,7837.3,1756790999999
1756791000000,2.808,2.8089,2.808,2.8089,15103.9,1756791299999
1756791300000,2.809,2.8098,2.8089,2.8097,7609.5,1756791599999
1756791600000,2.8097,2.8103,2.8093,2.8093,20082.9,1756791899999
1756791900000,2.8093,2.8095,2.8081,2.8082,5580.4,1756792199999
1756792200000,2.8082,2.8092,2.8082,2.8088,2258.6,1756792499999
1756792500000,2.8084,2.8091,2.8083,2.8091,7513.5,1756792799999
1756792800000,2.8088,2.8092,2.807,2.8088,37523.9,1756793099999
1756793100000,2.8082,2.8082,2.8063,2.8064,22403.5,1756793399999
1756793400000,2.8064,2.8078,2.8063,2.8075,46210.5,1756793699999
1756793700000,2.8065,2.8065,2.8065,2.8065,2511.1,1756793999999
1756794000000,2.8066,2.8066,2.8046,2.8055,43957.2,1756794299999
1756794300000,2.8053,2.8055,2.8036,2.8036,12863.8,1756794599999
1756794600000,2.8037,2.8037,2.8026,2.8037,31992.9,1756794899999
1756794900000,2.8036,2.8056,2.8029,2.8053,50932.8,1756795199999
1756795200000,2.8054,2.8084,2.8035,2.8062,59127.4,1756795499999
1756795500000,2.8059,2.8067,2.8029,2.8037,27210.2,1756795799999
1756795800000,2.8035,2.8036,2.8033,2.8035,6051.6,1756796099999
1756796100000,2.8038,2.8051,2.8038,2.8048,4175.1,1756796399999
1756796400000,2.8048,2.8048,2.8047,2.8048,4038.0,1756796699999
1756796700000,2.8049,2.805,2.8046,2.8049,27195.4,1756796999999
1756797000000,2.8049,2.806,2.8032,2.8032,43289.6,1756797299999
1756797300000,2.8032,2.8032,2.8026,2.8027,25244.5,1756797599999
1756797600000,2.8026,2.8026,2.8017,2.8018,1601.6,1756797899999
1756797900000,2.8028,2.804,2.8015,2.8039,56627.3,1756798199999
1756798200000,2.8039,2.8041,2.8034,2.8034,17219.7,1756798499999
1756798500000,2.8036,2.8047,2.8033,2.8047,13731.5,1756798799999
1756798800000,2.805,2.8054,2.8049,2.8051,10172.7,1756799099999
1756799100000,2.8053,2.8064,2.8047,2.8064,18583.6,1756799399999
1756799400000,2.8064,2.8064,2.8048,2.8048,11316.6,1756799699999
1756799700000,2.8049,2.8049,2.803,2.8031,58358.5,1756799999999
1756800000000,2.8032,2.8056,2.8013,2.8033,100950.6,1756800299999
1756800300000,2.8036,2.8036,2.8,2.802,122011.9,1756800599999
1756800600000,2.802,2.8024,2.7985,2.7988,57694.2,1756800899999
1756800900000,2.7988,2.7988,2.7972,2.7974,18327.7,1756801199999
1756801200000,2.7973,2.8022,2.7973,2.7993,739943.5,1756801499999
1756801500000,2.7993,2.7995,2.7992,2.7994,2167.1,1756801799999
1756801800000,2.7994,2.8016,2.7986,2.7989,131625.2,1756802099999
1756802100000,2.799,2.799,2.7979,2.7979,14535.1,1756802399999
1756802400000,2.7979,2.7979,2.7977,2.7978,1142.1,1756802699999
1756802700000,2.7978,2.7997,2.7976,2.7997,17715.9,1756802999999
1756803000000,2.7997,2.8,2.799,2.7995,32892.7,1756803299999
1756803300000,2.7995,2.8001,2.7991,2.7991,22840.1,1756803599999
1756803600000,2.7995,2.8017,2.7991,2.8017,7567.7,1756803899999
1756803900000,2.8017,2.8017,2.7995,2.7996,17125.0,1756804199999
1756804200000,2.7996,2.8028,2.7965,2.7966,61601.6,1756804499999
1756804500000,2.7965,2.7981,2.796,2.7981,96564.0,1756804799999
1756804800000,2.7987,2.8012,2.7974,2.8007,50879.3,1756805099999
1756805100000,2.8007,2.8029,2.7974,2.7987,72543.7,1756805399999
1756805400000,2.7984,2.8033,2.7967,2.7978,104960.7,1756805699999
1756805700000,2.7978,2.7991,2.7976,2.7991,58282.8,1756805999999
1756806000000,2.7991,2.7991,2.7989,2.799,16102.8,1756806299999
1756806300000,2.799,2.8008,2.7989,2.8008,13745.7,1756806599999
1756806600000,2.8008,2.8015,2.8008,2.8013,3970.9,1756806899999
1756806900000,2.8013,2.8018,2.8012,2.8018,10587.5,1756807199999
1756807200000,2.8017,2.8043,2.8017,2.8043,40925.5,1756807499999
1756807500000,2.8043,2.8048,2.8041,2.8047,17049.2,1756807799999
1756807800000,2.8047,2.8053,2.8042,2.8053,3296.1,1756808099999
1756808100000,2.8053,2.8064,2.8053,2.8064,3059.4,1756808399999
1756808400000,2.8064,2.8068,2.8053,2.8053,38812.8,1756808699999
1756808700000,2.8053,2.8056,2.8038,2.8039,13715.5,1756808999999
1756809000000,2.8039,2.8039,2.8032,2.8033,4372.2,1756809299999
1756809300000,2.8033,2.8042,2.803,2.8031,26436.0,1756809599999
1756809600000,2.8031,2.8038,2.8031,2.8036,5514.6,1756809899999
1756809900000,2.8036,2.8079,2.8024,2.8024,111703.6,1756810199999
1756810200000,2.8024,2.8029,2.7957,2.8029,173421.6,1756810499999
1756810500000,2.8029,2.804,2.8022,2.8024,21811.6,1756810799999
1756810800000,2.8024,2.8033,2.8021,2.8033,7385.8,1756811099999
1756811100000,2.8033,2.8041,2.8032,2.804,1848.2,1756811399999
1756811400000,2.804,2.804,2.8027,2.8027,1556.4,1756811699999
1756811700000,2.8027,2.8028,2.8023,2.8023,4601.1,1756811999999
1756812000000,2.8023,2.8036,2.8022,2.8034,11965.7,1756812299999
1756812300000,2.8034,2.8058,2.8034,2.8056,7850.2,1756812599999
1756812600000,2.8056,2.8059,2.8055,2.8057,12348.7,1756812899999
1756812900000,2.8057,2.8077,2.8057,2.8077,2913.8,1756813199999
1756813200000,2.8077,2.8083,2.8077,2.8082,21476.8,1756813499999
1756813500000,2.8082,2.8093,2.8082,2.8084,50510.2,1756813799999
1756813800000,2.8084,2.8087,2.8075,2.808,42310.2,1756814099999
1756814100000,2.808,2.808,2.806,2.806,28599.3,1756814399999
1756814400000,2.806,2.8067,2.806,2.8067,5502.0,1756814699999
1756814700000,2.8067,2.808,2.8063,2.8074,34526.5,1756814999999
1756815000000,2.8074,2.8076,2.8064,2.8064,9280.4,1756815299999
1756815300000,2.8064,2.808,2.8057,2.8067,46287.3,1756815599999
1756815600000,2.8067,2.809,2.8067,2.8088,26889.4,1756815899999
1756815900000,2.8088,2.8099,2.8088,2.8096,29572.1,1756816199999
1756816200000,2.8096,2.8098,2.8088,2.8096,8511.6,1756816499999
1756816500000,2.8096,2.8098,2.8094,2.8098,22708.0,1756816799999
1756816800000,2.8098,2.8106,2.7825,2.7825,1061482.2,1756817099999
1756817100000,2.81,2.8112,2.7688,2.7946,1916188.2,1756817399999
1756817400000,2.804,2.8106,2.7647,2.8097,1725322.9,1756817699999
1756817700000,2.8098,2.81,2.7864,2.7935,908451.6,1756817999999
1756818000000,2.8083,2.8087,2.7926,2.7981,1027000.8,1756818299999
1756818300000,2.7981,2.8091,2.7899,2.8032,738461.2,1756818599999
1756818600000,2.8032,2.8034,2.8026,2.8027,54106.8,1756818899999
1756818900000,2.8026,2.8034,2.8015,2.8032,11080.4,1756819199999
1756819200000,2.8032,2.8034,2.7921,2.794,1140030.4,1756819499999
1756819500000,2.7956,2.809,2.7904,2.8036,622876.2,1756819799999
1756819800000,2.8036,2.8094,2.7758,2.8016,930699.1,1756820099999
1756820100000,2.8016,2.8086,2.8016,2.8065,10340.6,1756820399999
1756820400000,2.8065,2.8071,2.8027,2.8044,14079.5,1756820699999
1756820700000,2.8043,2.8069,2.8015,2.8017,40195.1,1756820999999
1756821000000,2.8017,2.8067,2.801,2.8067,453243.8,1756821299999
1756821300000,2.8067,2.8113,2.7993,2.8054,828304.7,1756821599999
1756821600000,2.8015,2.8155,2.7992,2.7995,524796.7,1756821899999
1756821900000,2.7995,2.8,2.7994,2.8,3506.2,1756822199999
1756822200000,2.8,2.8,2.7993,2.7999,9579.3,1756822499999
1756822500000,2.7999,2.8066,2.7993,2.8002,265190.0,1756822799999
1756822800000,2.8002,2.8152,2.7996,2.8014,1356755.5,1756823099999
1756823100000,2.8014,2.8171,2.801,2.8126,1157691.4,1756823399999
1756823400000,2.8126,2.8391,2.8009,2.8384,714525.5,1756823699999
1756823700000,2.8384,2.8418,2.8005,2.8416,83109.0,1756823999999
1756824000000,2.8416,2.8416,2.7997,2.8117,1048299.5,1756824299999
1756824300000,2.806,2.8177,2.7997,2.8075,633010.9,1756824599999
1756824600000,2.8075,2.8172,2.8011,2.812,931582.1,1756824899999
1756824900000,2.812,2.835,2.8012,2.8111,834848.9,1756825199999
1756825200000,2.8094,2.8276,2.8002,2.8143,312880.7,1756825499999
1756825500000,2.8143,2.8143,2.8003,2.8008,10814.4,1756825799999
1756825800000,2.8008,2.808,2.8003,2.808,151599.5,1756826099999
1756826100000,2.808,2.8165,2.8022,2.8028,704182.7,1756826399999
1756826400000,2.8028,2.8096,2.8021,2.8024,303814.6,1756826699999
1756826700000,2.8026,2.8031,2.8004,2.8009,25984.5,1756826999999
1756827000000,2.8009,2.8014,2.8008,2.8014,2604.8,1756827299999
1756827300000,2.8014,2.802,2.8011,2.8013,3356.6,1756827599999
1756827600000,2.8013,2.8014,2.8008,2.8014,1802.2,1756827899999
1756827900000,2.8014,2.8023,2.8012,2.8022,13772.6,1756828199999
1756828200000,2.8023,2.8038,2.7993,2.7993,1814.4,1756828499999
1756828500000,2.7993,2.8047,2.7993,2.8038,3949.1,1756828799999
1756828800000,2.8038,2.8039,2.8022,2.8022,23639.3,1756829099999
1756829100000,2.8022,2.8023,2.8018,2.8018,3977.1,1756829399999
1756829400000,2.8018,2.8019,2.8007,2.8008,9301.3,1756829699999
1756829700000,2.8008,2.801,2.8007,2.8007,1877.4,1756829999999
1756830000000,2.8006,2.8007,2.8,2.8001,27072.3,1756830299999
1756830300000,2.8001,2.8005,2.7993,2.7999,20619.7,1756830599999
1756830600000,2.7999,2.8116,2.7987,2.8017,186023.2,1756830899999
1756830900000,2.8017,2.8028,2.8009,2.8027,2059.7,1756831199999
1756831200000,2.8027,2.8032,2.8025,2.8025,3075.1,1756831499999
1756831500000,2.8025,2.8033,2.8024,2.8024,18653.8,1756831799999
1756831800000,2.8024,2.8048,2.8007,2.8047,11763.4,1756832099999
1756832100000,2.8047,2.8048,2.8033,2.8033,6972.3,1756832399999
1756832400000,2.8033,2.8033,2.8023,2.8024,5391.8,1756832699999
1756832700000,2.8024,2.8028,2.8013,2.8014,21498.7,1756832999999
1756833000000,2.8014,2.8015,2.8011,2.8011,18974.3,1756833299999
1756833300000,2.8011,2.8011,2.8004,2.8004,1309.7,1756833599999
1756833600000,2.8004,2.8005,2.8004,2.8004,460.0,1756833899999
1756833900000,2.8004,2.8012,2.8004,2.8008,7534.4,1756834199999
1756834200000,2.8008,2.8018,2.8008,2.8018,6482.0,1756834499999
1756834500000,2.8018,2.8029,2.8014,2.8028,10367.4,1756834799999
1756834800000,2.8028,2.8028,2.8012,2.8012,1226.8,1756835099999
1756835100000,2.8012,2.8013,2.8006,2.8008,10562.1,1756835399999
1756835400000,2.8008,2.802,2.8008,2.8019,5107.0,1756835699999
1756835700000,2.8019,2.8023,2.8019,2.8022,5727.9,1756835999999
1756836000000,2.8022,2.8032,2.8021,2.8025,20251.6,1756836299999
1756836300000,2.8025,2.8026,2.8024,2.8025,740.0,1756836599999
1756836600000,2.8025,2.8028,2.8025,2.8027,1607.8,1756836899999
1756836900000,2.8027,2.8028,2.8016,2.8016,4503.2,1756837199999
1756837200000,2.8016,2.8036,2.8016,2.8035,4714.2,1756837499999
1756837500000,2.8035,2.8036,2.8026,2.8026,3344.9,1756837799999
1756837800000,2.8026,2.8027,2.8015,2.8016,5456.6,1756838099999
1756838100000,2.8016,2.802,2.8013,2.8019,6370.0,1756838399999
1756838400000,2.8019,2.8023,2.8018,2.8018,31958.7,1756838699999
1756838700000,2.8018,2.8023,2.8015,2.8016,5025.3,1756838999999
1756839000000,2.8016,2.802,2.8015,2.8017,24983.4,1756839299999
1756839300000,2.8017,2.8017,2.8005,2.8006,6518.5,1756839599999
1756839600000,2.8006,2.8007,2.8001,2.8004,32849.3,1756839899999
1756839900000,2.8004,2.8024,2.8004,2.8024,4141.0,1756840199999
1756840200000,2.8024,2.803,2.7969,2.803,45843.9,1756840499999
1756840500000,2.803,2.8039,2.803,2.8038,4587.8,1756840799999
1756840800000,2.8038,2.8043,2.8037,2.8042,3970.8,1756841099999
1756841100000,2.8043,2.8045,2.8041,2.8042,720.2,1756841399999
1756841400000,2.8042,2.8061,2.804,2.8061,1876.7,1756841699999
1756841700000,2.8061,2.8077,2.8061,2.8076,6453.0,1756841999999
1756842000000,2.8076,2.8093,2.8076,2.8093,4790.1,1756842299999
1756842300000,2.8093,2.8093,2.8081,2.8082,7614.8,1756842599999
1756842600000,2.8083,2.8085,2.8079,2.808,18327.0,1756842899999
1756842900000,2.808,2.8089,2.808,2.8089,1948.5,1756843199999
1756843200000,2.8089,2.8089,2.8075,2.8076,25302.4,1756843499999
1756843500000,2.8076,2.809,2.8075,2.8089,3454.8,1756843799999
1756843800000,2.809,2.8091,2.8083,2.8091,21020.9,1756844099999
1756844100000,2.8091,2.8171,2.8091,2.8171,219453.2,1756844399999
1756844400000,2.8171,2.8269,2.8108,2.8256,1142645.1,1756844699999
1756844700000,2.8256,2.8261,2.8108,2.8242,701373.2,1756844999999
1756845000000,2.8242,2.8428,2.8091,2.8198,277914.3,1756845299999
1756845300000,2.8198,2.851,2.808,2.851,685131.8,1756845599999
1756845600000,2.851,2.852,2.8072,2.8216,621304.7,1756845899999
1756845900000,2.8216,2.8228,2.8066,2.8226,567725.1,1756846199999
1756846200000,2.8226,2.8331,2.8049,2.8197,733061.9,1756846499999
1756846500000,2.8197,2.8242,2.8046,2.8143,1750800.0,1756846799999
1756846800000,2.8142,2.8433,2.804,2.8214,887015.5,1756847099999
1756847100000,2.8214,2.8236,2.8039,2.8227,722784.2,1756847399999
1756847400000,2.8227,2.828,2.8064,2.828,555794.3,1756847699999
1756847700000,2.828,2.8425,2.8049,2.8051,373395.2,1756847999999
1756848000000,2.8051,2.8204,2.8046,2.8204,1500973.3,1756848299999
1756848300000,2.8203,2.8206,2.8049,2.8123,1312971.8,1756848599999
1756848600000,2.8123,2.8224,2.8061,2.8175,1144799.5,1756848899999
1756848900000,2.8069,2.8401,2.8051,2.8401,1933168.5,1756849199999
1756849200000,2.8051,2.8409,2.8045,2.8148,304902.2,1756849499999
1756849500000,2.8148,2.8148,2.8148,2.8148,0.0,1756849799999
1756849800000,2.8148,2.8148,2.8148,2.8148,0.0,1756850099999
1756850100000,2.8148,2.8148,2.8148,2.8148,0.0,1756850399999
1756850400000,2.8148,2.8148,2.8148,2.8148,0.0,1756850699999
1756850700000,2.8148,2.8148,2.8148,2.8148,0.0,1756850999999
1756851000000,2.8148,2.8148,2.8148,2.8148,0.0,1756851299999
1756851300000,2.8148,2.8148,2.8148,2.8148,0.0,1756851599999
1756851600000,2.8148,2.8148,2.8148,2.8148,0.0,1756851899999
1756851900000,2.8148,2.8148,2.8148,2.8148,0.0,1756852199999
1756852200000,2.8148,2.8148,2.8148,2.8148,0.0,1756852499999
1756852500000,2.8148,2.8148,2.8148,2.8148,0.0,1756852799999
1756852800000,2.8148,2.8148,2.8148,2.8148,0.0,1756853099999
1756853100000,2.8148,2.8148,2.8148,2.8148,0.0,1756853399999
1756853400000,2.8148,2.8148,2.8148,2.8148,0.0,1756853699999
1756853700000,2.8148,2.8148,2.8148,2.8148,0.0,1756853999999
1756854000000,2.8148,2.8148,2.8148,2.8148,0.0,1756854299999
1756854300000,2.8148,2.8148,2.8148,2.8148,0.0,1756854599999
1756854600000,2.8148,2.8148,2.8148,2.8148,0.0,1756854899999
1756854900000,2.8148,2.8148,2.8148,2.8148,0.0,1756855199999
1756855200000,2.8148,2.8148,2.8148,2.8148,0.0,1756855499999
1756855500000,2.8148,2.8148,2.8148,2.8148,0.0,1756855799999
1756855800000,2.8148,2.8148,2.8148,2.8148,0.0,1756856099999
1756856100000,2.8148,2.8148,2.8148,2.8148,0.0,1756856399999
1756856400000,2.8148,2.8148,2.8148,2.8148,0.0,1756856699999
1756856700000,2.8148,2.8148,2.8148,2.8148,0.0,1756856999999
1756857000000,2.8148,2.8148,2.8148,2.8148,0.0,1756857299999
1756857300000,2.8148,2.8148,2.8148,2.8148,0.0,1756857599999
1756857600000,2.8148,2.8148,2.8148,2.8148,0.0,1756857899999
1756857900000,2.8148,2.8148,2.8148,2.8148,0.0,1756858199999
1756858200000,2.8148,2.8148,2.8148,2.8148,0.0,1756858499999
1756858500000,2.8148,2.8148,2.8148,2.8148,0.0,1756858799999
1756858800000,2.8148,2.8148,2.8148,2.8148,0.0,1756859099999
1756859100000,2.8148,2.8148,2.8148,2.8148,0.0,1756859399999
1756859400000,2.8148,2.8148,2.8148,2.8148,0.0,1756859699999
1756859700000,2.8148,2.8148,2.8148,2.8148,0.0,1756859999999
1756860000000,2.8148,2.8148,2.8148,2.8148,0.0,1756860299999
1756860300000,2.8148,2.8148,2.8148,2.8148,0.0,1756860599999
1756860600000,2.8148,2.8148,2.8148,2.8148,0.0,1756860899999
1756860900000,2.8148,2.8148,2.8148,2.8148,0.0,1756861199999
1756861200000,2.8148,2.8148,2.8148,2.8148,0.0,1756861499999
1756861500000,2.8148,2.8148,2.8148,2.8148,0.0,1756861799999
1756861800000,2.8148,2.8148,2.8148,2.8148,0.0,1756862099999
1756862100000,2.8148,2.8148,2.8148,2.8148,0.0,1756862399999
1756862400000,2.8148,2.8148,2.8148,2.8148,0.0,1756862699999
1756862700000,2.8148,2.8148,2.8148,2.8148,0.0,1756862999999
1756863000000,2.8148,2.8148,2.8148,2.8148,0.0,1756863299999
1756863300000,2.8148,2.8148,2.8148,2.8148,0.0,1756863599999
1756863600000,2.8148,2.8148,2.8148,2.8148,0.0,1756863899999
1756863900000,2.8148,2.8148,2.8148,2.8148,0.0,1756864199999
1756864200000,2.8148,2.8148,2.8148,2.8148,0.0,1756864499999
1756864500000,2.8148,2.8148,2.8148,2.8148,0.0,1756864799999
1756864800000,2.8148,2.8148,2.8148,2.8148,0.0,1756865099999
1756865100000,2.8148,2.8148,2.8148,2.8148,0.0,1756865399999
1756865400000,2.8148,2.8148,2.8148,2.8148,0.0,1756865699999
1756865700000,2.8148,2.8148,2.8148,2.8148,0.0,1756865999999
1756866000000,2.8148,2.8148,2.8148,2.8148,0.0,1756866299999
1756866300000,2.8148,2.8148,2.8148,2.8148,0.0,1756866599999
1756866600000,2.8148,2.8148,2.8148,2.8148,0.0,1756866899999
1756866900000,2.8148,2.8148,2.8148,2.8148,0.0,1756867199999
1756867200000,2.8148,2.8148,2.8148,2.8148,0.0,1756867499999
1756867500000,2.8148,2.8148,2.8148,2.8148,0.0,1756867799999
1756867800000,2.8148,2.8148,2.8148,2.8148,0.0,1756868099999
1756868100000,2.8148,2.8148,2.8148,2.8148,0.0,1756868399999
1756868400000,2.8148,2.8148,2.8148,2.8148,0.0,1756868699999
1756868700000,2.8148,2.8148,2.8148,2.8148,0.0,1756868999999
1756869000000,2.8148,2.8148,2.8148,2.8148,0.0,1756869299999
1756869300000,2.8148,2.8148,2.8148,2.8148,0.0,1756869599999
1756869600000,2.8148,2.8148,2.8148,2.8148,0.0,1756869899999
1756869900000,2.8148,2.8148,2.8148,2.8148,0.0,1756870199999
1756870200000,2.8148,2.8148,2.8148,2.8148,0.0,1756870499999
1756870500000,2.8148,2.8148,2.8148,2.8148,0.0,1756870799999
1756870800000,2.8148,2.8148,2.8148,2.8148,0.0,1756871099999
1756871100000,2.8148,2.8148,2.8148,2.8148,0.0,1756871399999
1756871400000,2.8148,2.8148,2.8148,2.8148,0.0,1756871699999
1756871700000,2.8148,2.8148,2.8148,2.8148,0.0,1756871999999
1756872000000,2.8148,2.8148,2.8148,2.8148,0.0,1756872299999
1756872300000,2.8148,2.8148,2.8148,2.8148,0.0,1756872599999
1756872600000,2.8148,2.8148,2.8148,2.8148,0.0,1756872899999
1756872900000,2.8148,2.8148,2.8148,2.8148,0.0,1756873199999
1756873200000,2.8148,2.8148,2.8148,2.8148,0.0,1756873499999
1756873500000,2.8148,2.8148,2.8148,2.8148,0.0,1756873799999
1756873800000,2.8219,2.833,2.7841,2.7887,90692.6,1756874099999
1756874100000,2.7887,2.834,2.7824,2.8223,133555.6,1756874399999
1756874400000,2.8225,2.8374,2.7823,2.8276,94642.8,1756874699999
1756874700000,2.8276,2.8327,2.78,2.7802,76934.1,1756874999999
1756875000000,2.7802,2.8374,2.78,2.835,104386.8,1756875299999
1756875300000,2.835,2.8376,2.8339,2.8354,27591.6,1756875599999
1756875600000,2.8339,2.8376,2.8335,2.8341,7174.7,1756875899999
1756875900000,2.8341,2.8341,2.8332,2.8332,6130.0,1756876199999
1756876200000,2.8332,2.8342,2.7809,2.7817,265391.4,1756876499999
1756876500000,2.7817,2.8345,2.7807,2.8323,141470.7,1756876799999
1756876800000,2.8323,2.8356,2.78,2.78,34972.5,1756877099999
1756877100000,2.8294,2.8295,2.78,2.7828,441540.8,1756877399999
1756877400000,2.7828,2.8318,2.78,2.7818,1077775.9,1756877699999
1756877700000,2.7804,2.8308,2.78,2.7907,1798191.9,1756877999999
1756878000000,2.7907,2.8276,2.78,2.7824,976183.7,1756878299999
1756878300000,2.7824,2.8276,2.78,2.7824,2279765.2,1756878599999
1756878600000,2.7824,2.8148,2.78,2.7813,1381149.8,1756878899999
1756878900000,2.7813,2.8281,2.78,2.8258,1286095.9,1756879199999
1756879200000,2.8256,2.8281,2.8256,2.8256,19200.1,1756879499999
1756879500000,2.8256,2.8281,2.7763,2.7904,445752.3,1756879799999
1756879800000,2.7904,2.8187,2.774,2.8187,451598.5,1756880099999
1756880100000,2.8187,2.8281,2.7752,2.8205,824675.6,1756880399999
1756880400000,2.8205,2.8283,2.8205,2.8223,10431.6,1756880699999
1756880700000,2.8222,2.8236,2.7784,2.7825,54764.0,1756880999999
1756881000000,2.7825,2.82,2.7786,2.7829,2058482.1,1756881299999
1756881300000,2.7829,2.923,2.7816,2.7818,375482.5,1756881599999
1756881600000,2.7818,2.8118,2.7815,2.7863,1044926.5,1756881899999
1756881900000,2.7863,2.8187,2.7813,2.7894,1104629.1,1756882199999
1756882200000,2.7894,2.8017,2.7821,2.7867,1328755.4,1756882499999
1756882500000,2.7867,2.7969,2.7814,2.7884,1777862.6,1756882799999
1756882800000,2.7884,2.8178,2.7816,2.785,1714327.4,1756883099999
1756883100000,2.785,2.8192,2.7829,2.7876,488365.4,1756883399999
1756883400000,2.7844,2.8015,2.7808,2.7859,492969.0,1756883699999
1756883700000,2.7859,2.8024,2.78,2.7856,1660930.6,1756883999999
1756884000000,2.7856,2.8152,2.7799,2.7979,2015177.5,1756884299999
1756884300000,2.7979,2.8,2.7797,2.7955,1864776.3,1756884599999
1756884600000,2.7816,2.8081,2.7804,2.7873,1595583.6,1756884899999
1756884900000,2.7813,2.8175,2.7803,2.7875,2933004.1,1756885199999
1756885200000,2.7804,2.8165,2.7803,2.8163,368859.7,1756885499999
1756885500000,2.8162,2.8184,2.7805,2.818,1171739.3,1756885799999
1756885800000,2.818,2.818,2.7833,2.8117,1097136.2,1756886099999
1756886100000,2.7884,2.8096,2.7838,2.7921,1188468.1,1756886399999
1756886400000,2.7846,2.8248,2.7831,2.7984,1955044.6,1756886699999
1756886700000,2.7832,2.8281,2.783,2.7915,2149690.0,1756886999999
1756887000000,2.7915,2.8332,2.7857,2.7884,1581939.4,1756887299999
1756887300000,2.7884,2.8365,2.7868,2.795,676872.2,1756887599999
1756887600000,2.795,2.8332,2.7882,2.7908,325967.0,1756887899999
1756887900000,2.7896,2.8279,2.789,2.795,720110.2,1756888199999
1756888200000,2.7948,2.8279,2.7875,2.8023,802601.6,1756888499999
1756888500000,2.8023,2.8292,2.7875,2.8292,1112449.5,1756888799999
1756888800000,2.7949,2.8292,2.7891,2.8279,1239601.2,1756889099999
1756889100000,2.7946,2.8366,2.7869,2.7927,514540.9,1756889399999
1756889400000,2.789,2.837,2.7861,2.8066,627974.9,1756889699999
1756889700000,2.7879,2.8374,2.7873,2.7887,829355.3,1756889999999
1756890000000,2.7877,2.8448,2.7872,2.7903,1119912.4,1756890299999
1756890300000,2.7903,2.8374,2.7873,2.7987,703620.5,1756890599999
1756890600000,2.7987,2.8448,2.7881,2.8031,1113572.4,1756890899999
1756890900000,2.7952,2.8454,2.7885,2.7888,913673.0,1756891199999
1756891200000,2.7888,2.8454,2.7877,2.8389,1394840.0,1756891499999
1756891500000,2.8389,2.8405,2.7875,2.8051,2051731.9,1756891799999
1756891800000,2.8051,2.842,2.7881,2.7902,1200606.1,1756892099999
1756892100000,2.7902,2.8385,2.7895,2.8374,922927.2,1756892399999
1756892400000,2.8374,2.8434,2.7869,2.8433,387488.7,1756892699999
1756892700000,2.8432,2.8439,2.8394,2.8408,40640.5,1756892999999
1756893000000,2.8408,2.8419,2.8366,2.8415,37383.4,1756893299999
1756893300000,2.8414,2.8447,2.8349,2.8447,57776.7,1756893599999
1756893600000,2.8446,2.846,2.8401,2.843,35009.2,1756893899999
1756893900000,2.843,2.8439,2.834,2.8409,107983.0,1756894199999
1756894200000,2.8409,2.8439,2.8367,2.8439,21680.2,1756894499999
1756894500000,2.8429,2.88,2.7813,2.8514,56744.5,1756894799999
1756894800000,2.8514,2.8515,2.8486,2.85,14194.8,1756895099999
1756895100000,2.8501,2.8564,2.8447,2.8564,50442.6,1756895399999
1756895400000,2.8562,2.8584,2.8457,2.8519,40701.7,1756895699999
1756895700000,2.852,2.852,2.8454,2.8462,20744.0,1756895999999
1756896000000,2.8488,2.8563,2.8425,2.8505,76138.4,1756896299999
1756896300000,2.8511,2.8584,2.8442,2.8482,27687.0,1756896599999
1756896600000,2.8494,2.8584,2.8439,2.8584,14898.1,1756896899999
1756896900000,2.8464,2.8585,2.8405,2.8464,60713.2,1756897199999
1756897200000,2.8458,2.8586,2.8401,2.8496,69189.3,1756897499999
1756897500000,2.8496,2.8528,2.8397,2.8522,52772.9,1756897799999
1756897800000,2.8522,2.8566,2.8449,2.8566,31131.7,1756898099999
1756898100000,2.8564,2.8573,2.8433,2.8573,25506.7,1756898399999
1756898400000,2.8573,2.8573,2.8467,2.8573,33989.5,1756898699999
1756898700000,2.8557,2.8577,2.8494,2.8555,22166.6,1756898999999
1756899000000,2.8555,2.8583,2.8457,2.8549,29819.5,1756899299999
1756899300000,2.8549,2.8587,2.8457,2.8563,26046.8,1756899599999
1756899600000,2.8552,2.8587,2.8374,2.8587,72891.2,1756899899999
1756899900000,2.8587,2.8587,2.853,2.857,11123.0,1756900199999
1756900200000,2.8569,2.8587,2.85,2.857,35354.2,1756900499999
1756900500000,2.8569,2.8591,2.851,2.8553,32284.8,1756900799999
1756900800000,2.8567,2.8606,2.85,2.8606,32480.5,1756901099999
1756901100000,2.8606,2.8609,2.8479,2.8601,38300.5,1756901399999
1756901400000,2.8601,2.8614,2.8543,2.8586,64065.9,1756901699999
1756901700000,2.8584,2.8619,2.8522,2.8617,36544.1,1756901999999
1756902000000,2.8603,2.8652,2.8563,2.8609,20820.0,1756902299999
1756902300000,2.861,2.8647,2.8566,2.8608,16823.8,1756902599999
1756902600000,2.8608,2.8651,2.8548,2.8578,36032.6,1756902899999
1756902900000,2.8578,2.8667,2.8525,2.8653,49385.4,1756903199999
1756903200000,2.8653,2.8658,2.8551,2.8551,38183.7,1756903499999
1756903500000,2.8551,2.8666,2.8464,2.8485,24343.6,1756903799999
1756903800000,2.8485,2.8485,2.8413,2.8441,24616.9,1756904099999
1756904100000,2.8441,2.8455,2.8408,2.844,10430.7,1756904399999
1756904400000,2.8408,2.8576,2.8406,2.8499,13604.6,1756904699999
1756904700000,2.8497,2.8667,2.8446,2.8499,14424.4,1756904999999
1756905000000,2.8499,2.9234,2.8385,2.8504,96473.4,1756905299999
1756905300000,2.8503,2.8547,2.845,2.8532,41304.7,1756905599999
1756905600000,2.8529,2.8618,2.8456,2.8475,60299.5,1756905899999
1756905900000,2.8516,2.8539,2.8437,2.8512,26936.5,1756906199999
1756906200000,2.8515,2.8544,2.8474,2.8544,16166.0,1756906499999
1756906500000,2.8544,2.8595,2.847,2.8552,18943.6,1756906799999
1756906800000,2.8557,2.8636,2.8469,2.8636,48239.5,1756907099999
1756907100000,2.8636,2.8697,2.8399,2.8697,74068.8,1756907399999
1756907400000,2.8697,2.8701,2.8596,2.8639,36347.6,1756907699999
1756907700000,2.8639,2.8684,2.8559,2.8578,33475.8,1756907999999
1756908000000,2.858,2.8658,2.8544,2.8658,29418.7,1756908299999
1756908300000,2.8647,2.8659,2.8534,2.8659,48265.1,1756908599999
1756908600000,2.8658,2.9234,2.837,2.8541,73648.8,1756908899999
1756908900000,2.8541,2.8606,2.8517,2.8606,17453.9,1756909199999
1756909200000,2.8607,2.8626,2.8517,2.8621,10859.3,1756909499999
1756909500000,2.8616,2.8671,2.8512,2.8671,41310.2,1756909799999
1756909800000,2.8671,2.8715,2.8512,2.8707,138601.9,1756910099999
1756910100000,2.8707,2.9234,2.8506,2.8773,31176.8,1756910399999
1756910400000,2.8774,2.9234,2.7882,2.8838,57020.5,1756910699999
1756910700000,2.8841,2.9234,2.7887,2.8808,65017.1,1756910999999
1756911000000,2.8812,2.9234,2.7891,2.8699,34778.2,1756911299999
1756911300000,2.8699,2.8718,2.8686,2.8717,17625.5,1756911599999
1756911600000,2.8717,2.8723,2.8667,2.867,33151.8,1756911899999
1756911900000,2.867,2.92,2.8649,2.8716,44408.4,1756912199999
1756912200000,2.873,2.92,2.8676,2.8676,23695.4,1756912499999
1756912500000,2.8676,2.8678,2.8654,2.8654,10703.9,1756912799999
1756912800000,2.8668,2.8668,2.8606,2.8637,43405.4,1756913099999
1756913100000,2.8637,2.8641,2.8568,2.8636,53383.6,1756913399999
1756913400000,2.8633,2.9239,2.8575,2.867,130008.5,1756913699999
1756913700000,2.8657,2.8682,2.8614,2.8682,15336.2,1756913999999
1756914000000,2.8675,2.871,2.8596,2.871,35920.9,1756914299999
1756914300000,2.871,2.8715,2.8602,2.8693,14356.9,1756914599999
1756914600000,2.8682,2.8715,2.8614,2.8705,5588.0,1756914899999
1756914900000,2.8705,2.924,2.7916,2.8707,88507.8,1756915199999
1756915200000,2.8706,2.9241,2.7916,2.8681,66024.9,1756915499999
1756915500000,2.868,2.925,2.86,2.8672,181899.2,1756915799999
1756915800000,2.8672,2.8684,2.8648,2.8684,31496.3,1756916099999
1756916100000,2.8684,2.8684,2.8644,2.8684,32299.1,1756916399999
1756916400000,2.8682,2.8684,2.8636,2.8666,24534.3,1756916699999
1756916700000,2.867,2.8684,2.7919,2.864,66462.1,1756916999999
1756917000000,2.864,2.8684,2.8634,2.8646,15116.5,1756917299999
1756917300000,2.8646,2.8684,2.8623,2.8623,34076.8,1756917599999
1756917600000,2.8626,2.8684,2.857,2.857,22797.0,1756917899999
1756917900000,2.8571,2.87,2.7899,2.8545,227983.4,1756918199999
1756918200000,2.8554,2.8562,2.8517,2.8562,49002.7,1756918499999
1756918500000,2.8562,2.859,2.8487,2.8582,64155.9,1756918799999
1756918800000,2.8582,2.8598,2.8541,2.858,42800.3,1756919099999
1756919100000,2.8573,2.8629,2.854,2.8626,11140.3,1756919399999
1756919400000,2.8626,2.8672,2.8626,2.8665,6400.9,1756919699999
1756919700000,2.8664,2.8672,2.8638,2.8638,356.5,1756919999999
1756920000000,2.8641,2.8654,2.8629,2.8629,5616.7,1756920299999
1756920300000,2.8629,2.8636,2.8465,2.8608,36101.9,1756920599999
1756920600000,2.861,2.8654,2.8609,2.8653,768.0,1756920899999
1756920900000,2.8653,2.8682,2.8597,2.8597,6777.7,1756921199999
1756921200000,2.8597,2.8641,2.8597,2.8597,1082.7,1756921499999
1756921500000,2.8597,2.8598,2.8595,2.8598,472.3,1756921799999
1756921800000,2.8598,2.8634,2.8595,2.8634,382.3,1756922099999
1756922100000,2.8634,2.8637,2.8595,2.861,320.8,1756922399999
1756922400000,2.861,2.8647,2.8602,2.8642,727.7,1756922699999
1756922700000,2.8642,2.8643,2.8595,2.8618,605.9,1756922999999
1756923000000,2.8618,2.8709,2.8594,2.8626,25735.4,1756923299999
1756923300000,2.8624,2.864,2.8575,2.858,17696.0,1756923599999
1756923600000,2.858,2.864,2.858,2.8588,664.1,1756923899999
1756923900000,2.8587,2.864,2.858,2.858,1351.9,1756924199999
1756924200000,2.8586,2.8658,2.8578,2.8579,8366.7,1756924499999
1756924500000,2.8579,2.8579,2.8564,2.8564,985.0,1756924799999
1756924800000,2.8564,2.8604,2.8488,2.8488,4101.2,1756925099999
1756925100000,2.8488,2.8496,2.8454,2.8454,5660.4,1756925399999
1756925400000,2.8454,2.8472,2.8454,2.847,289.1,1756925699999
1756925700000,2.847,2.8658,2.8469,2.8498,5845.2,1756925999999
1756926000000,2.8498,2.8501,2.8454,2.8491,857.7,1756926299999
1756926300000,2.8492,2.8497,2.8454,2.8461,389.9,1756926599999
1756926600000,2.8461,2.8539,2.8454,2.8454,3893.0,1756926899999
1756926900000,2.8454,2.8468,2.8446,2.8468,2304.8,1756927199999
1756927200000,2.8468,2.8483,2.8446,2.8482,1121.4,1756927499999
1756927500000,2.8481,2.8483,2.8446,2.848,633.8,1756927799999
1756927800000,2.8481,2.8504,2.8446,2.8499,1521.9,1756928099999
1756928100000,2.8499,2.8499,2.8446,2.8484,323.2,1756928399999
1756928400000,2.8484,2.8507,2.8446,2.8507,3976.9,1756928699999
1756928700000,2.8507,2.8613,2.8417,2.8539,73640.0,1756928999999
1756929000000,2.8539,2.8599,2.8539,2.8594,1591.6,1756929299999
1756929300000,2.8594,2.8639,2.8529,2.8627,2896.5,1756929599999
1756929600000,2.8631,2.8639,2.8528,2.8634,1841.7,1756929899999
1756929900000,2.8634,2.8658,2.8522,2.8649,20159.4,1756930199999
1756930200000,2.8649,2.8666,2.8627,2.8639,5741.2,1756930499999
1756930500000,2.8639,2.8661,2.8522,2.8588,3525.7,1756930799999
1756930800000,2.8587,2.8666,2.8522,2.8583,1458.5,1756931099999
1756931100000,2.8583,2.8583,2.8543,2.8551,319.0,1756931399999
1756931400000,2.855,2.8666,2.8522,2.8565,2083.8,1756931699999
1756931700000,2.8565,2.8594,2.8565,2.8594,351.1,1756931999999
1756932000000,2.8594,2.8663,2.8522,2.8584,1172.5,1756932299999
1756932300000,2.8584,2.8584,2.8521,2.856,1471.9,1756932599999
1756932600000,2.856,2.8669,2.8513,2.8537,9550.1,1756932899999
1756932900000,2.8537,2.8669,2.8537,2.8543,5569.4,1756933199999
1756933200000,2.8543,2.8565,2.8541,2.8541,1002.2,1756933499999
1756933500000,2.8541,2.8565,2.8541,2.8541,1073.6,1756933799999
1756933800000,2.8541,2.8565,2.8541,2.8541,796.9,1756934099999
1756934100000,2.8541,2.9251,2.8499,2.8499,56728.7,1756934399999
1756934400000,2.8499,2.8503,2.8392,2.8475,19740.5,1756934699999
1756934700000,2.8475,2.8503,2.8475,2.8482,1857.6,1756934999999
1756935000000,2.8482,2.8503,2.848,2.848,446.6,1756935299999
1756935300000,2.848,2.85,2.848,2.848,343.2,1756935599999
1756935600000,2.848,2.848,2.848,2.848,339.0,1756935899999
1756935900000,2.848,2.848,2.848,2.848,433.2,1756936199999
1756936200000,2.848,2.848,2.848,2.848,2397.7,1756936499999
1756936500000,2.848,2.848,2.848,2.848,269.8,1756936799999
1756936800000,2.848,2.8503,2.848,2.848,1700.2,1756937099999
1756937100000,2.848,2.848,2.848,2.848,477.6,1756937399999
1756937400000,2.848,2.8505,2.848,2.848,1424.7,1756937699999
1756937700000,2.848,2.8504,2.848,2.8497,515.7,1756937999999
1756938000000,2.8497,2.8505,2.848,2.848,551.6,1756938299999
1756938300000,2.848,2.8487,2.848,2.848,417.2,1756938599999
1756938600000,2.848,2.8506,2.848,2.848,3724.0,1756938899999
1756938900000,2.848,2.8523,2.848,2.848,14313.9,1756939199999
1756939200000,2.848,2.8528,2.848,2.848,5068.7,1756939499999
1756939500000,2.848,2.8537,2.848,2.848,56852.3,1756939799999
1756939800000,2.848,2.8537,2.848,2.848,25828.1,1756940099999
1756940100000,2.848,2.8537,2.848,2.848,29303.1,1756940399999
1756940400000,2.848,2.8486,2.848,2.848,5375.2,1756940699999
1756940700000,2.848,2.848,2.848,2.848,377.3,1756940999999
1756941000000,2.848,2.848,2.848,2.848,367.9,1756941299999
1756941300000,2.848,2.848,2.848,2.848,520.8,1756941599999
1756941600000,2.848,2.848,2.848,2.848,676.6,1756941899999
1756941900000,2.848,2.8486,2.848,2.848,1211.5,1756942199999
1756942200000,2.848,2.854,2.848,2.848,19260.2,1756942499999
1756942500000,2.848,2.848,2.848,2.848,618.8,1756942799999
1756942800000,2.848,2.848,2.848,2.848,467.0,1756943099999
1756943100000,2.848,2.8481,2.848,2.848,597.0,1756943399999
1756943400000,2.848,2.8481,2.848,2.848,1319.0,1756943699999
1756943700000,2.848,2.8481,2.848,2.848,571.0,1756943999999
1756944000000,2.848,2.8497,2.848,2.848,9482.2,1756944299999
1756944300000,2.848,2.8497,2.848,2.848,1264.1,1756944599999
1756944600000,2.848,2.8501,2.848,2.848,760.2,1756944899999
1756944900000,2.848,2.8482,2.848,2.8482,315.5,1756945199999
1756945200000,2.8482,2.8555,2.8482,2.8517,324.2,1756945499999
1756945500000,2.8518,2.8555,2.848,2.8512,433.4,1756945799999
1756945800000,2.8512,2.8541,2.848,2.8541,277.8,1756946099999
1756946100000,2.8541,2.8559,2.848,2.8505,5537.0,1756946399999
1756946400000,2.8505,2.8522,2.848,2.8487,802.5,1756946699999
1756946700000,2.8487,2.8522,2.848,2.848,462.5,1756946999999
1756947000000,2.848,2.8496,2.848,2.8484,288.4,1756947299999
1756947300000,2.8483,2.8496,2.848,2.848,1350.4,1756947599999
1756947600000,2.848,2.8559,2.848,2.848,729.9,1756947899999
1756947900000,2.848,2.8682,2.8382,2.8383,71061.5,1756948199999
1756948200000,2.8383,2.8389,2.835,2.835,383.3,1756948499999
1756948500000,2.835,2.8369,2.835,2.8356,456.9,1756948799999
1756948800000,2.8356,2.8375,2.8349,2.8366,3792.0,1756949099999
1756949100000,2.8366,2.8369,2.8349,2.8369,275.0,1756949399999
1756949400000,2.8369,2.8389,2.8349,2.8375,642.0,1756949699999
1756949700000,2.8375,2.8391,2.8349,2.838,600.7,1756949999999
1756950000000,2.8379,2.8391,2.8347,2.837,967.6,1756950299999
1756950300000,2.837,2.8391,2.8346,2.837,1160.3,1756950599999
1756950600000,2.837,2.838,2.8346,2.8365,300.7,1756950899999
1756950900000,2.8365,2.8391,2.8365,2.8391,297.3,1756951199999
1756951200000,2.8391,2.8394,2.8365,2.8394,1468.2,1756951499999
1756951500000,2.8394,2.8423,2.8379,2.842,326.3,1756951799999
1756951800000,2.8419,2.8423,2.8365,2.8403,347.1,1756952099999
1756952100000,2.8404,2.8423,2.8365,2.8414,395.8,1756952399999
1756952400000,2.8414,2.8416,2.8365,2.8391,414.2,1756952699999
1756952700000,2.839,2.8423,2.8365,2.8365,354.9,1756952999999
1756953000000,2.8365,2.8431,2.8345,2.841,10958.3,1756953299999
1756953300000,2.841,2.8423,2.8345,2.8415,334.0,1756953599999
1756953600000,2.8415,2.8431,2.839,2.8399,337.3,1756953899999
1756953900000,2.8398,2.8432,2.8381,2.8394,875.2,1756954199999
1756954200000,2.8395,2.8433,2.8383,2.841,1648.5,1756954499999
1756954500000,2.841,2.8437,2.8333,2.836,9538.0,1756954799999
1756954800000,2.8363,2.8439,2.8332,2.8349,3322.0,1756955099999
1756955100000,2.8349,2.8356,2.8331,2.8334,3314.5,1756955399999
1756955400000,2.8333,2.8442,2.8333,2.8377,1325.9,1756955699999
1756955700000,2.8377,2.8485,2.8331,2.8477,362.7,1756955999999
1756956000000,2.8477,2.8485,2.8435,2.8475,272.5,1756956299999
1756956300000,2.8477,2.8482,2.8386,2.8434,277.5,1756956599999
1756956600000,2.8434,2.8485,2.8329,2.8421,2121.7,1756956899999
1756956900000,2.8425,2.8485,2.8327,2.8414,1892.0,1756957199999
1756957200000,2.8411,2.8466,2.8408,2.8456,316.7,1756957499999
1756957500000,2.8456,2.8485,2.8455,2.8456,279.3,1756957799999
1756957800000,2.8456,2.8475,2.845,2.845,299.0,1756958099999
1756958100000,2.845,2.8452,2.8421,2.843,265.6,1756958399999
1756958400000,2.843,2.8488,2.8429,2.846,911.7,1756958699999
1756958700000,2.846,2.846,2.846,2.846,267.6,1756958999999
1756959000000,2.846,2.846,2.846,2.846,3394.7,1756959299999
1756959300000,2.846,2.849,2.846,2.849,1472.3,1756959599999
1756959600000,2.849,2.8493,2.849,2.849,1848.1,1756959899999
1756959900000,2.849,2.8494,2.849,2.8494,2958.9,1756960199999
1756960200000,2.849,2.8522,2.849,2.8522,4795.5,1756960499999
1756960500000,2.8522,2.8547,2.8503,2.8547,9535.3,1756960799999
1756960800000,2.8547,2.8584,2.8503,2.8543,2270.1,1756961099999
1756961100000,2.8543,2.8588,2.8503,2.8548,1455.8,1756961399999
1756961400000,2.8548,2.8588,2.8546,2.8546,1462.6,1756961699999
1756961700000,2.8546,2.8555,2.8503,2.8516,1206.4,1756961999999
1756962000000,2.8516,2.8595,2.8516,2.8516,26206.8,1756962299999
1756962300000,2.8516,2.8595,2.8516,2.8516,548.7,1756962599999
1756962600000,2.8516,2.8595,2.8516,2.8516,959.6,1756962899999
1756962900000,2.8516,2.9251,2.81,2.8296,37814.3,1756963199999
1756963200000,2.8296,2.8301,2.8256,2.8278,6687.5,1756963499999
1756963500000,2.8277,2.8303,2.8261,2.8292,3485.2,1756963799999
1756963800000,2.8292,2.8327,2.8259,2.8312,28227.0,1756964099999
1756964100000,2.8312,2.8312,2.8259,2.8298,767.6,1756964399999
1756964400000,2.8299,2.8328,2.8254,2.8278,13655.1,1756964699999
1756964700000,2.8277,2.8328,2.8254,2.8278,902.9,1756964999999
1756965000000,2.8278,2.8278,2.8254,2.8277,930.9,1756965299999
1756965300000,2.8277,2.8343,2.8243,2.8319,24574.9,1756965599999
1756965600000,2.8319,2.8343,2.8243,2.8269,879.0,1756965899999
1756965900000,2.8287,2.8343,2.8269,2.8269,933.1,1756966199999
1756966200000,2.8269,2.8345,2.8269,2.8269,4796.6,1756966499999
1756966500000,2.8269,2.8345,2.8269,2.8269,7080.7,1756966799999
1756966800000,2.8269,2.8281,2.8269,2.8269,5190.4,1756967099999
1756967100000,2.8269,2.8346,2.8269,2.8269,15869.4,1756967399999
1756967400000,2.8269,2.8272,2.8269,2.8269,6035.8,1756967699999
1756967700000,2.8269,2.8272,2.8269,2.8269,2922.4,1756967999999
1756968000000,2.8269,2.8273,2.8269,2.8269,12415.1,1756968299999
1756968300000,2.8269,2.8279,2.8152,2.8152,54482.8,1756968599999
1756968600000,2.8152,2.817,2.8152,2.817,267.6,1756968899999
1756968900000,2.8169,2.8348,2.8118,2.8133,9780.7,1756969199999
1756969200000,2.8132,2.8218,2.8117,2.8203,3507.5,1756969499999
1756969500000,2.8203,2.822,2.8116,2.822,3749.6,1756969799999
1756969800000,2.8212,2.822,2.8115,2.821,1033.8,1756970099999
1756970100000,2.821,2.822,2.8115,2.8115,645.0,1756970399999
1756970400000,2.8115,2.8188,2.8114,2.8165,567.2,1756970699999
1756970700000,2.8164,2.8221,2.7943,2.8167,112317.5,1756970999999
1756971000000,2.8167,2.8221,2.8167,2.8194,369.7,1756971299999
1756971300000,2.8194,2.8206,2.8167,2.8201,381.4,1756971599999
1756971600000,2.8201,2.822,2.82,2.8202,1433.0,1756971899999
1756971900000,2.8203,2.822,2.82,2.821,354.4,1756972199999
1756972200000,2.821,2.822,2.821,2.822,363.9,1756972499999
1756972500000,2.822,2.8247,2.822,2.8233,706.4,1756972799999
1756972800000,2.8234,2.825,2.821,2.825,5555.0,1756973099999
1756973100000,2.825,2.8279,2.821,2.8279,7058.1,1756973399999
1756973400000,2.8279,2.8279,2.8266,2.8279,521.2,1756973699999
1756973700000,2.8279,2.8375,2.821,2.8364,14404.1,1756973999999
1756974000000,2.8364,2.8417,2.7925,2.8417,105175.3,1756974299999
1756974300000,2.8417,2.8476,2.8372,2.8476,20763.7,1756974599999
1756974600000,2.8476,2.8526,2.8456,2.85,1865.2,1756974899999
1756974900000,2.85,2.8529,2.8496,2.8496,946.0,1756975199999
1756975200000,2.8496,2.8496,2.8483,2.8483,357.1,1756975499999
1756975500000,2.8483,2.8529,2.8417,2.8417,4399.5,1756975799999
1756975800000,2.8417,2.8417,2.8367,2.8369,291.4,1756976099999
1756976100000,2.837,2.8391,2.8367,2.8367,665.9,1756976399999
1756976400000,2.8367,2.8529,2.8365,2.8465,1172.1,1756976699999
1756976700000,2.8462,2.8531,2.8433,2.8492,2132.6,1756976999999
1756977000000,2.8484,2.8484,2.8363,2.8447,533.9,1756977299999
1756977300000,2.8448,2.8457,2.8402,2.8406,254.1,1756977599999
1756977600000,2.8406,2.8425,2.8363,2.842,606.2,1756977899999
1756977900000,2.8433,2.8534,2.8363,2.8413,1524.9,1756978199999
1756978200000,2.8418,2.8534,2.8363,2.8439,769.6,1756978499999
1756978500000,2.8434,2.8463,2.836,2.8452,3944.2,1756978799999
1756978800000,2.8448,2.8452,2.8437,2.8437,18278.6,1756979099999
1756979100000,2.8437,2.8452,2.8437,2.8437,2728.9,1756979399999
1756979400000,2.8437,2.8437,2.8437,2.8437,308.9,1756979699999
1756979700000,2.8437,2.8437,2.8437,2.8437,256.0,1756979999999
1756980000000,2.8437,2.8452,2.8437,2.8437,693.2,1756980299999
1756980300000,2.8437,2.8441,2.8437,2.8441,36363.4,1756980599999
1756980600000,2.8445,2.8452,2.8437,2.8437,17965.8,1756980899999
1756980900000,2.8437,2.8452,2.8437,2.8437,4273.5,1756981199999
1756981200000,2.8437,2.8452,2.8437,2.8437,270.2,1756981499999
1756981500000,2.8437,2.8437,2.8437,2.8437,261.1,1756981799999
1756981800000,2.8437,2.8437,2.8437,2.8437,786.9,1756982099999
1756982100000,2.8437,2.8437,2.8437,2.8437,2116.5,1756982399999
1756982400000,2.8437,2.8452,2.8437,2.8437,748.5,1756982699999
1756982700000,2.8437,2.8452,2.8437,2.8437,757.3,1756982999999
1756983000000,2.8437,2.8452,2.8437,2.8437,1351.6,1756983299999
1756983300000,2.8437,2.8437,2.8437,2.8437,309.4,1756983599999
1756983600000,2.8437,2.8452,2.8437,2.8452,2799.0,1756983899999
1756983900000,2.8452,2.8452,2.8437,2.8452,406.1,1756984199999
1756984200000,2.8452,2.8452,2.8438,2.8452,263.2,1756984499999
1756984500000,2.8452,2.8452,2.8437,2.8452,1251.2,1756984799999
1756984800000,2.8437,2.8452,2.8437,2.8452,4149.3,1756985099999
1756985100000,2.8452,2.8535,2.8437,2.8437,7664.3,1756985399999
1756985400000,2.8437,2.8535,2.8437,2.8437,417.1,1756985699999
1756985700000,2.8437,2.8536,2.8437,2.8437,4188.5,1756985999999
1756986000000,2.8437,2.845,2.8437,2.8449,276.6,1756986299999
1756986300000,2.845,2.854,2.8437,2.8437,7601.9,1756986599999
1756986600000,2.8437,2.8437,2.8437,2.8437,1529.0,1756986899999
1756986900000,2.8437,2.854,2.8437,2.8437,337.5,1756987199999
1756987200000,2.8437,2.854,2.8437,2.8437,771.8,1756987499999
1756987500000,2.8437,2.8437,2.8437,2.8437,35756.1,1756987799999
1756987800000,2.8437,2.8544,2.8437,2.8437,982.8,1756988099999
1756988100000,2.8437,2.8545,2.8437,2.8449,2006.8,1756988399999
1756988400000,2.8449,2.8545,2.8449,2.8449,311.9,1756988699999
1756988700000,2.8449,2.8449,2.8447,2.8447,269.1,1756988999999
1756989000000,2.8447,2.8462,2.8447,2.8458,271.4,1756989299999
1756989300000,2.8458,2.855,2.8443,2.8443,4029.2,1756989599999
1756989600000,2.8443,2.855,2.8443,2.8443,1754.9,1756989899999
1756989900000,2.8443,2.855,2.8443,2.8443,1299.1,1756990199999
1756990200000,2.8443,2.8443,2.8443,2.8443,308.1,1756990499999
1756990500000,2.8443,2.8552,2.8443,2.8449,2122.0,1756990799999
1756990800000,2.8445,2.8579,2.8419,2.8421,58501.9,1756991099999
1756991100000,2.8421,2.8425,2.8418,2.8421,1053.7,1756991399999
1756991400000,2.8421,2.8421,2.8385,2.8385,1078.7,1756991699999
1756991700000,2.8385,2.8435,2.8384,2.8425,5601.1,1756991999999
1756992000000,2.8424,2.8427,2.8383,2.8401,2025.6,1756992299999
1756992300000,2.8396,2.8401,2.8383,2.8398,270.8,1756992599999
1756992600000,2.8393,2.8401,2.8379,2.8391,5553.4,1756992899999
1756992900000,2.8389,2.8401,2.8341,2.8341,3991.6,1756993199999
1756993200000,2.8341,2.8401,2.828,2.8285,4225.9,1756993499999
1756993500000,2.829,2.845,2.8234,2.8241,15077.4,1756993799999
1756993800000,2.8241,2.8241,2.8232,2.8241,778.1,1756994099999
1756994100000,2.8241,2.8627,2.816,2.8272,75587.9,1756994399999
1756994400000,2.8272,2.8284,2.8217,2.8217,3446.5,1756994699999
1756994700000,2.8217,2.8271,2.8121,2.8128,13731.9,1756994999999
1756995000000,2.8128,2.8271,2.8128,2.8128,3986.7,1756995299999
1756995300000,2.8128,2.8271,2.8128,2.8164,1496.3,1756995599999
1756995600000,2.8169,2.8271,2.8128,2.8267,399.9,1756995899999
1756995900000,2.8269,2.8271,2.8128,2.8271,284.0,1756996199999
1756996200000,2.8271,2.8271,2.8271,2.8271,1108.0,1756996499999
1756996500000,2.8271,2.9253,2.8109,2.8406,116202.0,1756996799999
1756996800000,2.8406,2.8407,2.8339,2.8345,1337.4,1756997099999
1756997100000,2.8344,2.8474,2.8339,2.8383,44066.5,1756997399999
1756997400000,2.8383,2.8388,2.8285,2.8345,30809.4,1756997699999
1756997700000,2.8343,2.8489,2.8263,2.8335,72355.9,1756997999999
1756998000000,2.8335,2.8393,2.8271,2.8271,21363.3,1756998299999
1756998300000,2.8271,2.837,2.825,2.8265,10706.7,1756998599999
1756998600000,2.8265,2.8372,2.8206,2.8206,13025.9,1756998899999
1756998900000,2.8206,2.8233,2.8107,2.8122,38782.7,1756999199999
1756999200000,2.8122,2.8239,2.809,2.8095,6833.3,1756999499999
1756999500000,2.8094,2.8117,2.809,2.8117,566.8,1756999799999
1756999800000,2.8117,2.8117,2.809,2.809,299.9,1757000099999
1757000100000,2.809,2.8379,2.806,2.806,35485.3,1757000399999
1757000400000,2.8069,2.8097,2.7935,2.8093,35187.0,1757000699999
1757000700000,2.8097,2.8128,2.8076,2.8126,2205.6,1757000999999
1757001000000,2.8127,2.8128,2.8109,2.8122,417.8,1757001299999
1757001300000,2.8122,2.8128,2.8063,2.8111,7475.3,1757001599999
1757001600000,2.8111,2.8179,2.8105,2.8179,2289.6,1757001899999
1757001900000,2.8179,2.8179,2.8105,2.8138,370.7,1757002199999
1757002200000,2.8134,2.8179,2.8107,2.8152,454.4,1757002499999
1757002500000,2.8158,2.818,2.8105,2.8116,1832.3,1757002799999
1757002800000,2.8119,2.818,2.8069,2.8078,3938.0,1757003099999
1757003100000,2.8078,2.818,2.8041,2.8041,369.6,1757003399999
1757003400000,2.8041,2.8081,2.804,2.8061,2178.0,1757003699999
1757003700000,2.8067,2.8121,2.804,2.804,761.0,1757003999999
1757004000000,2.804,2.8064,2.7996,2.8056,893.9,1757004299999
1757004300000,2.8056,2.8182,2.8046,2.8068,416.1,1757004599999
1757004600000,2.8073,2.8074,2.802,2.8046,269.5,1757004899999
1757004900000,2.8041,2.8182,2.7996,2.8059,1281.4,1757005199999
1757005200000,2.8062,2.8182,2.801,2.8113,2786.4,1757005499999
1757005500000,2.8113,2.8115,2.8113,2.8115,282.4,1757005799999
1757005800000,2.8115,2.8182,2.8113,2.8114,748.5,1757006099999
1757006100000,2.8114,2.8182,2.8114,2.8145,2710.8,1757006399999
1757006400000,2.816,2.8182,2.8113,2.8148,1991.2,1757006699999
1757006700000,2.8143,2.8186,2.8113,2.8183,12264.7,1757006999999
1757007000000,2.8182,2.8187,2.8113,2.8151,3456.8,1757007299999
1757007300000,2.8151,2.8187,2.8113,2.8163,3032.0,1757007599999
1757007600000,2.8165,2.8218,2.8113,2.8115,34579.9,1757007899999
1757007900000,2.8113,2.8202,2.8113,2.8124,5858.6,1757008199999
1757008200000,2.8124,2.8179,2.8113,2.8155,958.3,1757008499999
1757008500000,2.8155,2.8179,2.8113,2.8179,897.1,1757008799999
1757008800000,2.8143,2.818,2.8113,2.818,2177.7,1757009099999
1757009100000,2.818,2.8213,2.8157,2.8159,295.1,1757009399999
1757009400000,2.8164,2.8213,2.8113,2.8144,310.3,1757009699999
1757009700000,2.8141,2.8213,2.81,2.8107,869.9,1757009999999
1757010000000,2.8109,2.8213,2.81,2.81,2457.6,1757010299999
1757010300000,2.81,2.8211,2.81,2.81,313.5,1757010599999
1757010600000,2.81,2.8213,2.81,2.81,22588.9,1757010899999
1757010900000,2.81,2.8215,2.81,2.81,5603.5,1757011199999
1757011200000,2.81,2.8215,2.81,2.81,291.2,1757011499999
1757011500000,2.81,2.81,2.81,2.81,4944.2,1757011799999
1757011800000,2.81,2.8218,2.81,2.8218,2350.5,1757012099999
1757012100000,2.81,2.8224,2.81,2.8219,3792.5,1757012399999
1757012400000,2.8219,2.8224,2.81,2.8101,16510.2,1757012699999
1757012700000,2.81,2.81,2.81,2.81,1393.8,1757012999999
1757013000000,2.81,2.8101,2.81,2.81,323.1,1757013299999
1757013300000,2.81,2.8226,2.8027,2.8027,8437.5,1757013599999
1757013600000,2.8027,2.8042,2.8015,2.8015,2975.9,1757013899999
1757013900000,2.8015,2.807,2.8012,2.8012,1911.2,1757014199999
1757014200000,2.8012,2.8029,2.799,2.799,7479.7,1757014499999
1757014500000,2.799,2.8226,2.7925,2.7925,22130.2,1757014799999
1757014800000,2.7925,2.8004,2.7925,2.7925,2449.5,1757015099999
1757015100000,2.7925,2.8015,2.7879,2.7891,12826.5,1757015399999
1757015400000,2.7897,2.8015,2.7879,2.7918,513.6,1757015699999
1757015700000,2.7918,2.8015,2.7879,2.789,1558.9,1757015999999
1757016000000,2.789,2.7894,2.7879,2.7894,29954.2,1757016299999
1757016300000,2.7894,2.826,2.7879,2.7975,28521.4,1757016599999
1757016600000,2.7974,2.798,2.7879,2.798,303.9,1757016899999
1757016900000,2.798,2.8001,2.7962,2.7964,431.9,1757017199999
1757017200000,2.7964,2.8001,2.7964,2.8001,277.8,1757017499999
1757017500000,2.8001,2.8037,2.8001,2.8037,264.1,1757017799999
1757017800000,2.8025,2.8037,2.7879,2.802,3329.9,1757018099999
1757018100000,2.802,2.8037,2.802,2.8037,640.7,1757018399999
1757018400000,2.8036,2.8037,2.8009,2.8009,277.4,1757018699999
1757018700000,2.8004,2.8005,2.7879,2.8002,1672.2,1757018999999
1757019000000,2.8004,2.8037,2.7879,2.7986,377.2,1757019299999
1757019300000,2.7985,2.8037,2.7879,2.8037,290.7,1757019599999
1757019600000,2.8005,2.8037,2.7879,2.8009,762.3,1757019899999
1757019900000,2.8008,2.8061,2.7879,2.8038,18571.3,1757020199999
1757020200000,2.8039,2.8061,2.7879,2.8006,354.6,1757020499999
1757020500000,2.801,2.8061,2.7879,2.8045,357.5,1757020799999
1757020800000,2.8045,2.8061,2.802,2.8038,274.8,1757021099999
1757021100000,2.8039,2.8093,2.801,2.801,21015.7,1757021399999
1757021400000,2.8011,2.802,2.799,2.802,266.5,1757021699999
1757021700000,2.802,2.8042,2.7879,2.8042,280.6,1757021999999
1757022000000,2.8042,2.8077,2.7879,2.8077,476.7,1757022299999
1757022300000,2.8077,2.8089,2.7879,2.8089,1749.8,1757022599999
1757022600000,2.8089,2.9149,2.7876,2.809,43707.1,1757022899999
1757022900000,2.809,2.8112,2.7876,2.8112,3340.6,1757023199999
1757023200000,2.8108,2.8113,2.7876,2.8103,1030.5,1757023499999
1757023500000,2.81,2.8113,2.8079,2.8093,262.6,1757023799999
1757023800000,2.8093,2.8093,2.8093,2.8093,275.4,1757024099999
1757024100000,2.8093,2.8113,2.8077,2.8077,655.1,1757024399999
1757024400000,2.8077,2.8113,2.8062,2.8066,2391.5,1757024699999
1757024700000,2.807,2.8114,2.807,2.8089,2291.5,1757024999999
1757025000000,2.8089,2.8114,2.8085,2.8114,270.4,1757025299999
1757025300000,2.8114,2.8115,2.8087,2.8093,628.6,1757025599999
1757025600000,2.8093,2.8093,2.8093,2.8093,2270.2,1757025899999
1757025900000,2.8093,2.8116,2.8083,2.8089,631.9,1757026199999
1757026200000,2.8089,2.8124,2.8089,2.8095,2858.1,1757026499999
1757026500000,2.8095,2.8112,2.7876,2.8112,11572.7,1757026799999
1757026800000,2.8112,2.8211,2.7876,2.8191,18360.8,1757027099999
1757027100000,2.819,2.821,2.8165,2.8167,273.7,1757027399999
1757027400000,2.8167,2.8173,2.8167,2.8171,268.3,1757027699999
1757027700000,2.8171,2.821,2.7876,2.8107,1264.6,1757027999999
1757028000000,2.8107,2.821,2.8107,2.8107,297.8,1757028299999
1757028300000,2.8107,2.8107,2.8107,2.8107,268.6,1757028599999
1757028600000,2.8107,2.8119,2.8107,2.8113,269.8,1757028899999
1757028900000,2.8113,2.821,2.8113,2.8113,273.4,1757029199999
1757029200000,2.8113,2.8113,2.8113,2.8113,261.0,1757029499999
1757029500000,2.8113,2.8113,2.8113,2.8113,266.3,1757029799999
1757029800000,2.8113,2.821,2.8113,2.8113,496.3,1757030099999
1757030100000,2.8113,2.821,2.8107,2.8107,324.8,1757030399999
1757030400000,2.8107,2.8113,2.8107,2.8107,1431.6,1757030699999
1757030700000,2.8107,2.8113,2.7876,2.7951,30943.2,1757030999999
1757031000000,2.7951,2.7985,2.7916,2.798,360.1,1757031299999
1757031300000,2.7975,2.7986,2.7916,2.7971,274.3,1757031599999
1757031600000,2.7971,2.8113,2.7971,2.7971,397.1,1757031899999
1757031900000,2.7971,2.8125,2.7971,2.7983,2975.5,1757032199999
1757032200000,2.7983,2.8119,2.7983,2.7983,3849.4,1757032499999
1757032500000,2.7983,2.8119,2.7957,2.7962,832.8,1757032799999
1757032800000,2.7957,2.7971,2.7918,2.7927,957.7,1757033099999
1757033100000,2.7918,2.8222,2.7862,2.7862,220969.0,1757033399999
1757033400000,2.7862,2.7877,2.7862,2.7862,758.6,1757033699999
1757033700000,2.7863,2.7895,2.7861,2.7861,6047.3,1757033999999
1757034000000,2.7861,2.7865,2.786,2.7861,13635.5,1757034299999
1757034300000,2.786,2.7861,2.786,2.786,356.1,1757034599999
1757034600000,2.786,2.7861,2.786,2.786,318.7,1757034899999
1757034900000,2.786,2.7861,2.786,2.7861,1288.1,1757035199999
1757035200000,2.7861,2.7861,2.786,2.7861,444.3,1757035499999
1757035500000,2.7861,2.7968,2.7857,2.7957,20043.4,1757035799999
1757035800000,2.7954,2.7969,2.7857,2.7969,334.3,1757036099999
1757036100000,2.7969,2.7992,2.7857,2.7987,2240.2,1757036399999
1757036400000,2.7992,2.8043,2.7855,2.7987,13405.0,1757036699999
1757036700000,2.7987,2.8049,2.7853,2.8018,18459.1,1757036999999
1757037000000,2.8018,2.8018,2.7853,2.8018,8457.2,1757037299999
1757037300000,2.8018,2.806,2.7853,2.8035,4581.0,1757037599999
1757037600000,2.8035,2.8062,2.7853,2.8062,2482.9,1757037899999
1757037900000,2.8062,2.8107,2.8041,2.8098,11738.1,1757038199999
1757038200000,2.8098,2.8098,2.7849,2.8069,10656.4,1757038499999
1757038500000,2.8069,2.8098,2.7849,2.8063,694.5,1757038799999
1757038800000,2.8063,2.8112,2.8063,2.8069,11547.5,1757039099999
1757039100000,2.8069,2.8112,2.8069,2.8075,272.5,1757039399999
1757039400000,2.8075,2.8116,2.8075,2.8101,2484.2,1757039699999
1757039700000,2.8102,2.8125,2.8075,2.8075,1912.5,1757039999999
1757040000000,2.8075,2.8125,2.8075,2.8075,8465.4,1757040299999
1757040300000,2.8075,2.8134,2.8069,2.8069,14333.6,1757040599999
1757040600000,2.8069,2.8076,2.8069,2.807,514.5,1757040899999
1757040900000,2.807,2.807,2.8069,2.807,281.3,1757041199999
1757041200000,2.807,2.807,2.8069,2.807,731.7,1757041499999
1757041500000,2.8069,2.807,2.8063,2.8065,5764.8,1757041799999
1757041800000,2.8063,2.807,2.8063,2.8063,283.4,1757042099999
1757042100000,2.8063,2.807,2.8063,2.8063,369.3,1757042399999
1757042400000,2.8063,2.8063,2.8063,2.8063,281.7,1757042699999
1757042700000,2.8063,2.807,2.8063,2.8063,296.9,1757042999999
1757043000000,2.8063,2.8076,2.7849,2.799,8086.9,1757043299999
1757043300000,2.799,2.8098,2.7848,2.8012,9464.0,1757043599999
1757043600000,2.8011,2.8025,2.7848,2.8019,1135.3,1757043899999
1757043900000,2.802,2.8129,2.7837,2.8048,50666.3,1757044199999
1757044200000,2.8045,2.8081,2.7831,2.8044,23117.2,1757044499999
1757044500000,2.8044,2.8112,2.7831,2.8112,23365.3,1757044799999
1757044800000,2.8059,2.8129,2.7798,2.8058,48896.0,1757045099999
1757045100000,2.8053,2.8131,2.7798,2.8125,11729.2,1757045399999
1757045400000,2.8131,2.8136,2.7798,2.8028,60021.0,1757045699999
1757045700000,2.8027,2.8125,2.7797,2.8045,32678.9,1757045999999
1757046000000,2.8044,2.8053,2.7797,2.8053,1379.6,1757046299999
1757046300000,2.8053,2.8137,2.8053,2.8069,4886.9,1757046599999
1757046600000,2.8069,2.8101,2.7797,2.8092,5319.0,1757046899999
1757046900000,2.8092,2.8149,2.7797,2.8134,25279.5,1757047199999
1757047200000,2.8134,2.8152,2.8127,2.8151,2098.3,1757047499999
1757047500000,2.8151,2.8174,2.7797,2.8143,31136.6,1757047799999
1757047800000,2.8142,2.83,2.7797,2.8142,4181.5,1757048099999
1757048100000,2.8149,2.9149,2.7797,2.8152,2108.5,1757048399999
1757048400000,2.8152,2.8156,2.8152,2.8152,3457.8,1757048699999
1757048700000,2.8152,2.8156,2.8152,2.8156,272.3,1757048999999
1757049000000,2.8156,2.8176,2.815,2.8176,718.9,1757049299999
1757049300000,2.8173,2.8177,2.815,2.8151,269.2,1757049599999
1757049600000,2.815,2.8177,2.8141,2.8142,295.5,1757049899999
1757049900000,2.8149,2.8182,2.8141,2.8143,3836.3,1757050199999
1757050200000,2.8142,2.8182,2.8133,2.8133,588.9,1757050499999
1757050500000,2.8133,2.8185,2.7797,2.8128,6031.6,1757050799999
1757050800000,2.8128,2.815,2.81,2.8149,473.9,1757051099999
1757051100000,2.8144,2.8157,2.7797,2.8145,5603.2,1757051399999
1757051400000,2.8145,2.8157,2.8128,2.8128,263.8,1757051699999
1757051700000,2.8128,2.8159,2.8128,2.8128,3131.8,1757051999999
1757052000000,2.8128,2.816,2.8128,2.8128,2961.4,1757052299999
1757052300000,2.8128,2.8161,2.8128,2.8128,3606.8,1757052599999
1757052600000,2.8128,2.8161,2.8128,2.8128,375.4,1757052899999
1757052900000,2.8128,2.8161,2.8128,2.8128,439.9,1757053199999
1757053200000,2.8128,2.8166,2.7797,2.8046,13704.1,1757053499999
1757053500000,2.8046,2.8113,2.7797,2.8046,2197.5,1757053799999
1757053800000,2.8046,2.8206,2.7797,2.8061,52590.6,1757054099999
1757054100000,2.8062,2.8074,2.8061,2.8074,2163.3,1757054399999
1757054400000,2.8074,2.8111,2.8065,2.8111,296.1,1757054699999
1757054700000,2.8111,2.8127,2.8065,2.8127,535.0,1757054999999
1757055000000,2.8114,2.8127,2.8065,2.8065,754.9,1757055299999
1757055300000,2.8103,2.8126,2.8065,2.8126,1885.5,1757055599999
1757055600000,2.8127,2.8127,2.812,2.8127,1757.1,1757055899999
1757055900000,2.8127,2.8127,2.812,2.8127,534.1,1757056199999
1757056200000,2.8127,2.8228,2.8065,2.8215,8990.1,1757056499999
1757056500000,2.8215,2.8233,2.8065,2.8065,792.3,1757056799999
1757056800000,2.8233,2.8319,2.8065,2.8319,41272.4,1757057099999
1757057100000,2.8319,2.8353,2.8065,2.8353,9594.2,1757057399999
1757057400000,2.8353,2.8375,2.8065,2.8365,16180.6,1757057699999
1757057700000,2.8366,2.8379,2.8364,2.8377,6190.4,1757057999999
1757058000000,2.8377,2.8425,2.8375,2.8425,54962.7,1757058299999
1757058300000,2.8425,2.8463,2.8375,2.8453,4229.2,1757058599999
1757058600000,2.8425,2.8503,2.8425,2.8452,24655.8,1757058899999
1757058900000,2.845,2.8454,2.8375,2.8431,25172.5,1757059199999
1757059200000,2.8434,2.8456,2.7797,2.8399,95287.1,1757059499999
1757059500000,2.8399,2.841,2.8397,2.8397,900.1,1757059799999
1757059800000,2.8397,2.8523,2.8369,2.8397,42225.9,1757060099999
1757060100000,2.8397,2.8429,2.8397,2.8397,8832.7,1757060399999
1757060400000,2.8397,2.8404,2.8397,2.8404,748.4,1757060699999
1757060700000,2.8404,2.8404,2.8397,2.8397,1087.2,1757060999999
1757061000000,2.8397,2.8434,2.8397,2.8434,4697.7,1757061299999
1757061300000,2.8397,2.8434,2.8397,2.8422,425.5,1757061599999
1757061600000,2.8422,2.8435,2.8388,2.8398,750.3,1757061899999
1757061900000,2.8435,2.8464,2.8366,2.8378,12851.0,1757062199999
1757062200000,2.8398,2.8452,2.8376,2.8404,8279.9,1757062499999
1757062500000,2.8404,2.8437,2.8376,2.8427,511.0,1757062799999
1757062800000,2.8429,2.843,2.8376,2.8389,1448.3,1757063099999
1757063100000,2.8389,2.9149,2.8376,2.8399,43671.5,1757063399999
1757063400000,2.8399,2.8402,2.8356,2.8363,10937.5,1757063699999
1757063700000,2.8358,2.8361,2.8325,2.8325,28613.2,1757063999999
1757064000000,2.8325,2.8459,2.8294,2.8301,28178.9,1757064299999
1757064300000,2.8301,2.8304,2.8294,2.8294,1135.0,1757064599999
1757064600000,2.8294,2.8304,2.8294,2.8295,535.3,1757064899999
1757064900000,2.8295,2.8306,2.8294,2.8306,2435.3,1757065199999
1757065200000,2.8306,2.8364,2.8295,2.8364,406.3,1757065499999
1757065500000,2.8364,2.8479,2.8295,2.8451,2052.1,1757065799999
1757065800000,2.8451,2.8484,2.8295,2.8437,1921.8,1757066099999
1757066100000,2.8436,2.8486,2.8292,2.8443,10379.0,1757066399999
1757066400000,2.8443,2.846,2.8263,2.8456,23640.1,1757066699999
1757066700000,2.8455,2.8497,2.8438,2.8477,1210.5,1757066999999
1757067000000,2.8482,2.8506,2.8435,2.8435,8190.0,1757067299999
1757067300000,2.8435,2.8506,2.8398,2.8398,8711.4,1757067599999
1757067600000,2.8409,2.8506,2.8398,2.8417,1119.4,1757067899999
1757067900000,2.8416,2.8517,2.8398,2.8429,1907.1,1757068199999
1757068200000,2.8427,2.852,2.8398,2.8443,3629.1,1757068499999
1757068500000,2.8441,2.852,2.8396,2.852,1310.6,1757068799999
1757068800000,2.8396,2.852,2.8396,2.8396,1229.2,1757069099999
1757069100000,2.8396,2.852,2.8396,2.8396,2436.2,1757069399999
1757069400000,2.8396,2.852,2.8396,2.8396,359.5,1757069699999
1757069700000,2.8396,2.852,2.8396,2.8396,342.6,1757069999999
1757070000000,2.8396,2.852,2.8396,2.8396,2806.4,1757070299999
1757070300000,2.8396,2.9258,2.8396,2.84,163585.5,1757070599999
1757070600000,2.8401,2.8447,2.8396,2.8412,4697.3,1757070899999
1757070900000,2.8411,2.8454,2.8396,2.8396,5049.0,1757071199999
1757071200000,2.8396,2.8454,2.8396,2.8425,2520.3,1757071499999
1757071500000,2.8422,2.8435,2.8396,2.8435,831.1,1757071799999
1757071800000,2.8435,2.8455,2.8425,2.844,2454.7,1757072099999
1757072100000,2.844,2.8462,2.8396,2.8451,2795.1,1757072399999
1757072400000,2.845,2.8458,2.8394,2.844,3234.7,1757072699999
1757072700000,2.844,2.8478,2.8394,2.8439,19806.4,1757072999999
1757073000000,2.8442,2.8452,2.8394,2.8423,1409.7,1757073299999
1757073300000,2.8423,2.8423,2.8392,2.8411,7185.2,1757073599999
1757073600000,2.8411,2.8411,2.8392,2.8411,788.8,1757073899999
1757073900000,2.8411,2.8432,2.8392,2.8431,19060.0,1757074199999
1757074200000,2.8432,2.8433,2.8416,2.8423,4581.8,1757074499999
1757074500000,2.843,2.8456,2.8367,2.8456,28801.6,1757074799999
1757074800000,2.8456,2.8501,2.8446,2.8461,9113.9,1757075099999
1757075100000,2.8463,2.8503,2.8445,2.8503,2194.7,1757075399999
1757075400000,2.8503,2.8724,2.8319,2.8711,118191.6,1757075699999
1757075700000,2.8724,2.8738,2.8368,2.8618,44986.7,1757075999999
1757076000000,2.8723,2.8739,2.8618,2.8618,8870.1,1757076299999
1757076300000,2.8618,2.8739,2.8618,2.8618,1275.7,1757076599999
1757076600000,2.8625,2.8739,2.8618,2.8703,276.5,1757076899999
1757076900000,2.8716,2.8747,2.8581,2.8741,13771.0,1757077199999
1757077200000,2.8741,2.8741,2.8581,2.8701,3077.9,1757077499999
1757077500000,2.8706,2.8742,2.8577,2.8735,10259.6,1757077799999
1757077800000,2.8706,2.8735,2.8577,2.8719,3091.8,1757078099999
1757078100000,2.8719,2.8731,2.8719,2.8719,4855.2,1757078399999
1757078400000,2.8719,2.8731,2.8719,2.8719,5491.8,1757078699999
1757078700000,2.8719,2.8723,2.8719,2.8719,503.8,1757078999999
1757079000000,2.8719,2.8722,2.7797,2.871,78766.7,1757079299999
1757079300000,2.8712,2.8742,2.8656,2.868,12421.3,1757079599999
1757079600000,2.868,2.8748,2.8656,2.8741,12593.4,1757079899999
1757079900000,2.8741,2.8827,2.8649,2.874,64483.6,1757080199999
1757080200000,2.874,2.8811,2.8638,2.8786,10816.1,1757080499999
1757080500000,2.8786,2.8786,2.878,2.878,364.2,1757080799999
1757080800000,2.8786,2.8786,2.8632,2.8776,2396.2,1757081099999
1757081100000,2.8776,2.8783,2.8632,2.8719,442.3,1757081399999
1757081400000,2.8722,2.8783,2.8698,2.8698,24052.4,1757081699999
1757081700000,2.8698,2.8783,2.8392,2.8398,35075.2,1757081999999
1757082000000,2.8403,2.8407,2.8323,2.8407,10278.8,1757082299999
1757082300000,2.8354,2.8448,2.8315,2.8315,13013.1,1757082599999
1757082600000,2.8315,2.8448,2.8226,2.8229,2022.6,1757082899999
1757082900000,2.8229,2.8241,2.8144,2.8152,2081.2,1757083199999
1757083200000,2.8183,2.8243,2.8139,2.8172,1088.0,1757083499999
1757083500000,2.8139,2.8243,2.804,2.8056,1228.5,1757083799999
1757083800000,2.8243,2.8245,2.8054,2.8122,2337.7,1757084099999
1757084100000,2.8122,2.8172,2.8054,2.8077,446.5,1757084399999
1757084400000,2.8086,2.8174,2.8054,2.8054,1167.9,1757084699999
1757084700000,2.8054,2.8178,2.8052,2.8178,7751.4,1757084999999
1757085000000,2.8052,2.8178,2.8052,2.8052,588.4,1757085299999
1757085300000,2.8178,2.818,2.8021,2.8021,10907.4,1757085599999
1757085600000,2.8164,2.8221,2.8021,2.8221,528.7,1757085899999
1757085900000,2.8221,2.824,2.8021,2.8238,16342.1,1757086199999
1757086200000,2.8021,2.824,2.8021,2.8118,322.6,1757086499999
1757086500000,2.8126,2.8222,2.8021,2.8199,353.0,1757086799999
1757086800000,2.8198,2.8243,2.8197,2.8235,1500.2,1757087099999
1757087100000,2.8235,2.8243,2.8021,2.8021,923.2,1757087399999
1757087400000,2.8021,2.8243,2.802,2.815,301.2,1757087699999
1757087700000,2.8152,2.8178,2.8021,2.8133,485.4,1757087999999
1757088000000,2.8128,2.8248,2.8021,2.8021,4743.5,1757088299999
1757088300000,2.8096,2.8257,2.7999,2.8102,18773.5,1757088599999
1757088600000,2.8104,2.815,2.7979,2.8139,16064.3,1757088899999
1757088900000,2.8141,2.8158,2.8088,2.8088,14314.5,1757089199999
1757089200000,2.8088,2.8161,2.8029,2.8161,1849.4,1757089499999
1757089500000,2.8079,2.8176,2.8029,2.8105,24582.6,1757089799999
1757089800000,2.805,2.8207,2.8028,2.8065,24880.6,1757090099999
1757090100000,2.8067,2.809,2.8,2.809,27234.2,1757090399999
1757090400000,2.8061,2.809,2.7929,2.8076,35505.7,1757090699999
1757090700000,2.809,2.8178,2.8075,2.8075,39210.0,1757090999999
1757091000000,2.8075,2.8097,2.8068,2.8076,4150.2,1757091299999
1757091300000,2.8077,2.8148,2.8068,2.8068,2488.0,1757091599999
1757091600000,2.8128,2.8128,2.8066,2.8089,2754.0,1757091899999
1757091900000,2.8089,2.8131,2.8065,2.8096,1846.9,1757092199999
1757092200000,2.8065,2.8131,2.8065,2.8131,547.7,1757092499999
1757092500000,2.8124,2.819,2.8065,2.8122,25696.1,1757092799999
1757092800000,2.8122,2.8123,2.8065,2.8065,2712.9,1757093099999
1757093100000,2.8123,2.82,2.8065,2.8105,24810.4,1757093399999
1757093400000,2.8065,2.8123,2.8065,2.8123,491.6,1757093699999
1757093700000,2.8123,2.8123,2.8065,2.8123,635.2,1757093999999
1757094000000,2.8068,2.8123,2.8065,2.8065,506.7,1757094299999
1757094300000,2.8065,2.8125,2.8065,2.8125,386.1,1757094599999
1757094600000,2.8125,2.8168,2.8065,2.8168,1174.8,1757094899999
1757094900000,2.8168,2.8168,2.8065,2.8162,2059.8,1757095199999
1757095200000,2.8161,2.8175,2.8065,2.8162,4962.3,1757095499999
1757095500000,2.8162,2.8184,2.8162,2.8183,8467.3,1757095799999
1757095800000,2.8183,2.8183,2.8183,2.8183,332.7,1757096099999
1757096100000,2.8183,2.8184,2.8183,2.8183,275.9,1757096399999
1757096400000,2.8183,2.8207,2.8183,2.8207,6600.5,1757096699999
1757096700000,2.8207,2.8254,2.8183,2.8254,2589.4,1757096999999
1757097000000,2.8254,2.8291,2.8183,2.8263,9267.7,1757097299999
1757097300000,2.826,2.8309,2.826,2.8293,9125.2,1757097599999
1757097600000,2.8293,2.8319,2.8183,2.8319,3786.9,1757097899999
1757097900000,2.8319,2.8371,2.8183,2.8371,264.6,1757098199999
1757098200000,2.8371,2.8371,2.8183,2.8338,729.7,1757098499999
1757098500000,2.8338,2.8345,2.8183,2.834,303.1,1757098799999
1757098800000,2.834,2.8371,2.8183,2.8341,712.4,1757099099999
1757099100000,2.8342,2.8421,2.8183,2.8183,300.7,1757099399999
1757099400000,2.8421,2.8421,2.8183,2.8403,307.2,1757099699999
1757099700000,2.8404,2.8421,2.8183,2.8421,1097.8,1757099999999
1757100000000,2.8421,2.8482,2.8183,2.8475,12784.3,1757100299999
1757100300000,2.8482,2.8482,2.8474,2.8482,1461.8,1757100599999
1757100600000,2.8482,2.8483,2.82,2.8483,1530.5,1757100899999
1757100900000,2.8483,2.8499,2.8482,2.8482,305.3,1757101199999
1757101200000,2.8482,2.8499,2.8215,2.8454,2717.5,1757101499999
1757101500000,2.8454,2.8548,2.8448,2.8536,718.9,1757101799999
1757101800000,2.8543,2.8548,2.8523,2.8548,861.0,1757102099999
1757102100000,2.8548,2.8635,2.8215,2.8635,30889.3,1757102399999
1757102400000,2.8635,2.8635,2.8215,2.8593,10161.3,1757102699999
1757102700000,2.8596,2.8596,2.8537,2.8539,538.0,1757102999999
1757103000000,2.8545,2.8599,2.82,2.8562,16177.7,1757103299999
1757103300000,2.8562,2.8564,2.8183,2.8556,78151.5,1757103599999
1757103600000,2.8556,2.8556,2.8183,2.8556,7078.9,1757103899999
1757103900000,2.8556,2.8556,2.8519,2.8556,8567.4,1757104199999
1757104200000,2.8556,2.9258,2.8498,2.8507,74428.4,1757104499999
1757104500000,2.8507,2.8561,2.8183,2.8529,27920.5,1757104799999
1757104800000,2.8529,2.8546,2.8183,2.8546,9713.0,1757105099999
1757105100000,2.8546,2.8552,2.8529,2.8552,5872.0,1757105399999
1757105400000,2.8552,2.8555,2.8065,2.8528,52400.4,1757105699999
1757105700000,2.8528,2.8548,2.7797,2.8495,87062.9,1757105999999
1757106000000,2.8495,2.8498,2.8472,2.8474,793.3,1757106299999
1757106300000,2.8475,2.8516,2.843,2.843,4384.1,1757106599999
1757106600000,2.843,2.8434,2.84,2.8418,2084.7,1757106899999
1757106900000,2.8408,2.8434,2.8381,2.8391,528.1,1757107199999
1757107200000,2.8391,2.8434,2.8381,2.8381,305.2,1757107499999
1757107500000,2.8381,2.8434,2.8381,2.8381,340.4,1757107799999
1757107800000,2.8381,2.926,2.7797,2.8333,120313.3,1757108099999
1757108100000,2.8333,2.8333,2.7797,2.8294,93639.9,1757108399999
1757108400000,2.8294,2.8346,2.7797,2.8338,22513.3,1757108699999
1757108700000,2.8338,2.8339,2.7821,2.8289,7358.6,1757108999999
1757109000000,2.7821,2.8297,2.7821,2.8209,15447.7,1757109299999
1757109300000,2.8209,2.8256,2.7827,2.822,12632.7,1757109599999
1757109600000,2.822,2.8237,2.7821,2.8211,14828.4,1757109899999
1757109900000,2.8211,2.8264,2.7803,2.7803,41362.4,1757110199999
1757110200000,2.8249,2.8256,2.7797,2.8223,19592.9,1757110499999
1757110500000,2.8223,2.8236,2.7797,2.8207,12524.2,1757110799999
1757110800000,2.8208,2.926,2.8195,2.8205,52669.2,1757111099999
1757111100000,2.8205,2.8205,2.8191,2.8191,2006.2,1757111399999
1757111400000,2.8191,2.8207,2.8182,2.8182,377.7,1757111699999
1757111700000,2.8182,2.8214,2.8179,2.8193,6286.8,1757111999999
1757112000000,2.8193,2.8193,2.8179,2.8193,477.2,1757112299999
1757112300000,2.8193,2.8226,2.8179,2.819,480.6,1757112599999
1757112600000,2.819,2.8202,2.8182,2.8198,270.7,1757112899999
1757112900000,2.8195,2.8202,2.8176,2.8178,698.3,1757113199999
1757113200000,2.8178,2.8227,2.8118,2.8175,3607.9,1757113499999
1757113500000,2.8172,2.8181,2.805,2.8162,2118.8,1757113799999
1757113800000,2.8162,2.8229,2.8142,2.8169,1955.0,1757114099999
1757114100000,2.8169,2.8184,2.8148,2.8184,478.1,1757114399999
1757114400000,2.8184,2.926,2.8184,2.8209,39032.9,1757114699999
1757114700000,2.821,2.8215,2.7797,2.8206,57415.4,1757114999999
1757115000000,2.8206,2.926,2.8185,2.8192,56013.6,1757115299999
1757115300000,2.8192,2.8192,2.8191,2.8191,303.4,1757115599999
1757115600000,2.8191,2.8191,2.8191,2.8191,267.7,1757115899999
1757115900000,2.8191,2.9261,2.7962,2.8146,97729.5,1757116199999
1757116200000,2.8146,2.9262,2.7754,2.8157,422684.7,1757116499999
1757116500000,2.8157,2.9262,2.7754,2.8134,17726.4,1757116799999
1757116800000,2.8131,2.8155,2.7754,2.8155,9024.6,1757117099999
1757117100000,2.8155,2.8155,2.8131,2.8131,634.4,1757117399999
1757117400000,2.8131,2.8153,2.8131,2.8143,285.3,1757117699999
1757117700000,2.815,2.8155,2.8126,2.813,824.6,1757117999999
1757118000000,2.813,2.8155,2.8126,2.8155,308.1,1757118299999
1757118300000,2.8155,2.8182,2.7754,2.8182,15418.1,1757118599999
1757118600000,2.8182,2.8198,2.8181,2.8198,433.4,1757118899999
1757118900000,2.8198,2.82,2.8179,2.82,1898.0,1757119199999
1757119200000,2.82,2.8207,2.8177,2.8185,4740.7,1757119499999
1757119500000,2.8185,2.8207,2.8163,2.8163,4632.3,1757119799999
1757119800000,2.8163,2.8207,2.8162,2.8162,1067.5,1757120099999
1757120100000,2.8162,2.8163,2.8082,2.814,769.7,1757120399999
1757120400000,2.814,2.8163,2.7754,2.8131,8516.2,1757120699999
1757120700000,2.8131,2.8156,2.8121,2.8151,1032.8,1757120999999
1757121000000,2.8154,2.8163,2.8121,2.8163,765.8,1757121299999
1757121300000,2.8163,2.8163,2.8121,2.8163,1426.3,1757121599999
1757121600000,2.8163,2.8163,2.8121,2.8134,1595.4,1757121899999
1757121900000,2.8133,2.8163,2.8121,2.8144,728.6,1757122199999
1757122200000,2.8144,2.8144,2.8121,2.8121,271.1,1757122499999
1757122500000,2.8121,2.8143,2.8121,2.8136,352.7,1757122799999
1757122800000,2.8144,2.8157,2.8121,2.8148,855.8,1757123099999
1757123100000,2.8147,2.8163,2.8121,2.8163,389.5,1757123399999
1757123400000,2.8163,2.8163,2.8121,2.8163,5812.8,1757123699999
1757123700000,2.8163,2.8163,2.8162,2.8163,271.5,1757123999999
1757124000000,2.8163,2.8163,2.8121,2.8148,384.2,1757124299999
1757124300000,2.8149,2.8163,2.8121,2.8147,356.0,1757124599999
1757124600000,2.8148,2.8163,2.8121,2.8126,11007.8,1757124899999
1757124900000,2.8128,2.8163,2.8121,2.8163,813.1,1757125199999
1757125200000,2.8142,2.8148,2.8137,2.8137,319.5,1757125499999
1757125500000,2.8137,2.8137,2.8137,2.8137,269.8,1757125799999
1757125800000,2.8137,2.8163,2.8121,2.814,1034.6,1757126099999
1757126100000,2.814,2.8148,2.8134,2.8135,269.8,1757126399999
1757126400000,2.8135,2.8148,2.8121,2.8143,2522.4,1757126699999
1757126700000,2.8144,2.8163,2.8143,2.8163,5227.0,1757126999999
1757127000000,2.8163,2.8163,2.8162,2.8163,267.0,1757127299999
1757127300000,2.8163,2.8163,2.8163,2.8163,264.9,1757127599999
1757127600000,2.8163,2.8163,2.8144,2.8163,335.2,1757127899999
1757127900000,2.8163,2.8163,2.814,2.8163,5598.0,1757128199999
1757128200000,2.8163,2.8163,2.8155,2.8163,274.4,1757128499999
1757128500000,2.8163,2.8163,2.8162,2.8163,274.0,1757128799999
1757128800000,2.8163,2.8163,2.8163,2.8163,13577.2,1757129099999
1757129100000,2.8163,2.8163,2.8163,2.8163,268.4,1757129399999
1757129400000,2.8163,2.8163,2.8163,2.8163,270.0,1757129699999
1757129700000,2.8163,2.8163,2.8163,2.8163,291.2,1757129999999
1757130000000,2.8163,2.8163,2.8163,2.8163,5244.3,1757130299999
1757130300000,2.8163,2.8163,2.8129,2.8163,29121.9,1757130599999
1757130600000,2.8163,2.8259,2.8121,2.8259,43113.8,1757130899999
1757130900000,2.8259,2.8273,2.8255,2.8255,290.6,1757131199999
1757131200000,2.8255,2.9262,2.7754,2.8214,18140.2,1757131499999
1757131500000,2.8214,2.8214,2.8213,2.8213,324.9,1757131799999
1757131800000,2.8213,2.8214,2.8209,2.8209,517.7,1757132099999
1757132100000,2.8209,2.8209,2.8148,2.8183,334.5,1757132399999
1757132400000,2.8181,2.8214,2.8173,2.8174,1537.6,1757132699999
1757132700000,2.8174,2.8214,2.8173,2.8173,373.5,1757132999999
1757133000000,2.8173,2.8252,2.8152,2.8153,40377.7,1757133299999
1757133300000,2.8153,2.8205,2.8153,2.8162,16671.1,1757133599999
1757133600000,2.8162,2.8218,2.776,2.8167,28005.8,1757133899999
1757133900000,2.8167,2.8218,2.8167,2.8167,8657.8,1757134199999
1757134200000,2.8167,2.8167,2.8152,2.8157,6938.0,1757134499999
1757134500000,2.8157,2.8169,2.8152,2.8155,758.7,1757134799999
1757134800000,2.8159,2.8175,2.815,2.815,1942.1,1757135099999
1757135100000,2.815,2.8178,2.815,2.815,1010.1,1757135399999
1757135400000,2.815,2.8153,2.8148,2.8152,272.7,1757135699999
1757135700000,2.8152,2.8246,2.8148,2.8148,11811.9,1757135999999
1757136000000,2.8148,2.8156,2.8146,2.8146,347.4,1757136299999
1757136300000,2.8146,2.8156,2.8144,2.8151,469.5,1757136599999
1757136600000,2.8151,2.8156,2.8142,2.8153,313.2,1757136899999
1757136900000,2.8153,2.8159,2.8142,2.8158,2074.7,1757137199999
1757137200000,2.8158,2.8159,2.8146,2.8146,338.9,1757137499999
1757137500000,2.8146,2.816,2.7754,2.8139,14526.1,1757137799999
1757137800000,2.8139,2.8211,2.7718,2.7718,111080.3,1757138099999
1757138100000,2.8135,2.8199,2.7718,2.8129,98184.9,1757138399999
1757138400000,2.8132,2.8186,2.7718,2.8122,12545.5,1757138699999
1757138700000,2.8122,2.8144,2.7718,2.8144,10305.2,1757138999999
1757139000000,2.8141,2.815,2.7753,2.8133,4655.2,1757139299999
1757139300000,2.8133,2.8133,2.8131,2.8133,2405.7,1757139599999
1757139600000,2.8133,2.8186,2.7718,2.8136,14376.0,1757139899999
1757139900000,2.8136,2.8159,2.7724,2.8148,5944.3,1757140199999
1757140200000,2.8148,2.8148,2.8148,2.8148,313.3,1757140499999
1757140500000,2.8148,2.8186,2.7718,2.815,33363.7,1757140799999
1757140800000,2.815,2.8152,2.815,2.815,1695.5,1757141099999
1757141100000,2.815,2.8158,2.7718,2.8152,23297.4,1757141399999
1757141400000,2.8152,2.8154,2.7718,2.8151,14212.5,1757141699999
1757141700000,2.8151,2.8155,2.8151,2.8155,271.4,1757141999999
1757142000000,2.8155,2.8166,2.8151,2.8166,1372.8,1757142299999
1757142300000,2.8166,2.8178,2.8143,2.8173,15347.8,1757142599999
1757142600000,2.8171,2.8195,2.8126,2.8164,21471.9,1757142899999
1757142900000,2.8164,2.8164,2.8164,2.8164,533.9,1757143199999
1757143200000,2.8164,2.8164,2.8164,2.8164,1215.6,1757143499999
1757143500000,2.8164,2.8164,2.8161,2.8164,1708.2,1757143799999
1757143800000,2.8164,2.8164,2.8161,2.8164,433.2,1757144099999
1757144100000,2.8164,2.8197,2.7469,2.8186,77339.2,1757144399999
1757144400000,2.8187,2.8196,2.8181,2.8196,396.9,1757144699999
1757144700000,2.8196,2.8202,2.8194,2.8196,2655.2,1757144999999
1757145000000,2.8196,2.8202,2.8188,2.8188,344.1,1757145299999
1757145300000,2.8189,2.8202,2.8181,2.819,366.1,1757145599999
1757145600000,2.8189,2.8228,2.817,2.8181,15502.7,1757145899999
1757145900000,2.8181,2.819,2.8176,2.8176,1647.7,1757146199999
1757146200000,2.8176,2.8178,2.8176,2.8176,273.8,1757146499999
1757146500000,2.8183,2.819,2.7469,2.8158,3666.7,1757146799999
1757146800000,2.8158,2.816,2.8144,2.8157,747.2,1757147099999
1757147100000,2.8154,2.8206,2.814,2.8146,10126.2,1757147399999
1757147400000,2.8146,2.8156,2.8146,2.8156,327.5,1757147699999
1757147700000,2.8156,2.8164,2.8146,2.8146,339.2,1757147999999
1757148000000,2.8146,2.8166,2.8146,2.8159,310.9,1757148299999
1757148300000,2.8159,2.8167,2.8146,2.8146,631.2,1757148599999
1757148600000,2.8146,2.8174,2.8146,2.8146,11097.5,1757148899999
1757148900000,2.8146,2.8147,2.8146,2.8146,273.2,1757149199999
1757149200000,2.8146,2.8185,2.812,2.8127,27376.5,1757149499999
1757149500000,2.8127,2.8132,2.8127,2.813,4083.0,1757149799999
1757149800000,2.813,2.8139,2.813,2.813,5350.1,1757150099999
1757150100000,2.813,2.8142,2.8041,2.8069,20833.7,1757150399999
1757150400000,2.807,2.8196,2.8041,2.808,19372.1,1757150699999
1757150700000,2.808,2.8175,2.8041,2.8077,17126.5,1757150999999
1757151000000,2.8077,2.8158,2.8038,2.8087,27900.7,1757151299999
1757151300000,2.808,2.8148,2.803,2.8089,36964.1,1757151599999
1757151600000,2.8089,2.8103,2.808,2.8102,1986.0,1757151899999
1757151900000,2.8103,2.8106,2.808,2.8091,1353.8,1757152199999
1757152200000,2.8091,2.8136,2.8081,2.8092,16147.1,1757152499999
1757152500000,2.8092,2.8097,2.8077,2.8077,273.3,1757152799999
1757152800000,2.8077,2.8108,2.8023,2.8059,18489.4,1757153099999
1757153100000,2.8058,2.8063,2.8019,2.8056,12445.1,1757153399999
1757153400000,2.8056,2.8062,2.8055,2.8058,288.4,1757153699999
1757153700000,2.8058,2.8092,2.8045,2.8049,6545.3,1757153999999
1757154000000,2.8049,2.8096,2.804,2.8052,2182.5,1757154299999
1757154300000,2.8052,2.8096,2.8046,2.8051,303.2,1757154599999
1757154600000,2.805,2.8102,2.8006,2.8047,13344.0,1757154899999
1757154900000,2.8052,2.8108,2.8037,2.8047,3376.1,1757155199999
1757155200000,2.8047,2.8056,2.8045,2.8056,310.4,1757155499999
1757155500000,2.8056,2.807,2.8056,2.807,271.3,1757155799999
1757155800000,2.807,2.807,2.8033,2.8061,2324.9,1757156099999
1757156100000,2.8061,2.807,2.8033,2.8056,1386.8,1757156399999
1757156400000,2.8061,2.807,2.803,2.803,468.7,1757156699999
1757156700000,2.803,2.8071,2.8024,2.8024,1866.7,1757156999999
1757157000000,2.8024,2.8071,2.8023,2.8033,906.4,1757157299999
1757157300000,2.8033,2.8074,2.8023,2.8025,1815.7,1757157599999
1757157600000,2.8025,2.8074,2.7989,2.801,7128.0,1757157899999
1757157900000,2.8074,2.9,2.7307,2.802,86302.3,1757158199999
1757158200000,2.8006,2.803,2.7975,2.8008,26593.2,1757158499999
1757158500000,2.803,2.8045,2.7995,2.8011,18034.3,1757158799999
1757158800000,2.8003,2.8045,2.7994,2.8018,766.5,1757159099999
1757159100000,2.8018,2.8047,2.7991,2.8026,4136.0,1757159399999
1757159400000,2.8026,2.8047,2.7989,2.8029,2158.4,1757159699999
1757159700000,2.8029,2.8047,2.6427,2.8032,54569.0,1757159999999
1757160000000,2.8032,2.806,2.803,2.806,291.7,1757160299999
1757160300000,2.806,2.8063,2.8057,2.8063,447.2,1757160599999
1757160600000,2.8063,2.8106,2.803,2.8051,39491.2,1757160899999
1757160900000,2.8051,2.8068,2.803,2.8051,1316.8,1757161199999
1757161200000,2.8051,2.8072,2.803,2.8061,2876.6,1757161499999
1757161500000,2.8061,2.8072,2.6427,2.8045,40295.3,1757161799999
1757161800000,2.8045,2.8046,2.8038,2.8038,374.0,1757162099999
1757162100000,2.8038,2.8043,2.8038,2.8043,3655.4,1757162399999
1757162400000,2.8043,2.8113,2.8038,2.806,40383.6,1757162699999
1757162700000,2.806,2.8064,2.8038,2.8064,842.6,1757162999999
1757163000000,2.8064,2.8064,2.8038,2.8064,740.7,1757163299999
1757163300000,2.8064,2.8107,2.8038,2.8071,33850.7,1757163599999
1757163600000,2.8071,2.8099,2.8038,2.8091,6000.7,1757163899999
1757163900000,2.8091,2.9,2.7952,2.8093,127629.5,1757164199999
1757164200000,2.8093,2.8098,2.8072,2.8098,2333.5,1757164499999
1757164500000,2.8098,2.812,2.8088,2.812,432.2,1757164799999
1757164800000,2.812,2.8147,2.8072,2.8147,671.9,1757165099999
1757165100000,2.8147,2.8155,2.8134,2.8137,394.2,1757165399999
1757165400000,2.8136,2.8162,2.807,2.8127,6908.7,1757165699999
1757165700000,2.8128,2.8141,2.8106,2.8106,1373.7,1757165999999
1757166000000,2.8106,2.8141,2.807,2.8095,3476.8,1757166299999
1757166300000,2.8097,2.8097,2.8079,2.8088,271.2,1757166599999
1757166600000,2.8088,2.8162,2.807,2.8108,3278.9,1757166899999
1757166900000,2.8108,2.8157,2.8068,2.8121,4335.8,1757167199999
1757167200000,2.8121,2.8162,2.8068,2.8127,2902.1,1757167499999
1757167500000,2.8126,2.813,2.8104,2.8122,448.8,1757167799999
1757167800000,2.8122,2.814,2.8054,2.812,10679.2,1757168099999
1757168100000,2.8119,2.8162,2.8108,2.8124,2809.3,1757168399999
1757168400000,2.8124,2.8139,2.8124,2.8136,287.3,1757168699999
1757168700000,2.8136,2.8166,2.8104,2.8141,9721.7,1757168999999
1757169000000,2.8143,2.815,2.8104,2.8128,1331.3,1757169299999
1757169300000,2.8127,2.8141,2.8104,2.814,375.4,1757169599999
1757169600000,2.8139,2.8151,2.8104,2.8137,763.8,1757169899999
1757169900000,2.8137,2.8171,2.8075,2.8114,10505.7,1757170199999
1757170200000,2.8113,2.8134,2.6427,2.8111,55295.4,1757170499999
1757170500000,2.8111,2.8173,2.8095,2.81,19465.7,1757170799999
1757170800000,2.81,2.8173,2.8075,2.8104,23238.4,1757171099999
1757171100000,2.8104,2.8129,2.8073,2.811,4763.3,1757171399999
1757171400000,2.8109,2.8131,2.8073,2.8081,723.3,1757171699999
1757171700000,2.8081,2.8131,2.808,2.8118,290.5,1757171999999
1757172000000,2.8118,2.8131,2.807,2.8131,3863.2,1757172299999
1757172300000,2.8131,2.8157,2.8063,2.8154,1266.1,1757172599999
1757172600000,2.8154,2.8154,2.8154,2.8154,266.9,1757172899999
1757172900000,2.8154,2.8157,2.8154,2.8154,276.7,1757173199999
1757173200000,2.8154,2.8157,2.8073,2.8073,502.0,1757173499999
1757173500000,2.8073,2.8164,2.8013,2.8025,1985.4,1757173799999
1757173800000,2.8025,2.8166,2.8003,2.8011,4874.6,1757174099999
1757174100000,2.8012,2.8189,2.795,2.8024,69004.9,1757174399999
1757174400000,2.8024,2.8037,2.8024,2.8024,1730.2,1757174699999
1757174700000,2.8024,2.8051,2.8024,2.8041,4246.9,1757174999999
1757175000000,2.8041,2.8041,2.8024,2.8026,972.7,1757175299999
1757175300000,2.8032,2.804,2.8024,2.8024,274.3,1757175599999
1757175600000,2.8026,2.8052,2.8024,2.8026,10826.7,1757175899999
1757175900000,2.8026,2.8063,2.8024,2.804,7069.1,1757176199999
1757176200000,2.8037,2.8041,2.7976,2.8025,4211.7,1757176499999
1757176500000,2.8025,2.8025,2.8025,2.8025,270.8,1757176799999
1757176800000,2.8025,2.8058,2.8015,2.804,714.9,1757177099999
1757177100000,2.804,2.8051,2.7995,2.8002,1962.9,1757177399999
1757177400000,2.8002,2.8051,2.8002,2.8026,298.9,1757177699999
1757177700000,2.8029,2.8037,2.8002,2.8002,304.0,1757177999999
1757178000000,2.8002,2.8003,2.7998,2.8003,301.8,1757178299999
1757178300000,2.8003,2.8005,2.7995,2.8005,452.6,1757178599999
1757178600000,2.8005,2.9263,2.7995,2.8011,45932.9,1757178899999
1757178900000,2.8012,2.8185,2.6427,2.8014,172170.6,1757179199999
1757179200000,2.8014,2.8018,2.8012,2.8012,846.0,1757179499999
1757179500000,2.8012,2.8018,2.8012,2.8016,425.7,1757179799999
1757179800000,2.8012,2.8016,2.7989,2.7989,768.2,1757180099999
1757180100000,2.799,2.799,2.7989,2.7989,461.1,1757180399999
1757180400000,2.7989,2.7989,2.7973,2.7973,307.1,1757180699999
1757180700000,2.7973,2.8031,2.7973,2.7981,18489.9,1757180999999
1757181000000,2.7976,2.8031,2.7973,2.7975,7404.2,1757181299999
1757181300000,2.7976,2.7978,2.7973,2.7978,315.0,1757181599999
1757181600000,2.7978,2.7979,2.7973,2.7979,389.2,1757181899999
1757181900000,2.7979,2.799,2.7974,2.799,308.4,1757182199999
1757182200000,2.799,2.799,2.7989,2.799,270.0,1757182499999
1757182500000,2.799,2.799,2.7973,2.799,319.9,1757182799999
1757182800000,2.799,2.799,2.7973,2.799,3833.0,1757183099999
1757183100000,2.799,2.799,2.7972,2.799,2171.9,1757183399999
1757183400000,2.799,2.799,2.7972,2.7981,308.9,1757183699999
1757183700000,2.7981,2.799,2.7968,2.7989,3031.2,1757183999999
1757184000000,2.7989,2.799,2.7983,2.7985,627.2,1757184299999
1757184300000,2.7985,2.799,2.7974,2.799,563.8,1757184599999
1757184600000,2.799,2.799,2.7989,2.799,270.7,1757184899999
1757184900000,2.799,2.799,2.7986,2.799,271.5,1757185199999
1757185200000,2.799,2.799,2.7968,2.7989,290.2,1757185499999
1757185500000,2.7989,2.799,2.7969,2.799,3525.2,1757185799999
1757185800000,2.799,2.799,2.7969,2.7978,330.3,1757186099999
1757186100000,2.7978,2.7979,2.7942,2.7975,18570.5,1757186399999
1757186400000,2.797,2.799,2.7963,2.7977,330.0,1757186699999
1757186700000,2.7977,2.7978,2.7963,2.7963,290.3,1757186999999
1757187000000,2.7964,2.9264,2.7963,2.7967,54269.4,1757187299999
1757187300000,2.7967,2.7972,2.6427,2.7971,56332.6,1757187599999
1757187600000,2.7971,2.7972,2.797,2.797,398.8,1757187899999
1757187900000,2.797,2.9265,2.7891,2.7945,88548.4,1757188199999
1757188200000,2.7945,2.7952,2.7928,2.7928,9449.6,1757188499999
1757188500000,2.7928,2.7952,2.7928,2.793,629.4,1757188799999
1757188800000,2.793,2.7952,2.793,2.7951,269.3,1757189099999
1757189100000,2.7951,2.7952,2.7947,2.7952,287.9,1757189399999
1757189400000,2.7952,2.7952,2.7952,2.7952,272.1,1757189699999
1757189700000,2.7952,2.7966,2.7951,2.7966,270.7,1757189999999
1757190000000,2.7966,2.7966,2.7932,2.7966,387.1,1757190299999
1757190300000,2.7962,2.7966,2.7959,2.7966,379.8,1757190599999
1757190600000,2.7964,2.7971,2.7894,2.7961,22389.7,1757190899999
1757190900000,2.7961,2.7971,2.7955,2.7963,286.2,1757191199999
1757191200000,2.7963,2.7971,2.7955,2.7971,550.5,1757191499999
1757191500000,2.7971,2.7984,2.7971,2.7983,13222.5,1757191799999
1757191800000,2.7983,2.7983,2.7977,2.7983,316.8,1757192099999
1757192100000,2.7983,2.8008,2.7983,2.8008,270.0,1757192399999
1757192400000,2.8008,2.8008,2.7994,2.7999,350.3,1757192699999
1757192700000,2.7999,2.8,2.7955,2.7995,361.9,1757192999999
1757193000000,2.7995,2.7997,2.799,2.799,349.7,1757193299999
1757193300000,2.7994,2.7997,2.7955,2.7994,318.1,1757193599999
1757193600000,2.7994,2.7997,2.7992,2.7996,404.7,1757193899999
1757193900000,2.7995,2.7997,2.7955,2.7997,347.2,1757194199999
1757194200000,2.7997,2.7997,2.7997,2.7997,266.4,1757194499999
1757194500000,2.7997,2.7997,2.7955,2.7997,404.1,1757194799999
1757194800000,2.7997,2.7997,2.7997,2.7997,312.4,1757195099999
1757195100000,2.7997,2.7997,2.7997,2.7997,353.2,1757195399999
1757195400000,2.7997,2.7997,2.7997,2.7997,266.1,1757195699999
1757195700000,2.7997,2.7997,2.7997,2.7997,982.3,1757195999999
1757196000000,2.7997,2.8045,2.7954,2.8045,1524.0,1757196299999
1757196300000,2.8045,2.8045,2.7997,2.8028,391.2,1757196599999
1757196600000,2.8028,2.8045,2.8028,2.8042,271.4,1757196899999
1757196900000,2.8041,2.8045,2.8038,2.8038,446.4,1757197199999
1757197200000,2.8038,2.8045,2.8038,2.8044,326.7,1757197499999
1757197500000,2.8044,2.8046,2.8038,2.804,2501.3,1757197799999
1757197800000,2.804,2.8096,2.804,2.805,20478.9,1757198099999
1757198100000,2.8048,2.8052,2.8038,2.8038,490.0,1757198399999
1757198400000,2.8038,2.8052,2.8038,2.8038,381.2,1757198699999
1757198700000,2.8038,2.8043,2.8038,2.8038,308.5,1757198999999
1757199000000,2.8038,2.8052,2.8038,2.8038,303.6,1757199299999
1757199300000,2.8038,2.8046,2.8038,2.8043,273.2,1757199599999
1757199600000,2.8041,2.8052,2.8016,2.8022,2035.6,1757199899999
1757199900000,2.8027,2.9267,2.8011,2.8021,77239.1,1757200199999
1757200200000,2.8021,2.8049,2.8011,2.8049,649.9,1757200499999
1757200500000,2.8049,2.8075,2.8049,2.807,2762.2,1757200799999
1757200800000,2.8076,2.8077,2.8049,2.8077,323.1,1757201099999
1757201100000,2.8077,2.8104,2.8075,2.8102,4250.5,1757201399999
1757201400000,2.8101,2.8104,2.81,2.81,4569.2,1757201699999
1757201700000,2.81,2.8104,2.81,2.8104,540.4,1757201999999
1757202000000,2.8101,2.8104,2.81,2.81,24410.4,1757202299999
1757202300000,2.81,2.8104,2.81,2.8104,704.6,1757202599999
1757202600000,2.81,2.8107,2.81,2.81,3909.5,1757202899999
1757202900000,2.81,2.8151,2.8075,2.8084,56002.8,1757203199999
1757203200000,2.8088,2.8088,2.8084,2.8088,366.1,1757203499999
1757203500000,2.8088,2.8108,2.8084,2.8108,547.5,1757203799999
1757203800000,2.8103,2.8122,2.8079,2.8122,8044.6,1757204099999
1757204100000,2.8122,2.8122,2.8039,2.8116,23251.1,1757204399999
1757204400000,2.8116,2.8122,2.8112,2.8122,325.4,1757204699999
1757204700000,2.8122,2.8122,2.8112,2.8113,724.8,1757204999999
1757205000000,2.8113,2.8122,2.8112,2.8113,483.0,1757205299999
1757205300000,2.8112,2.8136,2.8112,2.8134,679.1,1757205599999
1757205600000,2.8135,2.9267,2.811,2.8141,55527.3,1757205899999
1757205900000,2.8141,2.927,2.814,2.8141,83932.8,1757206199999
1757206200000,2.8141,2.8153,2.814,2.8148,2784.0,1757206499999
1757206500000,2.8147,2.8153,2.814,2.8145,312.6,1757206799999
1757206800000,2.8145,2.8153,2.814,2.815,451.5,1757207099999
1757207100000,2.815,2.8153,2.8146,2.8153,294.6,1757207399999
1757207400000,2.8153,2.8193,2.8137,2.8185,2003.3,1757207699999
1757207700000,2.8186,2.8186,2.8137,2.817,323.5,1757207999999
1757208000000,2.817,2.8193,2.8167,2.8189,889.5,1757208299999
1757208300000,2.8189,2.8193,2.8185,2.8189,1058.2,1757208599999
1757208600000,2.8189,2.8193,2.8185,2.8193,271.2,1757208899999
1757208900000,2.8193,2.8202,2.8183,2.8188,350.8,1757209199999
1757209200000,2.8188,2.8202,2.8137,2.8202,1524.4,1757209499999
1757209500000,2.8201,2.8204,2.8136,2.8204,1702.4,1757209799999
1757209800000,2.8204,2.8213,2.8136,2.8207,286.6,1757210099999
1757210100000,2.8207,2.8213,2.8202,2.8208,669.6,1757210399999
1757210400000,2.8208,2.8213,2.8208,2.8208,1924.2,1757210699999
1757210700000,2.8208,2.8213,2.8208,2.8208,341.2,1757210999999
1757211000000,2.8209,2.8213,2.8208,2.8208,361.8,1757211299999
1757211300000,2.8209,2.8209,2.8208,2.8208,623.4,1757211599999
1757211600000,2.8208,2.8208,2.8208,2.8208,3087.2,1757211899999
1757211900000,2.8208,2.8213,2.8208,2.8208,516.1,1757212199999
1757212200000,2.8208,2.8212,2.8208,2.8208,308.8,1757212499999
1757212500000,2.8208,2.8213,2.8208,2.821,339.2,1757212799999
1757212800000,2.821,2.8213,2.8208,2.821,15582.8,1757213099999
1757213100000,2.821,2.8214,2.821,2.821,2063.6,1757213399999
1757213400000,2.8211,2.8214,2.821,2.8214,557.3,1757213699999
1757213700000,2.8214,2.8214,2.821,2.8214,535.5,1757213999999
1757214000000,2.8214,2.8214,2.8214,2.8214,270.0,1757214299999
1757214300000,2.8214,2.8223,2.821,2.821,10322.3,1757214599999
1757214600000,2.821,2.8223,2.821,2.821,292.4,1757214899999
1757214900000,2.821,2.8223,2.821,2.8223,2090.9,1757215199999
1757215200000,2.8223,2.8224,2.821,2.8222,3632.2,1757215499999
1757215500000,2.8223,2.8236,2.821,2.823,10398.2,1757215799999
1757215800000,2.823,2.8236,2.8228,2.8236,276.2,1757216099999
1757216100000,2.8236,2.8236,2.8217,2.8224,262.7,1757216399999
1757216400000,2.8225,2.8236,2.821,2.8218,532.4,1757216699999
1757216700000,2.8218,2.8236,2.8217,2.8218,268.7,1757216999999
1757217000000,2.8218,2.8219,2.8175,2.8218,24761.5,1757217299999
1757217300000,2.8218,2.8221,2.819,2.8212,1155.8,1757217599999
1757217600000,2.8212,2.8221,2.8177,2.8218,1194.1,1757217899999
1757217900000,2.8219,2.8219,2.8173,2.8199,1338.6,1757218199999
1757218200000,2.8202,2.8211,2.8194,2.8194,275.3,1757218499999
1757218500000,2.8194,2.8236,2.819,2.819,979.3,1757218799999
1757218800000,2.819,2.8237,2.819,2.8197,1158.2,1757219099999
1757219100000,2.8198,2.8237,2.819,2.8237,1159.0,1757219399999
1757219400000,2.8195,2.8237,2.8189,2.8196,797.3,1757219699999
1757219700000,2.8197,2.8238,2.8186,2.8193,1157.3,1757219999999
1757220000000,2.8192,2.824,2.8184,2.8184,1521.7,1757220299999
1757220300000,2.8184,2.8241,2.8184,2.819,1166.6,1757220599999
1757220600000,2.819,2.8241,2.819,2.8204,989.8,1757220899999
1757220900000,2.8204,2.8241,2.8173,2.8206,3119.4,1757221199999
1757221200000,2.8207,2.8299,2.6,2.8221,87977.4,1757221499999
1757221500000,2.8221,2.8221,2.8221,2.8221,298.2,1757221799999
1757221800000,2.8221,2.8231,2.8217,2.8227,704.7,1757222099999
1757222100000,2.823,2.8231,2.8217,2.8219,555.0,1757222399999
1757222400000,2.8217,2.8234,2.8217,2.8234,1693.3,1757222699999
1757222700000,2.8234,2.8234,2.8234,2.8234,277.3,1757222999999
1757223000000,2.8234,2.8244,2.8231,2.8243,1286.3,1757223299999
1757223300000,2.8243,2.8257,2.8188,2.8244,40040.6,1757223599999
1757223600000,2.8244,2.8257,2.8244,2.8246,385.3,1757223899999
1757223900000,2.8246,2.8248,2.8237,2.8241,2411.2,1757224199999
1757224200000,2.8241,2.8247,2.8236,2.8236,506.2,1757224499999
1757224500000,2.8236,2.8236,2.8235,2.8235,1128.9,1757224799999
1757224800000,2.8235,2.8236,2.8228,2.823,1707.9,1757225099999
1757225100000,2.823,2.823,2.8228,2.8228,1988.0,1757225399999
1757225400000,2.8228,2.8228,2.8204,2.8204,1482.9,1757225699999
1757225700000,2.8204,2.823,2.8203,2.8203,2700.4,1757225999999
1757226000000,2.8203,2.823,2.8187,2.8187,949.3,1757226299999
1757226300000,2.8187,2.823,2.8173,2.8193,4008.3,1757226599999
1757226600000,2.8194,2.8215,2.8194,2.8206,274.0,1757226899999
1757226900000,2.8206,2.8207,2.818,2.818,266.9,1757227199999
1757227200000,2.8181,2.8189,2.8177,2.8184,272.7,1757227499999
1757227500000,2.8184,2.823,2.8182,2.8188,1273.2,1757227799999
1757227800000,2.8188,2.823,2.8173,2.8197,359.0,1757228099999
1757228100000,2.8197,2.8199,2.8173,2.8187,637.9,1757228399999
1757228400000,2.8187,2.8209,2.8184,2.8209,264.1,1757228699999
1757228700000,2.8209,2.823,2.8124,2.8214,52021.8,1757228999999
1757229000000,2.8217,2.8229,2.8196,2.8227,7473.8,1757229299999
1757229300000,2.8226,2.823,2.8212,2.8212,2928.1,1757229599999
1757229600000,2.8212,2.823,2.8202,2.823,1401.3,1757229899999
1757229900000,2.823,2.823,2.8196,2.823,2463.9,1757230199999
1757230200000,2.823,2.823,2.8228,2.823,439.4,1757230499999
1757230500000,2.823,2.823,2.823,2.823,669.1,1757230799999
1757230800000,2.823,2.823,2.823,2.823,282.3,1757231099999
1757231100000,2.823,2.823,2.823,2.823,349.2,1757231399999
1757231400000,2.823,2.823,2.8229,2.823,274.6,1757231699999
1757231700000,2.823,2.8332,2.8229,2.8295,35687.3,1757231999999
1757232000000,2.8295,2.8295,2.8288,2.8288,286.3,1757232299999
1757232300000,2.8286,2.8295,2.8229,2.8295,306.4,1757232599999
1757232600000,2.8295,2.8305,2.8184,2.83,6194.5,1757232899999
1757232900000,2.8299,2.8302,2.8294,2.8302,272.6,1757233199999
1757233200000,2.8302,2.8338,2.8267,2.8338,4097.1,1757233499999
1757233500000,2.8338,2.8345,2.83,2.8334,924.3,1757233799999
1757233800000,2.8334,2.8354,2.83,2.8353,7627.7,1757234099999
1757234100000,2.8353,2.8354,2.6,2.8328,38952.4,1757234399999
1757234400000,2.8328,2.8358,2.8324,2.8341,3815.8,1757234699999
1757234700000,2.8342,2.8359,2.8321,2.8342,2383.3,1757234999999
1757235000000,2.8342,2.8348,2.8338,2.8338,621.6,1757235299999
1757235300000,2.8338,2.8369,2.8321,2.8321,6397.6,1757235599999
1757235600000,2.8321,2.8321,2.8311,2.832,9089.8,1757235899999
1757235900000,2.8319,2.8377,2.8303,2.8321,18042.9,1757236199999
1757236200000,2.8321,2.8335,2.8321,2.8333,2132.2,1757236499999
1757236500000,2.8333,2.8338,2.8302,2.8336,7054.7,1757236799999
1757236800000,2.8336,2.835,2.8298,2.8348,8547.7,1757237099999
1757237100000,2.8347,2.835,2.8341,2.8341,845.9,1757237399999
1757237400000,2.8341,2.835,2.8325,2.8325,494.0,1757237699999
1757237700000,2.8325,2.835,2.8294,2.8294,1095.2,1757237999999
1757238000000,2.8294,2.8294,2.8294,2.8294,321.8,1757238299999
1757238300000,2.8294,2.8303,2.8278,2.8303,262.2,1757238599999
1757238600000,2.8303,2.8354,2.8273,2.83,10729.3,1757238899999
1757238900000,2.83,2.8398,2.8295,2.8298,27688.5,1757239199999
1757239200000,2.83,2.8305,2.8295,2.8297,2033.4,1757239499999
1757239500000,2.8297,2.8314,2.8292,2.8293,2523.6,1757239799999
1757239800000,2.8297,2.8314,2.829,2.8305,1406.9,1757240099999
1757240100000,2.8305,2.8318,2.8265,2.8296,11079.3,1757240399999
1757240400000,2.8295,2.8299,2.826,2.826,6416.5,1757240699999
1757240700000,2.826,2.826,2.8241,2.8257,3973.5,1757240999999
1757241000000,2.8257,2.843,2.62,2.8271,148294.5,1757241299999
1757241300000,2.8271,2.8271,2.8257,2.8271,14252.8,1757241599999
1757241600000,2.8271,2.8271,2.8271,2.8271,268.1,1757241899999
1757241900000,2.8271,2.8284,2.8271,2.8284,342.5,1757242199999
1757242200000,2.8284,2.8285,2.8283,2.8285,626.0,1757242499999
1757242500000,2.8285,2.8309,2.8257,2.8298,878.0,1757242799999
1757242800000,2.8298,2.8339,2.8247,2.8295,29989.0,1757243099999
1757243100000,2.8295,2.8309,2.8294,2.8297,13935.8,1757243399999
1757243400000,2.8297,2.8309,2.8294,2.8304,674.3,1757243699999
1757243700000,2.8304,2.8309,2.8288,2.8295,3502.9,1757243999999
1757244000000,2.8295,2.83,2.8284,2.8292,1943.0,1757244299999
1757244300000,2.8292,2.83,2.8268,2.8296,5324.8,1757244599999
1757244600000,2.8296,2.8316,2.8287,2.8304,4584.8,1757244899999
1757244900000,2.8305,2.832,2.8295,2.831,3658.5,1757245199999
1757245200000,2.831,2.8331,2.8226,2.8308,49313.3,1757245499999
1757245500000,2.8308,2.8333,2.8295,2.8306,4677.5,1757245799999
1757245800000,2.8307,2.8371,2.8302,2.8304,23009.8,1757246099999
1757246100000,2.8305,2.8308,2.8302,2.8305,1274.4,1757246399999
1757246400000,2.8305,2.8313,2.8302,2.831,439.0,1757246699999
1757246700000,2.831,2.831,2.8295,2.8295,503.9,1757246999999
1757247000000,2.8295,2.8302,2.8295,2.8295,429.7,1757247299999
1757247300000,2.8296,2.8313,2.8293,2.8295,348.7,1757247599999
1757247600000,2.8295,2.8313,2.8295,2.8295,2266.8,1757247899999
1757247900000,2.8295,2.8306,2.828,2.8306,5228.2,1757248199999
1757248200000,2.8306,2.8326,2.8273,2.8319,10194.4,1757248499999
1757248500000,2.8319,2.8327,2.8273,2.8327,347.7,1757248799999
1757248800000,2.8327,2.833,2.8273,2.8328,1211.8,1757249099999
1757249100000,2.8327,2.833,2.8273,2.8325,727.3,1757249399999
1757249400000,2.8327,2.8348,2.8265,2.8329,20847.1,1757249699999
1757249700000,2.8329,2.8329,2.8326,2.8329,539.4,1757249999999
1757250000000,2.8329,2.834,2.8311,2.834,1714.4,1757250299999
1757250300000,2.834,2.836,2.8329,2.8334,8968.3,1757250599999
1757250600000,2.8335,2.836,2.8329,2.8334,1610.7,1757250899999
1757250900000,2.8333,2.8337,2.6,2.8327,177049.0,1757251199999
1757251200000,2.8327,2.8332,2.8284,2.8326,22745.1,1757251499999
1757251500000,2.8326,2.9283,2.8315,2.8335,357286.2,1757251799999
1757251800000,2.8335,2.8355,2.8335,2.8355,6899.5,1757252099999
1757252100000,2.8355,2.8464,2.8335,2.8464,915.9,1757252399999
1757252400000,2.8464,2.8468,2.8404,2.8406,3755.3,1757252699999
1757252700000,2.8405,2.8406,2.8335,2.8406,2068.4,1757252999999
1757253000000,2.8406,2.8469,2.6,2.8408,53320.2,1757253299999
1757253300000,2.8408,2.8454,2.8405,2.8454,1679.3,1757253599999
1757253600000,2.8419,2.8474,2.8404,2.8474,3481.9,1757253899999
1757253900000,2.8474,2.888,2.8346,2.888,193653.1,1757254199999
1757254200000,2.8864,2.9283,2.8773,2.9046,248738.6,1757254499999
1757254500000,2.9041,2.9283,2.9041,2.9066,791.9,1757254799999
1757254800000,2.9066,2.9283,2.8866,2.8911,2567.1,1757255099999
1757255100000,2.8911,2.8912,2.8876,2.888,3908.1,1757255399999
1757255400000,2.888,2.9283,2.888,2.897,22542.1,1757255699999
1757255700000,2.896,2.9005,2.893,2.8997,381.5,1757255999999
1757256000000,2.8998,2.9283,2.8925,2.9055,5155.2,1757256299999
1757256300000,2.9045,2.9283,2.8922,2.9037,5205.5,1757256599999
1757256600000,2.9037,2.9041,2.8922,2.8922,8163.7,1757256899999
1757256900000,2.8922,2.904,2.8877,2.8877,1538.9,1757257199999
1757257200000,2.8877,2.9283,2.8877,2.8886,55591.2,1757257499999
1757257500000,2.8886,2.8888,2.8886,2.8886,363.6,1757257799999
1757257800000,2.8886,2.8886,2.8769,2.8769,12927.9,1757258099999
1757258100000,2.8769,2.8815,2.8767,2.8801,2385.3,1757258399999
1757258400000,2.8801,2.8815,2.8754,2.8806,3548.2,1757258699999
1757258700000,2.88,2.8815,2.8735,2.8815,24846.0,1757258999999
1757259000000,2.8815,2.8815,2.8715,2.8815,35507.2,1757259299999
1757259300000,2.8815,2.8963,2.8765,2.8951,9887.2,1757259599999
1757259600000,2.8951,2.8963,2.8951,2.8963,273.6,1757259899999
1757259900000,2.8963,2.8963,2.8935,2.8935,853.4,1757260199999
1757260200000,2.8935,2.8993,2.8935,2.8963,569.5,1757260499999
1757260500000,2.8963,2.8993,2.8963,2.899,619.8,1757260799999
1757260800000,2.8989,2.9284,2.8963,2.8976,54228.8,1757261099999
1757261100000,2.8976,2.8976,2.8976,2.8976,268.0,1757261399999
1757261400000,2.8976,2.9284,2.8885,2.8904,27610.4,1757261699999
1757261700000,2.8903,2.9284,2.8855,2.8856,37426.1,1757261999999
1757262000000,2.8856,2.9284,2.8804,2.8871,27380.4,1757262299999
1757262300000,2.8871,2.9284,2.8823,2.8827,14599.6,1757262599999
1757262600000,2.8827,2.8832,2.8773,2.8773,12829.7,1757262899999
1757262900000,2.8773,2.8828,2.8771,2.8772,5873.5,1757263199999
1757263200000,2.8772,2.8836,2.8765,2.8836,7955.4,1757263499999
1757263500000,2.8836,2.9291,2.6,2.8865,256579.1,1757263799999
1757263800000,2.8865,2.9292,2.8835,2.8913,116178.4,1757264099999
1757264100000,2.8913,2.8928,2.8902,2.8904,8338.7,1757264399999
1757264400000,2.8906,2.9065,2.8888,2.8888,363.6,1757264699999
1757264700000,2.8888,2.9292,2.8813,2.8848,12742.3,1757264999999
1757265000000,2.8848,2.8848,2.8823,2.8823,26022.7,1757265299999
1757265300000,2.8823,2.883,2.8778,2.8778,346.1,1757265599999
1757265600000,2.8778,2.8797,2.8776,2.8776,655.9,1757265899999
1757265900000,2.8776,2.878,2.8776,2.8776,303.5,1757266199999
1757266200000,2.8776,2.878,2.8774,2.878,2963.7,1757266499999
1757266500000,2.878,2.8854,2.8768,2.8768,2628.0,1757266799999
1757266800000,2.8768,2.8854,2.8767,2.88,1345.8,1757267099999
1757267100000,2.88,2.8854,2.8756,2.8758,13391.5,1757267399999
1757267400000,2.8758,2.8854,2.865,2.868,8803.5,1757267699999
1757267700000,2.868,2.8854,2.868,2.868,2357.0,1757267999999
1757268000000,2.868,2.8854,2.8554,2.8599,38028.3,1757268299999
1757268300000,2.8599,2.8644,2.8599,2.8644,7866.4,1757268599999
1757268600000,2.8644,2.8854,2.8599,2.8637,7369.2,1757268899999
1757268900000,2.8637,2.8854,2.8599,2.861,491.9,1757269199999
1757269200000,2.8612,2.8854,2.8598,2.8606,2988.4,1757269499999
1757269500000,2.8607,2.8854,2.8591,2.8604,2528.7,1757269799999
1757269800000,2.8604,2.8665,2.8586,2.8611,2245.6,1757270099999
1757270100000,2.8611,2.8612,2.8568,2.8568,8917.2,1757270399999
1757270400000,2.8568,2.8691,2.8533,2.8533,1025.2,1757270699999
1757270700000,2.8533,2.8548,2.8525,2.8536,396.3,1757270999999
1757271000000,2.8536,2.8854,2.8525,2.8534,12105.6,1757271299999
1757271300000,2.8534,2.9293,2.8476,2.8555,77840.8,1757271599999
1757271600000,2.8559,2.863,2.8555,2.8617,9545.4,1757271899999
1757271900000,2.8629,2.8632,2.8555,2.8567,952.5,1757272199999
1757272200000,2.8566,2.8634,2.8566,2.8634,3734.8,1757272499999
1757272500000,2.8634,2.8635,2.8634,2.8634,275.6,1757272799999
1757272800000,2.8634,2.8635,2.8634,2.8634,297.3,1757273099999
1757273100000,2.8634,2.8643,2.8566,2.8566,6179.0,1757273399999
1757273400000,2.8566,2.8674,2.8522,2.8556,50667.6,1757273699999
1757273700000,2.8556,2.8603,2.8543,2.8586,3372.8,1757273999999
1757274000000,2.8587,2.8644,2.8543,2.8642,370.0,1757274299999
1757274300000,2.8642,2.8644,2.8614,2.8616,259.9,1757274599999
1757274600000,2.862,2.8657,2.8543,2.8611,8303.4,1757274899999
1757274900000,2.8611,2.8657,2.8543,2.8628,350.5,1757275199999
1757275200000,2.8628,2.8671,2.8628,2.8628,8529.1,1757275499999
1757275500000,2.8628,2.8634,2.8628,2.8628,284.4,1757275799999
1757275800000,2.8629,2.8636,2.8628,2.863,282.2,1757276099999
1757276100000,2.8632,2.8685,2.8624,2.8685,10091.8,1757276399999
1757276400000,2.8683,2.8685,2.8624,2.8672,305.5,1757276699999
1757276700000,2.8672,2.8685,2.8624,2.8685,517.0,1757276999999
1757277000000,2.8685,2.8718,2.8685,2.8699,287.0,1757277299999
1757277300000,2.8699,2.8718,2.8693,2.8693,1325.1,1757277599999
1757277600000,2.8693,2.8718,2.8619,2.8704,5211.0,1757277899999
1757277900000,2.8704,2.8714,2.8619,2.8703,404.2,1757278199999
1757278200000,2.8701,2.8715,2.8617,2.8715,651.0,1757278499999
1757278500000,2.8715,2.8718,2.8612,2.8718,6426.7,1757278799999
1757278800000,2.8718,2.8792,2.8611,2.874,2344.6,1757279099999
1757279100000,2.8744,2.8792,2.8611,2.8775,849.3,1757279399999
1757279400000,2.8775,2.8798,2.8611,2.8755,5581.7,1757279699999
1757279700000,2.8752,2.9293,2.8529,2.8731,108482.0,1757279999999
1757280000000,2.8731,2.8761,2.873,2.8731,2755.9,1757280299999
1757280300000,2.8731,2.8744,2.8692,2.8744,12157.1,1757280599999
1757280600000,2.8744,2.8754,2.874,2.8752,443.0,1757280899999
1757280900000,2.8752,2.8761,2.8752,2.8752,1426.8,1757281199999
1757281200000,2.8752,2.8782,2.8744,2.8744,26414.8,1757281499999
1757281500000,2.8744,2.8746,2.8744,2.8744,329.1,1757281799999
1757281800000,2.8744,2.8782,2.8616,2.8666,28918.9,1757282099999
1757282100000,2.8625,2.8625,2.8615,2.862,2726.8,1757282399999
1757282400000,2.862,2.8666,2.862,2.862,738.8,1757282699999
1757282700000,2.862,2.8623,2.8559,2.8584,504.5,1757282999999
1757283000000,2.8584,2.8668,2.8547,2.866,2542.5,1757283299999
1757283300000,2.866,2.8684,2.8547,2.8684,1330.7,1757283599999
1757283600000,2.8684,2.8707,2.8634,2.8692,281.0,1757283899999
1757283900000,2.8692,2.871,2.8634,2.8709,347.7,1757284199999
1757284200000,2.871,2.8712,2.871,2.8712,271.0,1757284499999
1757284500000,2.8713,2.8713,2.8547,2.8702,1855.5,1757284799999
1757284800000,2.8702,2.8704,2.8699,2.8699,270.9,1757285099999
1757285100000,2.8704,2.8732,2.8683,2.8717,30713.3,1757285399999
1757285400000,2.8717,2.8717,2.8713,2.8717,281.3,1757285699999
1757285700000,2.8717,2.8737,2.8712,2.8737,1335.3,1757285999999
1757286000000,2.8737,2.8773,2.8712,2.8773,1073.1,1757286299999
1757286300000,2.8773,2.8791,2.8773,2.8791,8894.1,1757286599999
1757286600000,2.8791,2.8832,2.8703,2.8794,23706.5,1757286899999
1757286900000,2.8795,2.8832,2.879,2.8794,390.2,1757287199999
1757287200000,2.8794,2.8832,2.8788,2.8832,949.1,1757287499999
1757287500000,2.8832,2.8833,2.8787,2.8833,868.2,1757287799999
1757287800000,2.8833,2.8834,2.8832,2.8834,334.6,1757288099999
1757288100000,2.8834,2.8834,2.8786,2.8834,534.7,1757288399999
1757288400000,2.8834,2.8834,2.8834,2.8834,369.0,1757288699999
1757288700000,2.8834,2.8834,2.8812,2.882,405.1,1757288999999
1757289000000,2.882,2.8834,2.8775,2.8775,770.3,1757289299999
1757289300000,2.8776,2.8785,2.8762,2.8762,568.0,1757289599999
1757289600000,2.8762,2.8771,2.8724,2.8724,629.8,1757289899999
1757289900000,2.8724,2.8729,2.8699,2.8699,17944.2,1757290199999
1757290200000,2.8699,2.8726,2.8699,2.8709,286.8,1757290499999
1757290500000,2.8708,2.8729,2.8687,2.8687,1774.0,1757290799999
1757290800000,2.8687,2.8854,2.8596,2.8644,181705.6,1757291099999
1757291100000,2.8689,2.8767,2.8685,2.8694,33172.6,1757291399999
1757291400000,2.8779,2.8788,2.8683,2.8736,5464.5,1757291699999
1757291700000,2.8737,2.8788,2.8683,2.8737,467.0,1757291999999
1757292000000,2.8737,2.8788,2.8679,2.8788,8735.4,1757292299999
1757292300000,2.8788,2.8788,2.8679,2.8704,307.5,1757292599999
1757292600000,2.8788,2.8788,2.8673,2.8684,6790.1,1757292899999
1757292900000,2.8684,2.8688,2.8679,2.8679,775.6,1757293199999
1757293200000,2.8679,2.868,2.8661,2.868,6494.1,1757293499999
1757293500000,2.868,2.8727,2.8626,2.8727,31139.2,1757293799999
1757293800000,2.8726,2.8788,2.8722,2.8743,821.2,1757294099999
1757294100000,2.8741,2.8788,2.8709,2.8788,1928.9,1757294399999
1757294400000,2.8788,2.8788,2.8779,2.8788,3102.0,1757294699999
1757294700000,2.8787,2.8788,2.8779,2.8779,356.2,1757294999999
1757295000000,2.8779,2.8788,2.8779,2.8788,4446.7,1757295299999
1757295300000,2.8788,2.8788,2.8779,2.8788,2848.1,1757295599999
1757295600000,2.8788,2.8788,2.8779,2.8788,1796.8,1757295899999
1757295900000,2.8783,2.8788,2.8779,2.8788,471.6,1757296199999
1757296200000,2.8788,2.8788,2.8779,2.878,22151.4,1757296499999
1757296500000,2.8779,2.8788,2.8779,2.8788,327.1,1757296799999
1757296800000,2.8788,2.8788,2.8779,2.8787,534.6,1757297099999
1757297100000,2.8788,2.8788,2.8779,2.8788,369.5,1757297399999
1757297400000,2.8779,2.8788,2.8779,2.8779,4010.5,1757297699999
1757297700000,2.8779,2.8788,2.8719,2.8719,2109.9,1757297999999
1757298000000,2.8719,2.8788,2.8656,2.8656,412.7,1757298299999
1757298300000,2.8656,2.8788,2.8622,2.8673,38014.7,1757298599999
1757298600000,2.8671,2.8753,2.8622,2.8744,269.6,1757298899999
1757298900000,2.8741,2.8788,2.874,2.8788,11924.5,1757299199999
1757299200000,2.8788,2.8788,2.8764,2.8788,11997.3,1757299499999
1757299500000,2.8788,2.8788,2.8764,2.8788,1769.2,1757299799999
1757299800000,2.8788,2.8788,2.8764,2.8788,365.7,1757300099999
1757300100000,2.8788,2.8788,2.8764,2.8788,758.7,1757300399999
1757300400000,2.8788,2.8788,2.8764,2.8788,2513.0,1757300699999
1757300700000,2.8788,2.92,2.8609,2.8931,98264.7,1757300999999
1757301000000,2.8928,2.92,2.8867,2.8874,11434.4,1757301299999
1757301300000,2.8874,2.92,2.8859,2.8909,20757.7,1757301599999
1757301600000,2.8909,2.92,2.8841,2.8841,2400.0,1757301899999
1757301900000,2.8841,2.9258,2.8839,2.8857,3527.9,1757302199999
1757302200000,2.8857,2.8865,2.8839,2.8865,391.5,1757302499999
1757302500000,2.8865,2.9072,2.8839,2.8962,2415.5,1757302799999
1757302800000,2.8962,2.9258,2.8962,2.8964,15345.3,1757303099999
1757303100000,2.8962,2.8964,2.8962,2.8962,1462.3,1757303399999
1757303400000,2.8962,2.8964,2.8962,2.8962,432.5,1757303699999
1757303700000,2.8962,2.9293,2.8836,2.8872,81151.2,1757303999999
1757304000000,2.8872,2.8893,2.8836,2.8836,4976.0,1757304299999
1757304300000,2.8836,2.8871,2.8805,2.8805,287.8,1757304599999
1757304600000,2.8805,2.8818,2.8805,2.8816,619.3,1757304899999
1757304900000,2.8815,2.8871,2.8805,2.8871,825.2,1757305199999
1757305200000,2.8871,2.8885,2.8734,2.8858,35519.7,1757305499999
1757305500000,2.8853,2.8885,2.8849,2.8881,303.7,1757305799999
1757305800000,2.888,2.891,2.886,2.8886,7625.7,1757306099999
1757306100000,2.8886,2.8909,2.8816,2.8909,6254.3,1757306399999
1757306400000,2.884,2.8909,2.8816,2.8835,590.9,1757306699999
1757306700000,2.8834,2.8878,2.8816,2.8816,321.2,1757306999999
1757307000000,2.8816,2.8816,2.8792,2.8792,280.9,1757307299999
1757307300000,2.8792,2.8792,2.8781,2.8782,5380.1,1757307599999
1757307600000,2.8782,2.8816,2.8781,2.8816,382.7,1757307899999
1757307900000,2.8816,2.892,2.881,2.8831,8694.8,1757308199999
1757308200000,2.8831,2.9294,2.8781,2.885,173523.8,1757308499999
1757308500000,2.8821,2.8851,2.8821,2.8851,301.6,1757308799999
1757308800000,2.8851,2.8852,2.8821,2.8852,1070.2,1757309099999
1757309100000,2.8851,2.8854,2.8851,2.8854,706.9,1757309399999
1757309400000,2.8854,2.8895,2.8852,2.8859,3445.5,1757309699999
1757309700000,2.8852,2.8907,2.8851,2.8873,4113.9,1757309999999
1757310000000,2.8874,2.8912,2.8851,2.886,26960.2,1757310299999
1757310300000,2.8861,2.8912,2.8855,2.8876,378.0,1757310599999
1757310600000,2.888,2.8912,2.888,2.8912,328.4,1757310899999
1757310900000,2.8912,2.9178,2.8829,2.8916,56874.5,1757311199999
1757311200000,2.8916,2.8998,2.8822,2.8859,23731.6,1757311499999
1757311500000,2.8859,2.9154,2.8793,2.8799,32301.0,1757311799999
1757311800000,2.8799,2.9154,2.8793,2.8793,6273.1,1757312099999
1757312100000,2.8793,2.8809,2.8792,2.8792,966.3,1757312399999
1757312400000,2.8792,2.9154,2.8782,2.8829,6560.9,1757312699999
1757312700000,2.8829,2.9154,2.8824,2.8843,408.3,1757312999999
1757313000000,2.8843,2.8843,2.8837,2.8837,275.5,1757313299999
1757313300000,2.8837,2.9154,2.8802,2.8815,3666.3,1757313599999
1757313600000,2.8815,2.8815,2.8789,2.8791,4688.5,1757313899999
1757313900000,2.8789,2.8815,2.8789,2.8795,5155.3,1757314199999
1757314200000,2.8795,2.9174,2.8791,2.8791,78378.0,1757314499999
1757314500000,2.8791,2.9133,2.8732,2.875,5440.6,1757314799999
1757314800000,2.875,2.875,2.8743,2.875,386.2,1757315099999
1757315100000,2.875,2.8804,2.8743,2.8743,3585.3,1757315399999
1757315400000,2.8743,2.9133,2.8743,2.8874,2378.0,1757315699999
1757315700000,2.8878,2.9133,2.8705,2.89,87621.5,1757315999999
1757316000000,2.8902,2.9133,2.87,2.8899,70419.9,1757316299999
1757316300000,2.8899,2.9133,2.8877,2.8997,8683.6,1757316599999
1757316600000,2.901,2.9133,2.8877,2.8987,1096.5,1757316899999
1757316900000,2.8982,2.9133,2.8869,2.8935,13276.4,1757317199999
1757317200000,2.8931,2.9174,2.8869,2.9173,13158.3,1757317499999
1757317500000,2.9173,2.9174,2.8837,2.8837,53338.7,1757317799999
1757317800000,2.9063,2.9294,2.8757,2.9014,69002.7,1757318099999
1757318100000,2.9015,2.9294,2.9014,2.9091,325.3,1757318399999
1757318400000,2.8757,2.9294,2.83,2.9092,60578.3,1757318699999
1757318700000,2.9094,2.9295,2.65,2.9077,195146.2,1757318999999
1757319000000,2.9084,2.9295,2.9066,2.9119,3948.0,1757319299999
1757319300000,2.9118,2.9295,2.904,2.9093,17473.4,1757319599999
1757319600000,2.9093,2.9295,2.8995,2.907,15779.2,1757319899999
1757319900000,2.907,2.9296,2.9064,2.912,10066.9,1757320199999
1757320200000,2.9114,2.9295,2.9051,2.9115,17349.0,1757320499999
1757320500000,2.9115,2.9296,2.9051,2.9147,9392.3,1757320799999
1757320800000,2.9153,2.9296,2.9049,2.914,3010.2,1757321099999
1757321100000,2.914,2.9296,2.9092,2.9106,437.0,1757321399999
1757321400000,2.9106,2.9297,2.9034,2.9077,14687.4,1757321699999
1757321700000,2.9077,2.9304,2.9012,2.9085,42382.2,1757321999999
1757322000000,2.9083,2.9304,2.9083,2.9083,670.5,1757322299999
1757322300000,2.9083,2.9304,2.9064,2.9106,1367.8,1757322599999
1757322600000,2.9109,2.9304,2.9045,2.9061,2757.3,1757322899999
1757322900000,2.9061,2.9061,2.9042,2.906,4142.6,1757323199999
1757323200000,2.906,2.9306,2.8921,2.9205,81657.5,1757323499999
1757323500000,2.9205,2.9307,2.9188,2.9193,13435.1,1757323799999
1757323800000,2.9193,2.9307,2.9186,2.9307,322.2,1757324099999
1757324100000,2.9189,2.9307,2.9166,2.9172,1365.8,1757324399999
1757324400000,2.9307,2.9307,2.917,2.9175,1607.9,1757324699999
1757324700000,2.918,2.9307,2.917,2.9243,1365.1,1757324999999
1757325000000,2.9243,2.9319,2.9148,2.9317,72832.4,1757325299999
1757325300000,2.9319,2.9319,2.9178,2.9319,22072.8,1757325599999
1757325600000,2.9319,2.9319,2.9315,2.9315,315.3,1757325899999
1757325900000,2.9315,2.9319,2.9263,2.9278,11324.3,1757326199999
1757326200000,2.9272,2.9323,2.9133,2.9323,203987.0,1757326499999
1757326500000,2.9323,2.9366,2.6782,2.9366,2308203.5,1757326799999
1757326800000,2.9366,2.9454,2.9366,2.9454,528682.2,1757327099999
1757327100000,2.9454,2.9459,2.9443,2.9443,8920.8,1757327399999
1757327400000,2.9443,2.9493,2.9419,2.9467,15237.3,1757327699999
1757327700000,2.9466,2.9493,2.9417,2.9451,2143.4,1757327999999
1757328000000,2.9445,2.9492,2.944,2.9492,368.6,1757328299999
1757328300000,2.9492,2.9511,2.9405,2.9468,30452.4,1757328599999
1757328600000,2.9468,2.9561,2.9405,2.9496,38949.0,1757328899999
1757328900000,2.9496,2.9574,2.9399,2.9496,40424.7,1757329199999
1757329200000,2.9494,2.9574,2.9398,2.9405,19136.9,1757329499999
1757329500000,2.9398,2.9574,2.938,2.9389,21056.2,1757329799999
1757329800000,2.9389,2.9582,2.9373,2.9395,22715.9,1757330099999
1757330100000,2.9582,2.9582,2.9373,2.9385,367.3,1757330399999
1757330400000,2.9378,2.9389,2.9371,2.9377,2443.4,1757330699999
1757330700000,2.9377,2.9582,2.935,2.9351,2375.7,1757330999999
1757331000000,2.935,2.9582,2.935,2.935,1127.8,1757331299999
1757331300000,2.935,2.9353,2.9315,2.9315,273.7,1757331599999
1757331600000,2.9315,2.932,2.9291,2.9312,370.8,1757331899999
1757331900000,2.9312,2.958,2.929,2.9304,2366.4,1757332199999
1757332200000,2.9306,2.958,2.9285,2.9382,4182.7,1757332499999
1757332500000,2.9382,2.958,2.9285,2.935,817.1,1757332799999
1757332800000,2.9358,2.958,2.9279,2.9374,2135.7,1757333099999
1757333100000,2.9374,2.958,2.9333,2.9349,4260.2,1757333399999
1757333400000,2.9346,2.958,2.9326,2.9374,353.0,1757333699999
1757333700000,2.9374,2.958,2.9352,2.9353,450.2,1757333999999
1757334000000,2.9363,2.958,2.9326,2.9449,524.4,1757334299999
1757334300000,2.9449,2.958,2.9265,2.9493,12932.8,1757334599999
1757334600000,2.9493,2.958,2.947,2.9523,5342.3,1757334899999
1757334900000,2.9527,2.958,2.947,2.958,17016.9,1757335199999
1757335200000,2.958,2.9614,2.9563,2.9614,110105.3,1757335499999
1757335500000,2.9614,2.9615,2.9463,2.9615,31206.1,1757335799999
1757335800000,2.9615,2.9615,2.9263,2.9615,24675.4,1757336099999
1757336100000,2.9615,2.9615,2.9609,2.9615,3561.4,1757336399999
1757336400000,2.9615,2.9615,2.9614,2.9615,419.8,1757336699999
1757336700000,2.9615,2.9615,2.9614,2.9615,900.1,1757336999999
1757337000000,2.9615,2.9769,2.7,2.9769,316260.3,1757337299999
1757337300000,2.9769,2.9777,2.9755,2.9777,11439.7,1757337599999
1757337600000,2.9777,2.9784,2.975,2.9784,7848.4,1757337899999
1757337900000,2.9784,2.979,2.9716,2.9782,29432.2,1757338199999
1757338200000,2.979,2.979,2.9745,2.979,45494.4,1757338499999
1757338500000,2.979,2.979,2.9686,2.9789,87165.6,1757338799999
1757338800000,2.9789,2.979,2.969,2.9772,5353.0,1757339099999
1757339100000,2.979,2.979,2.969,2.979,619.0,1757339399999
1757339400000,2.979,2.979,2.969,2.979,1402.0,1757339699999
1757339700000,2.979,2.979,2.9755,2.976,3447.4,1757339999999
1757340000000,2.979,2.979,2.9744,2.979,1157.4,1757340299999
1757340300000,2.979,2.979,2.9689,2.979,2803.7,1757340599999
1757340600000,2.979,2.9825,2.9682,2.9825,15786.0,1757340899999
1757340900000,2.9825,2.9834,2.9672,2.978,12140.8,1757341199999
1757341200000,2.9783,2.9834,2.9671,2.9672,1169.4,1757341499999
1757341500000,2.9672,2.9673,2.9671,2.9673,295.7,1757341799999
1757341800000,2.9673,2.9673,2.9671,2.9673,5678.0,1757342099999
1757342100000,2.9673,2.9673,2.9669,2.9673,5544.9,1757342399999
1757342400000,2.9673,2.9865,2.9668,2.9763,14823.9,1757342699999
1757342700000,2.9761,2.9865,2.9668,2.9735,2008.5,1757342999999
1757343000000,2.9735,2.9865,2.9667,2.973,2112.8,1757343299999
1757343300000,2.973,2.9865,2.9667,2.981,2668.9,1757343599999
1757343600000,2.9856,2.9856,2.9644,2.9803,25645.4,1757343899999
1757343900000,2.9804,2.9856,2.9778,2.9778,322.1,1757344199999
1757344200000,2.9778,2.9856,2.9696,2.9797,53368.4,1757344499999
1757344500000,2.9856,2.9856,2.9735,2.9773,2107.6,1757344799999
1757344800000,2.9777,2.9856,2.9732,2.9827,1357.9,1757345099999
1757345100000,2.982,2.9856,2.9732,2.9828,337.0,1757345399999
1757345400000,2.9824,2.9856,2.9718,2.9773,8451.6,1757345699999
1757345700000,2.9772,2.9865,2.8302,2.9782,39685.7,1757345999999
1757346000000,2.9782,2.9782,2.9778,2.9782,304.6,1757346299999
1757346300000,2.9782,2.9893,2.9778,2.979,29924.9,1757346599999
1757346600000,2.979,2.979,2.9778,2.979,366.7,1757346899999
1757346900000,2.979,2.9839,2.977,2.9839,10386.1,1757347199999
1757347200000,2.9839,2.9863,2.9695,2.9863,29827.7,1757347499999
1757347500000,2.9862,2.9863,2.9805,2.9805,1412.6,1757347799999
1757347800000,2.9805,2.9864,2.9767,2.979,27738.2,1757348099999
1757348100000,2.979,2.9869,2.9752,2.9752,13474.3,1757348399999
1757348400000,2.9752,2.9892,2.9735,2.9766,22639.8,1757348699999
1757348700000,2.9773,2.9892,2.9734,2.9795,13270.4,1757348999999
1757349000000,2.9795,2.9893,2.9734,2.9752,6454.8,1757349299999
1757349300000,2.9752,2.9893,2.9689,2.9689,1581.1,1757349599999
1757349600000,2.9689,2.9893,2.9689,2.9744,518.8,1757349899999
1757349900000,2.9744,2.9918,2.9648,2.9698,58190.6,1757350199999
1757350200000,2.9697,2.9701,2.9635,2.9635,1884.9,1757350499999
1757350500000,2.9701,2.9726,2.9635,2.9684,3619.9,1757350799999
1757350800000,2.9684,3.0,2.6782,2.9666,75125.1,1757351099999
1757351100000,2.9666,2.9668,2.9621,2.9633,2202.8,1757351399999
1757351400000,2.9633,3.0,2.9621,2.9659,5548.1,1757351699999
1757351700000,2.966,2.9714,2.9657,2.9714,2450.5,1757351999999
1757352000000,2.9714,3.0,2.9646,2.9789,12412.8,1757352299999
1757352300000,2.9788,3.0,2.9646,2.9815,3751.2,1757352599999
1757352600000,3.0,3.0,2.9734,2.9749,5875.9,1757352899999
1757352900000,2.975,3.0,2.9745,2.9745,3255.9,1757353199999
1757353200000,2.9745,3.0,2.964,2.9733,6078.4,1757353499999
1757353500000,3.0,3.0,2.9733,2.9753,1616.4,1757353799999
1757353800000,2.9746,3.0,2.9733,2.9733,5635.2,1757354099999
1757354100000,2.9733,3.0,2.9685,2.9691,13406.8,1757354399999
1757354400000,2.9689,3.0,2.9685,2.972,10596.7,1757354699999
1757354700000,2.972,2.9789,2.9691,2.9723,9810.5,1757354999999
1757355000000,2.9723,2.9774,2.9675,2.9728,10621.2,1757355299999
1757355300000,2.9774,3.0,2.969,2.9738,19104.1,1757355599999
1757355600000,2.9734,2.9745,2.9681,2.9733,3937.9,1757355899999
1757355900000,2.9733,2.9746,2.9677,2.974,4897.8,1757356199999
1757356200000,2.974,2.9747,2.974,2.9747,638.7,1757356499999
1757356500000,2.9747,2.9759,2.9746,2.9759,10578.0,1757356799999
1757356800000,2.9746,2.9767,2.9694,2.9725,2898.5,1757357099999
1757357100000,2.9724,2.9767,2.9694,2.9767,948.0,1757357399999
1757357400000,2.9767,2.9771,2.9694,2.9694,731.9,1757357699999
1757357700000,2.9771,2.981,2.9694,2.981,918.3,1757357999999
1757358000000,2.981,2.981,2.9694,2.9809,618.1,1757358299999
1757358300000,2.9808,2.981,2.9685,2.9788,1879.8,1757358599999
1757358600000,2.9788,2.9816,2.9738,2.9746,3106.5,1757358899999
1757358900000,2.9816,2.9818,2.9685,2.9818,1531.2,1757359199999
1757359200000,2.9763,2.9818,2.9683,2.9756,2024.2,1757359499999
1757359500000,2.9756,2.9821,2.9624,2.9789,25026.8,1757359799999
1757359800000,2.9789,2.9821,2.9701,2.9788,1304.2,1757360099999
1757360100000,2.9788,2.9821,2.9788,2.9788,930.2,1757360399999
1757360400000,2.9788,2.9823,2.9788,2.9788,1004.2,1757360699999
1757360700000,2.9823,2.9823,2.9788,2.9788,716.8,1757360999999
1757361000000,2.9788,2.9825,2.9788,2.9823,1865.6,1757361299999
1757361300000,2.9823,2.9825,2.9823,2.9823,921.1,1757361599999
1757361600000,2.9825,3.0,2.9788,2.9788,65976.1,1757361899999
1757361900000,2.9788,2.9812,2.9788,2.9812,1558.6,1757362199999
1757362200000,2.9812,2.9815,2.9751,2.9783,39078.5,1757362499999
1757362500000,2.9784,2.9822,2.9732,2.9732,749.6,1757362799999
1757362800000,2.9732,2.9832,2.9732,2.9732,1421.2,1757363099999
1757363100000,2.9732,2.984,2.9661,2.9675,26281.1,1757363399999
1757363400000,2.9676,3.1,2.966,2.9678,110913.7,1757363699999
1757363700000,2.9675,3.2584,2.71,2.9623,654189.3,1757363999999
1757364000000,2.9623,2.9633,2.67,2.9586,518858.3,1757364299999
1757364300000,2.9586,2.96,2.9577,2.9577,1733.0,1757364599999
1757364600000,2.9552,2.9594,2.9549,2.9594,3354.9,1757364899999
1757364900000,2.9549,2.9634,2.9549,2.9617,2460.8,1757365199999
1757365200000,2.9617,2.9634,2.9549,2.9634,1096.3,1757365499999
1757365500000,2.9634,2.9639,2.9617,2.9617,4139.6,1757365799999
1757365800000,2.9634,2.9648,2.9617,2.9648,4196.3,1757366099999
1757366100000,2.9648,2.9718,2.9533,2.9714,15760.6,1757366399999
1757366400000,2.9715,2.9734,2.9713,2.9722,6350.4,1757366699999
1757366700000,2.9722,2.9769,2.9713,2.9744,6468.5,1757366999999
1757367000000,2.974,2.9771,2.9708,2.9708,1032.5,1757367299999
1757367300000,2.9708,2.9752,2.9699,2.972,1311.2,1757367599999
1757367600000,2.9712,2.9752,2.9686,2.9704,3344.2,1757367899999
1757367900000,2.9705,2.9705,2.9697,2.9705,592.2,1757368199999
1757368200000,2.9705,2.9749,2.9694,2.973,830.8,1757368499999
1757368500000,2.973,2.9771,2.9686,2.9724,2541.0,1757368799999
1757368800000,2.9724,2.9756,2.9655,2.9713,5594.6,1757369099999
1757369100000,2.9718,2.9764,2.9699,2.9715,980.3,1757369399999
1757369400000,2.9736,2.9764,2.9699,2.9764,640.8,1757369699999
1757369700000,2.9764,2.9771,2.9698,2.9771,1078.9,1757369999999
1757370000000,2.9771,2.979,2.9698,2.979,896.4,1757370299999
1757370300000,2.979,2.9823,2.9639,2.9792,9456.2,1757370599999
1757370600000,2.9816,2.9823,2.9815,2.9815,943.7,1757370899999
1757370900000,2.9815,2.9823,2.9815,2.9815,894.9,1757371199999
1757371200000,2.9815,2.9825,2.9797,2.9797,1593.9,1757371499999
1757371500000,2.9797,2.9825,2.9797,2.9797,2755.2,1757371799999
1757371800000,2.9797,2.9824,2.9755,2.9755,3414.2,1757372099999
1757372100000,2.9755,2.9801,2.9755,2.9755,679.5,1757372399999
1757372400000,2.9758,2.9801,2.9741,2.9765,640.9,1757372699999
1757372700000,2.9765,2.9817,2.9741,2.9753,946.6,1757372999999
1757373000000,2.9753,2.9824,2.9741,2.9741,978.7,1757373299999
1757373300000,2.9741,2.9827,2.9737,2.9737,652.0,1757373599999
1757373600000,2.9737,2.9827,2.9721,2.9721,638.5,1757373899999
1757373900000,2.9721,2.9827,2.9721,2.9781,4320.2,1757374199999
1757374200000,2.9752,2.9827,2.966,2.966,7079.2,1757374499999
1757374500000,2.966,2.9682,2.965,2.9682,930.2,1757374799999
1757374800000,2.9659,2.9851,2.965,2.965,15369.6,1757375099999
1757375100000,2.9651,2.9661,2.9631,2.9661,9267.7,1757375399999
1757375400000,2.9661,2.9684,2.963,2.963,2693.7,1757375699999
1757375700000,2.9678,2.9685,2.963,2.9679,1655.2,1757375999999
1757376000000,2.9679,2.9716,2.9624,2.971,2504.8,1757376299999
1757376300000,2.9704,2.9766,2.7592,2.9763,117765.6,1757376599999
1757376600000,2.9763,2.9767,2.9705,2.9722,1033.1,1757376899999
1757376900000,2.9767,2.9767,2.9705,2.9705,1413.1,1757377199999
1757377200000,2.9705,2.9781,2.9633,2.9639,10420.8,1757377499999
1757377500000,2.9639,2.9643,2.9581,2.9597,917.1,1757377799999
1757377800000,2.9643,2.9644,2.9502,2.9527,1770.2,1757378099999
1757378100000,2.9527,2.9603,2.9499,2.9499,2816.3,1757378399999
1757378400000,2.9603,2.9644,2.9497,2.9497,3007.1,1757378699999
1757378700000,2.9497,2.9554,2.9468,2.9501,1065.2,1757378999999
1757379000000,2.9501,2.9534,2.9468,2.9534,1129.7,1757379299999
1757379300000,2.9534,2.9595,2.9407,2.9555,25509.5,1757379599999
1757379600000,2.9555,2.9583,2.9555,2.9583,721.1,1757379899999
1757379900000,2.9555,2.9587,2.9554,2.9562,1012.5,1757380199999
1757380200000,2.9587,2.9587,2.955,2.956,3423.6,1757380499999
1757380500000,2.9559,2.9587,2.9511,2.9521,1312.8,1757380799999
1757380800000,2.952,2.959,2.9506,2.9506,2481.0,1757381099999
1757381100000,2.951,2.959,2.9469,2.9504,682.6,1757381399999
1757381400000,2.9505,2.959,2.9469,2.9493,1670.9,1757381699999
1757381700000,2.9493,2.9594,2.948,2.948,1033.2,1757381999999
1757382000000,2.9486,2.9594,2.9469,2.9579,1294.1,1757382299999
1757382300000,2.9594,2.9594,2.9462,2.953,2851.0,1757382599999
1757382600000,2.953,2.9597,2.9518,2.9569,2861.9,1757382899999
1757382900000,2.9572,2.9597,2.9456,2.958,4598.0,1757383199999
1757383200000,2.9579,2.9597,2.9558,2.9558,904.4,1757383499999
1757383500000,2.9558,2.9613,2.9511,2.9518,22449.8,1757383799999
1757383800000,2.9518,2.9623,2.9507,2.9507,11563.8,1757384099999
1757384100000,2.9507,2.951,2.9506,2.951,915.8,1757384399999
1757384400000,2.951,2.9528,2.9461,2.9466,7782.0,1757384699999
1757384700000,2.9461,2.953,2.9455,2.948,2393.0,1757384999999
1757385000000,2.953,2.9541,2.9449,2.9449,11433.6,1757385299999
1757385300000,2.9467,2.9566,2.9436,2.948,19531.6,1757385599999
1757385600000,2.9436,2.9646,2.9383,2.9383,54272.0,1757385899999
1757385900000,2.9447,2.9517,2.9367,2.939,24501.4,1757386199999
1757386200000,2.9382,2.9455,2.9382,2.9384,7134.6,1757386499999
1757386500000,2.939,2.9467,2.9334,2.9373,36527.8,1757386799999
1757386800000,2.9373,2.9385,2.9334,2.9375,1978.2,1757387099999
1757387100000,2.9374,2.9394,2.9332,2.937,2867.2,1757387399999
1757387400000,2.9372,2.9394,2.9332,2.9374,748.0,1757387699999
1757387700000,2.9368,2.9395,2.9337,2.9354,989.5,1757387999999
1757388000000,2.9351,2.9397,2.933,2.9341,2138.4,1757388299999
1757388300000,2.9338,2.9397,2.9332,2.9332,667.9,1757388599999
1757388600000,2.9395,2.9417,2.932,2.9409,10490.6,1757388899999
1757388900000,2.9409,2.943,2.9373,2.943,1467.1,1757389199999
1757389200000,2.9376,2.9433,2.9361,2.9426,8785.6,1757389499999
1757389500000,2.9427,2.9435,2.9416,2.9435,1573.2,1757389799999
1757389800000,2.9435,2.9486,2.9414,2.9474,1545.9,1757390099999
1757390100000,2.9473,2.9486,2.9399,2.9486,1641.8,1757390399999
1757390400000,2.9486,2.9486,2.9396,2.9469,1183.1,1757390699999
1757390700000,2.9468,2.9546,2.9396,2.9463,41472.0,1757390999999
1757391000000,2.9456,2.9479,2.9359,2.946,7672.5,1757391299999
1757391300000,2.946,2.9507,2.9459,2.9507,896.9,1757391599999
1757391600000,2.9494,2.9551,2.9457,2.9544,35433.9,1757391899999
1757391900000,2.9544,2.9551,2.9452,2.9551,942.1,1757392199999
1757392200000,2.9551,2.9551,2.9414,2.9528,7126.3,1757392499999
1757392500000,2.9551,2.96,2.9528,2.96,3870.8,1757392799999
1757392800000,2.96,2.9649,2.7692,2.9589,148996.0,1757393099999
1757393100000,2.9595,2.967,2.9589,2.9589,30449.1,1757393399999
1757393400000,2.9589,2.9622,2.9589,2.9622,5953.9,1757393699999
1757393700000,2.9622,2.9658,2.9583,2.9618,29370.9,1757393999999
1757394000000,2.9614,2.9659,2.9583,2.9602,2125.0,1757394299999
1757394300000,2.9609,2.9685,2.9583,2.9583,22780.9,1757394599999
1757394600000,2.9583,2.9598,2.9583,2.9583,2920.7,1757394899999
1757394900000,2.9598,2.96,2.9583,2.9583,5136.2,1757395199999
1757395200000,2.9583,2.9691,2.9583,2.9583,48342.0,1757395499999
1757395500000,2.9583,2.9592,2.9583,2.9583,1668.2,1757395799999
1757395800000,2.9583,2.961,2.8186,2.956,106293.7,1757396099999
1757396100000,2.956,2.9561,2.9521,2.9521,942.2,1757396399999
1757396400000,2.9521,2.9561,2.9521,2.9561,993.6,1757396699999
1757396700000,2.9561,2.9575,2.9517,2.9575,4715.5,1757396999999
1757397000000,2.9575,2.99,2.9517,2.9612,37771.2,1757397299999
1757397300000,2.9612,2.9642,2.96,2.9637,643.0,1757397599999
1757397600000,2.9631,2.9654,2.9517,2.9627,9946.3,1757397899999
1757397900000,2.9627,2.9686,2.951,2.9679,10838.4,1757398199999
1757398200000,2.9679,2.9842,2.951,2.9829,25712.6,1757398499999
1757398500000,2.9826,2.9894,2.9501,2.9894,35330.3,1757398799999
1757398800000,2.9893,2.9895,2.9877,2.9894,1750.0,1757399099999
1757399100000,2.9894,2.9895,2.9872,2.9895,1287.7,1757399399999
1757399400000,2.9895,2.9979,2.9457,2.9928,130720.0,1757399699999
1757399700000,2.9928,2.9929,2.989,2.989,7074.1,1757399999999
1757400000000,2.9888,2.9929,2.9842,2.986,5636.6,1757400299999
1757400300000,2.9868,2.9868,2.9852,2.9868,1899.6,1757400599999
1757400600000,2.9868,2.9931,2.9812,2.9931,59120.7,1757400899999
1757400900000,2.9928,2.9956,2.9922,2.9931,9459.0,1757401199999
1757401200000,2.9956,3.0048,2.8186,3.0044,175760.5,1757401499999
1757401500000,3.0044,3.0128,3.0035,3.011,15733.2,1757401799999
1757401800000,3.011,3.02,2.8186,3.0101,159767.5,1757402099999
1757402100000,3.0101,3.0114,3.004,3.0114,80878.7,1757402399999
1757402400000,3.0114,3.0114,3.0101,3.0111,2447.8,1757402699999
1757402700000,3.0105,3.0114,3.0098,3.0114,5642.4,1757402999999
1757403000000,3.0114,3.0114,3.0096,3.0096,46796.2,1757403299999
1757403300000,3.0096,3.0096,3.0087,3.0087,4228.7,1757403599999
1757403600000,3.0096,3.0096,3.0074,3.0077,9593.3,1757403899999
1757403900000,3.0077,3.0077,3.004,3.0077,30916.5,1757404199999
1757404200000,3.0077,3.0077,3.0058,3.0077,4669.0,1757404499999
1757404500000,3.0058,3.0077,3.0054,3.0077,3018.9,1757404799999
1757404800000,3.0077,3.0077,3.0046,3.0077,4653.3,1757405099999
1757405100000,3.0077,3.0077,3.0043,3.0077,20982.3,1757405399999
1757405400000,3.0077,3.0328,3.004,3.0279,81339.7,1757405699999
1757405700000,3.0279,3.0285,3.0178,3.0187,16266.6,1757405999999
1757406000000,3.0187,3.023,3.0032,3.023,16263.1,1757406299999
1757406300000,3.023,3.0285,3.0213,3.0253,1176.3,1757406599999
1757406600000,3.0252,3.035,3.0027,3.0345,40639.1,1757406899999
1757406900000,3.0345,3.0349,3.0278,3.034,3712.5,1757407199999
1757407200000,3.0349,3.0349,3.0277,3.0285,871.7,1757407499999
1757407500000,3.0282,3.0351,3.0185,3.0234,11900.5,1757407799999
1757407800000,3.0233,3.0351,3.0185,3.0191,1377.2,1757408099999
1757408100000,3.0188,3.0351,3.0183,3.02,925.2,1757408399999
1757408400000,3.02,3.0205,3.0178,3.0205,2078.8,1757408699999
1757408700000,3.0206,3.0389,3.0115,3.0164,104789.0,1757408999999
1757409000000,3.0164,3.0389,3.0136,3.0145,57246.0,1757409299999
1757409300000,3.0144,3.02,3.0122,3.0146,21733.0,1757409599999
1757409600000,3.0146,3.2943,2.7755,3.0172,128897.4,1757409899999
1757409900000,3.0172,3.2741,2.7755,3.0169,156477.7,1757410199999
1757410200000,3.0169,3.0173,3.0148,3.0149,4510.6,1757410499999
1757410500000,3.0169,3.0174,3.0095,3.012,38121.8,1757410799999
1757410800000,3.0174,3.0174,3.0093,3.0116,316.5,1757411099999
1757411100000,3.0174,3.0175,3.0093,3.0093,4484.8,1757411399999
1757411400000,3.0093,3.0124,3.0079,3.0079,1117.8,1757411699999
1757411700000,3.008,3.0124,3.0079,3.0079,522.6,1757411999999
1757412000000,3.0079,3.0174,3.0061,3.0068,1941.7,1757412299999
1757412300000,3.0067,3.0182,3.0061,3.0107,2099.7,1757412599999
1757412600000,3.0108,3.0141,3.0107,3.0134,633.4,1757412899999
1757412900000,3.0132,3.0156,3.0132,3.0132,880.6,1757413199999
1757413200000,3.0132,3.0192,3.0062,3.0062,9702.8,1757413499999
1757413500000,3.0062,3.0083,2.9983,3.0041,64491.9,1757413799999
1757413800000,3.0041,3.0062,2.9983,3.0005,3844.9,1757414099999
1757414100000,3.0005,3.0085,3.0005,3.001,1302.6,1757414399999
1757414400000,3.0005,3.0061,2.9994,3.0055,2725.6,1757414699999
1757414700000,3.0055,3.0194,2.9978,3.0026,29980.3,1757414999999
1757415000000,3.0026,3.0072,2.9995,2.9999,16365.6,1757415299999
1757415300000,3.0,3.2741,2.7946,3.0028,245704.5,1757415599999
1757415600000,3.0027,3.0029,3.0018,3.0023,6156.7,1757415899999
1757415900000,3.0023,3.0075,3.0023,3.0075,7333.3,1757416199999
1757416200000,3.0075,3.0075,3.0023,3.0075,2448.0,1757416499999
1757416500000,3.0075,3.0083,3.0023,3.0023,5782.1,1757416799999
1757416800000,3.0025,3.0045,3.0023,3.003,337.0,1757417099999
1757417100000,3.003,3.0089,3.0023,3.007,439.6,1757417399999
1757417400000,3.0068,3.0089,3.004,3.004,333.3,1757417699999
1757417700000,3.004,3.0051,3.0023,3.0032,268.4,1757417999999
1757418000000,3.0032,3.0089,3.0023,3.0036,975.0,1757418299999
1757418300000,3.0036,3.009,3.0023,3.0038,3728.0,1757418599999
1757418600000,3.0039,3.009,3.0023,3.005,454.2,1757418899999
1757418900000,3.005,3.009,3.0023,3.0029,461.6,1757419199999
1757419200000,3.0031,3.009,3.0023,3.009,478.6,1757419499999
1757419500000,3.0084,3.0195,3.0007,3.0195,22563.1,1757419799999
1757419800000,3.0195,3.0227,3.0007,3.0227,1281.7,1757420099999
1757420100000,3.0227,3.028,3.0119,3.0269,869.9,1757420399999
1757420400000,3.0269,3.028,2.9991,3.0225,13068.9,1757420699999
1757420700000,3.0227,3.0284,3.0213,3.0219,2555.7,1757420999999
1757421000000,3.0219,3.0284,2.999,3.0128,2710.5,1757421299999
1757421300000,3.0117,3.0284,2.999,3.0177,274.6,1757421599999
1757421600000,3.0177,3.0286,3.0097,3.0097,547.6,1757421899999
1757421900000,3.0097,3.0286,2.9976,3.0054,11877.4,1757422199999
1757422200000,3.0049,3.0286,3.0008,3.0086,440.5,1757422499999
1757422500000,3.0081,3.0286,2.9945,3.0071,20827.2,1757422799999
1757422800000,3.0061,3.0292,3.0061,3.0068,8987.7,1757423099999
1757423100000,3.0068,3.0074,3.0068,3.0068,341.0,1757423399999
1757423400000,3.0068,3.0125,3.0067,3.0071,2279.2,1757423699999
1757423700000,3.0071,3.0076,3.0067,3.0067,424.5,1757423999999
1757424000000,3.0074,3.008,3.0067,3.0067,346.2,1757424299999
1757424300000,3.0067,3.0292,3.0067,3.0067,5653.7,1757424599999
1757424600000,3.0067,3.0084,3.0067,3.0067,341.7,1757424899999
1757424900000,3.0067,3.0084,3.0067,3.0067,345.3,1757425199999
1757425200000,3.0067,3.0084,3.0067,3.0075,1221.6,1757425499999
1757425500000,3.0078,3.0078,3.0033,3.0033,18446.9,1757425799999
1757425800000,3.0078,3.0078,3.0078,3.0078,181.2,1757426099999
1757426100000,3.0078,3.0147,2.9959,3.0084,6828.6,1757426399999
1757426400000,3.0084,3.0084,3.0044,3.0044,630.1,1757426699999
1757426700000,3.0044,3.0147,2.9898,2.9904,1053.1,1757426999999
1757427000000,2.9904,3.0147,2.9898,3.0005,677.8,1757427299999
1757427300000,2.9993,3.0141,2.9993,2.9993,619.1,1757427599999
1757427600000,2.9994,3.0141,2.9993,2.9993,374.1,1757427899999
1757427900000,2.9993,3.0152,2.9993,2.9993,16989.5,1757428199999
1757428200000,2.9993,3.0161,2.9823,2.9823,61398.9,1757428499999
1757428500000,2.984,3.04,2.81,2.9685,7507.9,1757428799999
1757428800000,2.9692,3.1357,2.81,2.9898,3516.7,1757429099999
1757429100000,2.9898,2.9958,2.81,2.9647,1039.0,1757429399999
1757429400000,2.9715,2.9892,2.81,2.9622,9120.5,1757429699999
1757429700000,2.9622,2.9622,2.9614,2.9622,360.8,1757429999999
1757430000000,2.9614,2.9705,2.9609,2.9692,10693.5,1757430299999
1757430300000,2.9692,2.9692,2.9608,2.9614,2802.3,1757430599999
1757430600000,2.9613,2.9712,2.9583,2.9595,16894.2,1757430899999
1757430900000,2.9595,2.9603,2.9542,2.9542,460.9,1757431199999
1757431200000,2.9542,2.9604,2.9542,2.9558,585.2,1757431499999
1757431500000,2.9558,2.9608,2.9506,2.954,17988.5,1757431799999
1757431800000,2.9534,2.9622,2.9398,2.9458,7843.0,1757432099999
1757432100000,2.9458,2.9527,2.94,2.9407,3671.6,1757432399999
1757432400000,2.9402,2.9561,2.9402,2.9402,2238.6,1757432699999
1757432700000,2.9402,2.9736,2.9326,2.9369,48691.4,1757432999999
1757433000000,2.9369,2.9445,2.9352,2.9445,7574.3,1757433299999
1757433300000,2.9444,2.9504,2.9325,2.9464,23240.1,1757433599999
1757433600000,2.9464,2.9467,2.9464,2.9467,273.6,1757433899999
1757433900000,2.9464,2.9484,2.9463,2.9484,785.0,1757434199999
1757434200000,2.9476,2.9494,2.9472,2.9494,4374.1,1757434499999
1757434500000,2.9522,2.9563,2.9486,2.9533,8984.0,1757434799999
1757434800000,2.9533,2.9538,2.9486,2.9486,1521.9,1757435099999
1757435100000,2.9538,2.9538,2.9486,2.949,884.1,1757435399999
1757435400000,2.9504,2.9538,2.949,2.9494,1222.7,1757435699999
1757435700000,2.9513,2.9538,2.949,2.9495,675.2,1757435999999
1757436000000,2.9495,2.9497,2.9495,2.9495,220.3,1757436299999
1757436300000,2.9495,2.9538,2.9495,2.9495,545.3,1757436599999
1757436600000,2.9495,2.9538,2.9495,2.9495,375.5,1757436899999
1757436900000,2.9506,2.9539,2.9495,2.952,1151.5,1757437199999
1757437200000,2.9536,2.9588,2.9495,2.9588,1354.8,1757437499999
1757437500000,2.9587,2.9593,2.9586,2.9593,903.0,1757437799999
1757437800000,2.9587,2.9595,2.9587,2.9595,2050.2,1757438099999
1757438100000,2.9595,2.9635,2.9587,2.9599,1729.4,1757438399999
1757438400000,2.961,2.9635,2.9587,2.9587,334.6,1757438699999
1757438700000,2.9587,2.9642,2.9587,2.9587,5533.6,1757438999999
1757439000000,2.9587,2.959,2.9587,2.9587,159.0,1757439299999
1757439300000,2.9587,2.9587,2.9587,2.9587,138.6,1757439599999
1757439600000,2.9587,2.9599,2.9586,2.9586,5029.5,1757439899999
1757439900000,2.9586,2.9603,2.9586,2.9586,2049.2,1757440199999
1757440200000,2.9586,2.9588,2.9586,2.9586,2417.7,1757440499999
1757440500000,2.9586,2.9588,2.9586,2.9586,212.1,1757440799999
1757440800000,2.9586,2.9603,2.9483,2.9536,21716.4,1757441099999
1757441100000,2.9529,2.9663,2.8159,2.9549,114707.6,1757441399999
1757441400000,2.9548,2.9558,2.9524,2.9558,4293.4,1757441699999
1757441700000,2.9536,2.9751,2.8159,2.957,315179.8,1757441999999
1757442000000,2.957,2.9602,2.9567,2.9602,287.5,1757442299999
1757442300000,2.9567,2.9892,2.9566,2.9626,76931.9,1757442599999
1757442600000,2.9626,2.9649,2.9595,2.9595,5834.2,1757442899999
1757442900000,2.9595,2.9599,2.9595,2.9595,243.2,1757443199999
1757443200000,2.9595,2.9652,2.9557,2.9568,7760.4,1757443499999
1757443500000,2.9566,2.9568,2.9557,2.9568,358.4,1757443799999
1757443800000,2.9568,2.9609,2.9557,2.9609,186.9,1757444099999
1757444100000,2.9609,2.9611,2.9557,2.9608,878.1,1757444399999
1757444400000,2.9611,2.9617,2.9557,2.9611,3854.5,1757444699999
1757444700000,2.9612,2.9617,2.9576,2.9617,343.4,1757444999999
1757445000000,2.9617,2.9647,2.9576,2.9646,167.6,1757445299999
1757445300000,2.9646,2.9647,2.9576,2.9646,252.5,1757445599999
1757445600000,2.9643,2.977,2.9477,2.9617,87936.2,1757445899999
1757445900000,2.9612,2.9616,2.9612,2.9616,45297.3,1757446199999
1757446200000,2.9616,2.9616,2.9613,2.9616,203.8,1757446499999
1757446500000,2.9616,2.9616,2.9613,2.9616,151.9,1757446799999
1757446800000,2.9616,2.9616,2.9611,2.9616,2898.4,1757447099999
1757447100000,2.9616,2.9616,2.9616,2.9616,129.4,1757447399999
1757447400000,2.9616,2.9616,2.9615,2.9616,3986.7,1757447699999
1757447700000,2.9616,2.9616,2.9611,2.9616,193.7,1757447999999
1757448000000,2.9616,2.9616,2.9611,2.9611,1005.8,1757448299999
1757448300000,2.9611,2.9616,2.9611,2.9611,165.5,1757448599999
1757448600000,2.9611,2.9616,2.9568,2.9571,373.3,1757448899999
1757448900000,2.9571,2.9586,2.9568,2.9572,245.5,1757449199999
1757449200000,2.9571,2.9576,2.9568,2.9568,218.6,1757449499999
1757449500000,2.9568,2.9616,2.9536,2.9536,526.5,1757449799999
1757449800000,2.9537,2.9616,2.9536,2.9536,225.2,1757450099999
1757450100000,2.9536,2.9616,2.9504,2.9504,3375.3,1757450399999
1757450400000,2.9504,2.9616,2.9455,2.9464,256.1,1757450699999
1757450700000,2.9464,2.9619,2.9455,2.9616,317.0,1757450999999
1757451000000,2.9616,2.9626,2.9616,2.9616,217.8,1757451299999
1757451300000,2.9616,2.9688,2.9616,2.9616,835.5,1757451599999
1757451600000,2.9616,2.9688,2.9616,2.9616,209.2,1757451899999
1757451900000,2.9616,2.9688,2.9616,2.9616,206.0,1757452199999
1757452200000,2.9616,2.9637,2.9616,2.9616,150.3,1757452499999
1757452500000,2.9616,2.9616,2.9616,2.9616,465.7,1757452799999
1757452800000,2.9616,2.9688,2.9616,2.9616,1562.3,1757453099999
1757453100000,2.9616,2.9688,2.9616,2.9616,7524.2,1757453399999
1757453400000,2.9616,2.9688,2.9616,2.9616,1263.4,1757453699999
1757453700000,2.9616,2.9688,2.9616,2.9616,167.7,1757453999999
1757454000000,2.9616,2.9688,2.9616,2.9616,1141.0,1757454299999
1757454300000,2.9616,2.9689,2.9616,2.9616,588.6,1757454599999
1757454600000,2.9616,2.9616,2.9616,2.9616,132.3,1757454899999
1757454900000,2.9616,2.9689,2.9616,2.9616,493.4,1757455199999
1757455200000,2.9616,2.9689,2.9616,2.9616,225.3,1757455499999
1757455500000,2.9616,2.9689,2.9616,2.9616,698.3,1757455799999
1757455800000,2.9689,2.9689,2.9616,2.9616,505.8,1757456099999
1757456100000,2.9617,2.9689,2.9616,2.9616,4496.0,1757456399999
1757456400000,2.9616,2.9689,2.9398,2.95,51111.0,1757456699999
1757456700000,2.95,2.9689,2.9496,2.9496,1216.3,1757456999999
1757457000000,2.9496,3.15,2.9432,2.9485,104081.1,1757457299999
1757457300000,2.9485,2.9485,2.9483,2.9483,218.2,1757457599999
1757457600000,2.9483,2.9491,2.9483,2.9491,221.7,1757457899999
1757457900000,2.9491,2.9518,2.9483,2.9483,292.0,1757458199999
1757458200000,2.9483,2.9518,2.9483,2.9483,222.6,1757458499999
1757458500000,2.9483,2.949,2.9483,2.9483,190.7,1757458799999
1757458800000,2.9488,2.9493,2.946,2.946,256.0,1757459099999
1757459100000,2.946,2.946,2.9459,2.9459,255.3,1757459399999
1757459400000,2.9459,2.9464,2.9452,2.9452,394.3,1757459699999
1757459700000,2.9452,2.9494,2.941,2.9431,240.2,1757459999999
1757460000000,2.9431,2.9431,2.9431,2.9431,255.9,1757460299999
1757460300000,2.9431,2.9518,2.9392,2.9411,344.3,1757460599999
1757460600000,2.9408,2.9518,2.9401,2.9401,651.4,1757460899999
1757460900000,2.9402,2.9518,2.9401,2.9422,485.6,1757461199999
1757461200000,2.9422,2.9445,2.9401,2.9434,293.4,1757461499999
1757461500000,2.9439,2.9526,2.9401,2.9426,3712.6,1757461799999
1757461800000,2.941,2.9442,2.9401,2.9442,694.8,1757462099999
1757462100000,2.9442,2.9449,2.9401,2.9449,249.1,1757462399999
1757462400000,2.9449,2.9453,2.9391,2.9453,10369.8,1757462699999
1757462700000,2.9453,2.9472,2.9362,2.947,18660.4,1757462999999
1757463000000,2.947,2.9487,2.9442,2.9442,5745.4,1757463299999
1757463300000,2.9442,2.9487,2.9393,2.9398,640.9,1757463599999
1757463600000,2.9398,2.9461,2.9398,2.9398,233.6,1757463899999
1757463900000,2.9398,2.9526,2.9282,2.9353,6151.3,1757464199999
1757464200000,2.9352,2.9357,2.9352,2.9357,291.8,1757464499999
1757464500000,2.9356,2.9357,2.9352,2.9357,302.9,1757464799999
1757464800000,2.9357,2.9387,2.9352,2.9387,1002.0,1757465099999
1757465100000,2.9387,2.9387,2.9352,2.9387,866.1,1757465399999
1757465400000,2.9387,2.9387,2.9352,2.937,1070.6,1757465699999
1757465700000,2.9365,2.9387,2.9352,2.9363,270.7,1757465999999
1757466000000,2.9361,2.9427,2.9352,2.9365,877.5,1757466299999
1757466300000,2.9352,2.9487,2.9339,2.9418,9068.1,1757466599999
1757466600000,2.9419,2.9488,2.9369,2.9439,2273.0,1757466899999
1757466900000,2.9439,2.9497,2.9369,2.9497,1229.1,1757467199999
1757467200000,2.9497,2.955,2.9339,2.9484,15168.4,1757467499999
1757467500000,2.9486,2.9498,2.9466,2.947,1040.2,1757467799999
1757467800000,2.9476,2.9529,2.9466,2.9513,1386.6,1757468099999
1757468100000,2.9513,2.9549,2.9495,2.9518,1505.2,1757468399999
1757468400000,2.9518,2.9551,2.9491,2.9492,2549.0,1757468699999
1757468700000,2.9492,2.9492,2.9491,2.9491,481.5,1757468999999
1757469000000,2.9491,2.95,2.9466,2.9466,2007.7,1757469299999
1757469300000,2.9466,2.954,2.946,2.9476,1428.0,1757469599999
1757469600000,2.9484,2.9551,2.946,2.9528,1145.2,1757469899999
1757469900000,2.9528,2.9553,2.9419,2.9553,3423.4,1757470199999
1757470200000,2.9552,2.9553,2.9548,2.9552,685.7,1757470499999
1757470500000,2.9552,2.9576,2.9333,2.9555,37583.3,1757470799999
1757470800000,2.9555,2.9567,2.9549,2.9567,1883.8,1757471099999
1757471100000,2.9567,2.9626,2.9549,2.9583,399.4,1757471399999
1757471400000,2.9584,2.9647,2.9544,2.9581,15380.4,1757471699999
1757471700000,2.9581,2.9581,2.9581,2.9581,189.3,1757471999999
1757472000000,2.9581,2.968,2.9319,2.961,106155.8,1757472299999
1757472300000,2.961,2.9612,2.961,2.961,182.2,1757472599999
1757472600000,2.9612,2.9643,2.9609,2.9609,9748.4,1757472899999
1757472900000,2.9609,2.9622,2.9565,2.9577,516.5,1757473199999
1757473200000,2.9577,2.9577,2.9565,2.9565,1460.4,1757473499999
1757473500000,2.9565,2.9577,2.953,2.9534,146.3,1757473799999
1757473800000,2.9577,2.9625,2.953,2.9563,1181.3,1757474099999
1757474100000,2.9567,2.9625,2.9425,2.9581,41490.8,1757474399999
1757474400000,2.9581,2.9637,2.958,2.958,2413.3,1757474699999
1757474700000,2.958,2.9585,2.958,2.958,381.9,1757474999999
1757475000000,2.958,2.9585,2.958,2.958,160.5,1757475299999
1757475300000,2.958,2.9585,2.9579,2.9579,697.5,1757475599999
1757475600000,2.9579,2.9616,2.9572,2.9585,1229.3,1757475899999
1757475900000,2.9596,2.9632,2.9572,2.9615,463.5,1757476199999
1757476200000,2.9572,2.965,2.9572,2.9588,4988.9,1757476499999
1757476500000,2.9588,2.9589,2.9588,2.9589,464.1,1757476799999
1757476800000,2.9589,2.9593,2.9563,2.9593,8804.4,1757477099999
1757477100000,2.9591,2.9593,2.9589,2.9589,440.2,1757477399999
1757477400000,2.9589,2.9607,2.9571,2.9607,3502.8,1757477699999
1757477700000,2.9607,2.9616,2.9569,2.9616,1127.7,1757477999999
1757478000000,2.9616,2.9616,2.9563,2.9586,1227.8,1757478299999
1757478300000,2.9586,2.9623,2.9586,2.9609,507.6,1757478599999
1757478600000,2.9599,2.9623,2.9586,2.9598,172.5,1757478899999
1757478900000,2.9591,2.9721,2.9559,2.9585,36410.7,1757479199999
1757479200000,2.9585,2.9722,2.9498,2.9563,27107.4,1757479499999
1757479500000,2.9563,2.9573,2.9563,2.9563,960.3,1757479799999
1757479800000,2.9563,2.9573,2.9562,2.957,636.9,1757480099999
1757480100000,2.957,2.9586,2.9562,2.9584,160.5,1757480399999
1757480400000,2.9583,2.9718,2.9562,2.9598,18822.9,1757480699999
1757480700000,2.9598,3.0,2.9541,2.9541,22963.4,1757480999999
1757481000000,2.9541,2.9565,2.9527,2.955,167.7,1757481299999
1757481300000,2.9549,2.9565,2.9525,2.9525,471.3,1757481599999
1757481600000,2.9525,2.9573,2.9525,2.9529,6800.2,1757481899999
1757481900000,2.9529,2.9551,2.9525,2.9544,5203.1,1757482199999
1757482200000,2.9543,2.9574,2.9537,2.9552,7295.2,1757482499999
1757482500000,2.9552,2.9574,2.9537,2.9574,1611.4,1757482799999
1757482800000,2.9574,2.9575,2.956,2.9575,488.0,1757483099999
1757483100000,2.9575,2.9581,2.9574,2.9581,2430.9,1757483399999
1757483400000,2.9581,2.9611,2.956,2.956,4519.8,1757483699999
1757483700000,2.956,2.9599,2.956,2.9589,4903.1,1757483999999
1757484000000,2.959,2.959,2.956,2.9561,165.6,1757484299999
1757484300000,2.9561,2.9599,2.956,2.956,1257.7,1757484599999
1757484600000,2.956,2.9599,2.9493,2.9493,22317.0,1757484899999
1757484900000,2.9493,2.9497,2.9493,2.9493,128.8,1757485199999
1757485200000,2.9493,2.9611,2.9493,2.9493,1658.0,1757485499999
1757485500000,2.9493,2.9525,2.9493,2.9519,190.9,1757485799999
1757485800000,2.9493,2.9526,2.9493,2.9506,529.5,1757486099999
1757486100000,2.9507,2.9618,2.9457,2.9538,22795.0,1757486399999
1757486400000,2.9538,2.9545,2.9454,2.9539,3588.6,1757486699999
1757486700000,2.9454,2.9551,2.9445,2.9545,7880.2,1757486999999
1757487000000,2.9545,2.9545,2.9545,2.9545,129.0,1757487299999
1757487300000,2.9545,2.9573,2.9516,2.952,4405.4,1757487599999
1757487600000,2.9521,2.9618,2.9445,2.9524,8623.5,1757487899999
1757487900000,2.9523,2.9539,2.9515,2.9539,2454.7,1757488199999
1757488200000,2.9539,2.9541,2.9515,2.9541,197.7,1757488499999
1757488500000,2.9541,2.9634,2.9434,2.9545,21278.3,1757488799999
1757488800000,2.9545,2.9583,2.9509,2.9583,10059.7,1757489099999
1757489100000,2.9583,2.9673,2.9428,2.9673,42192.3,1757489399999
1757489400000,2.9673,2.9717,2.9629,2.9697,2185.7,1757489699999
1757489700000,2.9694,2.9721,2.9639,2.968,4731.2,1757489999999
1757490000000,2.9682,2.9724,2.9636,2.9718,1913.8,1757490299999
1757490300000,2.9724,2.9726,2.962,2.9726,4186.9,1757490599999
1757490600000,2.9726,2.9746,2.9423,2.9746,26352.1,1757490899999
1757490900000,2.9746,2.9784,2.9741,2.9784,2571.4,1757491199999
1757491200000,2.9784,2.9786,2.9741,2.9786,2517.6,1757491499999
1757491500000,2.9762,2.9787,2.9741,2.9785,1810.0,1757491799999
1757491800000,2.978,2.9792,2.9741,2.9792,5304.8,1757492099999
1757492100000,2.9792,2.9821,2.9741,2.9821,3486.1,1757492399999
1757492400000,2.9821,2.9823,2.9741,2.9774,2459.8,1757492699999
1757492700000,2.9776,2.9842,2.9741,2.9759,5669.5,1757492999999
1757493000000,2.9756,2.9845,2.9741,2.9755,2006.6,1757493299999
1757493300000,2.9755,2.9847,2.9741,2.9741,3605.6,1757493599999
1757493600000,2.9741,2.9749,2.9741,2.9741,163.9,1757493899999
1757493900000,2.9741,2.9749,2.9741,2.9741,700.6,1757494199999
1757494200000,2.9741,2.9849,2.9602,2.9702,22601.1,1757494499999
1757494500000,2.97,2.9725,2.97,2.9705,1005.3,1757494799999
1757494800000,2.9705,2.972,2.9705,2.972,8384.7,1757495099999
1757495100000,2.9705,2.9738,2.97,2.97,3262.5,1757495399999
1757495400000,2.97,2.9767,2.965,2.9666,8941.4,1757495699999
1757495700000,2.9666,2.9857,2.9646,2.9668,8192.1,1757495999999
1757496000000,2.9668,2.9799,2.9653,2.9721,1300.9,1757496299999
1757496300000,2.9725,2.9746,2.9642,2.9727,1698.5,1757496599999
1757496600000,2.9734,2.974,2.9713,2.974,126.0,1757496899999
1757496900000,2.974,2.974,2.9642,2.9729,2420.1,1757497199999
1757497200000,2.9643,2.9799,2.9634,2.9739,3923.0,1757497499999
1757497500000,2.9739,2.975,2.9739,2.975,300.4,1757497799999
1757497800000,2.975,2.975,2.9558,2.968,39219.5,1757498099999
1757498100000,2.9681,3.0,2.967,2.9671,36505.6,1757498399999
1757498400000,2.9672,2.9672,2.9664,2.9664,1722.9,1757498699999
1757498700000,2.9664,2.9672,2.9663,2.9663,4257.3,1757498999999
1757499000000,2.9663,2.968,2.9637,2.9657,4870.3,1757499299999
1757499300000,2.9658,2.9684,2.9636,2.9636,3097.1,1757499599999
1757499600000,2.9636,2.9715,2.9621,2.9636,28067.4,1757499899999
1757499900000,2.9637,2.9639,2.9636,2.9639,847.0,1757500199999
1757500200000,2.9639,2.972,2.9636,2.9657,21337.0,1757500499999
1757500500000,2.9657,2.9666,2.9621,2.9662,4874.1,1757500799999
1757500800000,2.9666,2.967,2.9621,2.9647,1395.5,1757501099999
1757501100000,2.9647,2.9705,2.9617,2.9634,11114.5,1757501399999
1757501400000,2.9633,2.9667,2.9617,2.9637,3830.6,1757501699999
1757501700000,2.9637,2.9692,2.9637,2.9637,6641.1,1757501999999
1757502000000,2.9657,2.9701,2.9637,2.9637,8122.0,1757502299999
1757502300000,2.9641,3.0,2.9637,2.965,105168.7,1757502599999
1757502600000,2.965,2.9664,2.9637,2.9664,6799.8,1757502899999
1757502900000,2.9664,2.9707,2.9664,2.9703,141.0,1757503199999
1757503200000,2.9704,2.9709,2.9662,2.9692,3174.1,1757503499999
1757503500000,2.9691,2.9711,2.9662,2.9698,472.7,1757503799999
1757503800000,2.971,2.9715,2.9662,2.9678,2251.4,1757504099999
1757504100000,2.9683,2.9716,2.9662,2.9662,3292.5,1757504399999
1757504400000,2.9662,2.9764,2.9556,2.9658,78983.6,1757504699999
1757504700000,2.9658,2.9658,2.9658,2.9658,216.3,1757504999999
1757505000000,2.9658,2.9658,2.9647,2.9658,4364.8,1757505299999
1757505300000,2.9647,2.9697,2.9628,2.9697,6755.1,1757505599999
1757505600000,2.9697,2.9728,2.9687,2.9728,909.3,1757505899999
1757505900000,2.9728,2.9732,2.9664,2.9732,6049.8,1757506199999
1757506200000,2.9732,2.9732,2.9609,2.9731,11340.3,1757506499999
1757506500000,2.972,2.9748,2.9712,2.9737,396.8,1757506799999
1757506800000,2.9732,2.975,2.9712,2.9739,2488.1,1757507099999
1757507100000,2.9739,2.9763,2.9664,2.9731,17438.9,1757507399999
1757507400000,2.9705,2.9996,2.9576,2.9996,159118.2,1757507699999
1757507700000,2.9972,3.0011,2.9911,2.9925,24556.7,1757507999999
1757508000000,2.9925,2.9926,2.9846,2.9926,41719.1,1757508299999
1757508300000,2.9926,2.9926,2.9886,2.9905,20814.9,1757508599999
1757508600000,2.9905,2.9926,2.9862,2.9926,20120.6,1757508899999
1757508900000,2.9926,3.0011,2.985,2.9979,37290.7,1757509199999
1757509200000,2.9975,3.0028,2.984,3.0028,27695.7,1757509499999
1757509500000,3.0028,3.0179,2.9987,3.0165,38851.1,1757509799999
1757509800000,3.0169,3.018,3.0089,3.0104,13932.3,1757510099999
1757510100000,3.0104,3.018,3.0099,3.0099,577.7,1757510399999
1757510400000,3.0099,3.0183,2.9966,2.9986,11935.4,1757510699999
1757510700000,2.9983,3.0183,2.9982,3.0007,2178.6,1757510999999
1757511000000,3.0008,3.2741,2.9962,2.9969,62443.6,1757511299999
1757511300000,2.9962,3.0012,2.9359,2.9945,157364.3,1757511599999
1757511600000,2.9945,3.0079,2.994,3.0075,12912.3,1757511899999
1757511900000,3.0075,3.0224,3.0067,3.0183,49531.6,1757512199999
1757512200000,3.0183,3.0224,3.0043,3.0119,5783.4,1757512499999
1757512500000,3.0119,3.0226,3.0107,3.0113,2555.1,1757512799999
1757512800000,3.0117,3.0228,3.0105,3.0129,8119.6,1757513099999
1757513100000,3.0128,3.0196,3.01,3.0144,8299.3,1757513399999
1757513400000,3.0142,3.0196,3.01,3.0122,631.3,1757513699999
1757513700000,3.0122,3.02,3.0071,3.0124,2584.5,1757513999999
1757514000000,3.0126,3.0268,3.0061,3.012,33145.4,1757514299999
1757514300000,3.012,3.0207,3.0,3.0097,141294.4,1757514599999
1757514600000,3.0097,3.0133,3.0038,3.0088,40157.8,1757514899999
1757514900000,3.0088,3.0147,3.0051,3.0057,6664.9,1757515199999
1757515200000,3.0057,3.015,3.0035,3.0046,14464.1,1757515499999
1757515500000,3.0046,3.2741,3.0008,3.0014,53929.5,1757515799999
1757515800000,3.0014,3.0078,3.0005,3.0005,6638.9,1757516099999
1757516100000,3.0005,3.0006,3.0005,3.0005,265.4,1757516399999
1757516400000,3.0005,3.01,2.997,3.0011,17917.9,1757516699999
1757516700000,3.0011,3.0068,2.9965,3.0047,22234.8,1757516999999
1757517000000,3.0046,3.0053,3.0034,3.0047,380.7,1757517299999
1757517300000,3.0047,3.0087,3.003,3.003,4525.6,1757517599999
1757517600000,3.003,3.0094,3.0006,3.0013,6384.9,1757517899999
1757517900000,3.0012,3.0225,2.8133,2.9984,170155.6,1757518199999
1757518200000,2.9984,3.2741,2.8133,2.9963,18502.9,1757518499999
1757518500000,3.2741,3.2741,2.9959,2.9981,28422.1,1757518799999
1757518800000,2.9974,3.0045,2.9958,3.0031,1719.2,1757519099999
1757519100000,3.0031,3.0046,2.9958,3.0036,922.3,1757519399999
1757519400000,3.0035,3.018,3.0,3.004,368.2,1757519699999
1757519700000,3.004,3.0049,3.0026,3.0026,311.3,1757519999999
1757520000000,3.0026,3.005,2.9956,3.0026,4753.4,1757520299999
1757520300000,3.0026,3.0026,2.8133,3.0,57914.7,1757520599999
1757520600000,3.0,3.0,3.0,3.0,993.0,1757520899999
1757520900000,3.0,3.0,3.0,3.0,695.4,1757521199999
1757521200000,3.0,3.0,3.0,3.0,320.0,1757521499999
1757521500000,3.0,3.0,2.9994,2.9994,5357.7,1757521799999
1757521800000,2.9994,2.9994,2.9994,2.9994,8972.5,1757522099999
1757522100000,2.9994,2.9994,2.9994,2.9994,339.0,1757522399999
1757522400000,2.9994,2.9994,2.9994,2.9994,332.5,1757522699999
1757522700000,2.9994,3.003,2.9994,3.0029,348.2,1757522999999
1757523000000,3.0027,3.0029,2.9994,3.0003,30954.5,1757523299999
1757523300000,3.0001,3.004,2.9994,3.0033,4063.6,1757523599999
1757523600000,3.0033,3.0061,2.9994,3.0039,9258.1,1757523899999
1757523900000,3.004,3.0081,2.9994,3.0063,8029.8,1757524199999
1757524200000,3.0082,3.0142,3.0063,3.0142,3810.2,1757524499999
1757524500000,3.0142,3.0142,3.0098,3.0098,5133.4,1757524799999
1757524800000,3.0098,3.0099,3.0098,3.0098,1671.1,1757525099999
1757525100000,3.0098,3.0098,3.0098,3.0098,1130.6,1757525399999
1757525400000,3.0098,3.0189,3.0098,3.0098,1995.9,1757525699999
1757525700000,3.0098,3.0098,3.0098,3.0098,279.5,1757525999999
1757526000000,3.0098,3.0115,3.0098,3.0115,253.5,1757526299999
1757526300000,3.0115,3.03,3.0098,3.0098,309.9,1757526599999
1757526600000,3.0098,3.0098,3.0098,3.0098,262.7,1757526899999
1757526900000,3.0098,3.0098,3.0098,3.0098,10238.1,1757527199999
1757527200000,3.0098,3.0098,3.0098,3.0098,276.3,1757527499999
1757527500000,3.0098,3.0098,3.0098,3.0098,9275.9,1757527799999
1757527800000,3.0098,3.2222,2.997,2.9999,26302.7,1757528099999
1757528100000,2.9999,3.2222,2.8133,2.9908,70842.3,1757528399999
1757528400000,2.9908,2.9932,2.9905,2.991,668.3,1757528699999
1757528700000,2.9911,3.1,2.9903,2.9903,575.0,1757528999999
1757529000000,2.9903,3.1,2.8133,2.9929,5080.4,1757529299999
1757529300000,2.9929,2.993,2.9896,2.992,329.3,1757529599999
1757529600000,2.992,2.9929,2.9896,2.9905,751.4,1757529899999
1757529900000,2.9905,2.9905,2.9896,2.9905,2164.5,1757530199999
1757530200000,2.9905,3.1,2.9863,2.9983,24259.3,1757530499999
1757530500000,2.9981,3.1,2.9981,2.9985,6309.7,1757530799999
1757530800000,2.9985,2.9985,2.9985,2.9985,270.4,1757531099999
1757531100000,2.9985,2.999,2.9981,2.999,4035.1,1757531399999
1757531400000,2.9981,2.999,2.9981,2.9981,299.2,1757531699999
1757531700000,2.9981,2.9981,2.9981,2.9981,269.7,1757531999999
1757532000000,2.9981,2.9981,2.9981,2.9981,1412.0,1757532299999
1757532300000,2.9981,2.9981,2.9981,2.9981,260.3,1757532599999
1757532600000,2.9981,3.0,2.9981,2.9981,589.2,1757532899999
1757532900000,2.9981,2.9981,2.97,2.97,16368.0,1757533199999
1757533200000,2.97,3.3,2.97,2.977,2025.0,1757533499999
1757533500000,2.9768,2.9768,2.9731,2.9763,1342.1,1757533799999
1757533800000,2.9765,2.9786,2.9731,2.9751,385.3,1757534099999
1757534100000,2.9755,2.9801,2.9731,2.9771,328.0,1757534399999
1757534400000,2.977,3.0,2.9731,2.9818,278.6,1757534699999
1757534700000,2.9823,2.9854,2.9812,2.9827,263.4,1757534999999
1757535000000,2.9821,2.9834,2.9801,2.9822,264.6,1757535299999
1757535300000,2.9822,2.9841,2.9731,2.984,346.8,1757535599999
1757535600000,2.984,2.984,2.9731,2.9818,283.3,1757535899999
1757535900000,2.9817,2.983,2.9731,2.9802,337.3,1757536199999
1757536200000,2.9802,2.9802,2.9802,2.9802,308.7,1757536499999
1757536500000,2.9802,2.9802,2.9802,2.9802,307.6,1757536799999
1757536800000,2.9802,2.9802,2.9802,2.9802,316.5,1757537099999
1757537100000,2.9802,2.9802,2.9802,2.9802,308.0,1757537399999
1757537400000,2.9802,2.9802,2.9802,2.9802,561.9,1757537699999
1757537700000,2.9802,2.9802,2.9802,2.9802,515.9,1757537999999
1757538000000,2.9802,2.9802,2.9802,2.9802,320.8,1757538299999
1757538300000,2.9802,2.9802,2.9802,2.9802,308.9,1757538599999
1757538600000,2.9802,2.9802,2.9802,2.9802,351.0,1757538899999
1757538900000,2.9802,2.9802,2.9802,2.9802,259.4,1757539199999
1757539200000,2.9802,2.99,2.9802,2.9802,13005.2,1757539499999
1757539500000,2.9802,2.9802,2.9802,2.9802,276.2,1757539799999
1757539800000,2.9802,3.2,2.9802,2.9802,1525.8,1757540099999
1757540100000,2.9802,2.9834,2.9802,2.9802,277.9,1757540399999
1757540400000,2.9802,2.9829,2.9802,2.9802,304.3,1757540699999
1757540700000,2.9802,2.9802,2.9802,2.9802,334.1,1757540999999
1757541000000,2.9802,2.9802,2.9802,2.9802,704.3,1757541299999
1757541300000,2.9802,2.9808,2.9802,2.9802,309.6,1757541599999
1757541600000,2.9802,2.9826,2.9802,2.9819,33446.8,1757541899999
1757541900000,2.982,2.982,2.9802,2.9802,319.8,1757542199999
1757542200000,2.9802,3.1909,2.9802,2.9834,19343.3,1757542499999
1757542500000,2.9834,2.9835,2.9834,2.9835,700.1,1757542799999
1757542800000,2.9835,2.9835,2.9834,2.9834,317.1,1757543099999
1757543100000,2.9834,2.9835,2.9814,2.982,308.3,1757543399999
1757543400000,2.982,2.9835,2.9802,2.9802,265.9,1757543699999
1757543700000,2.9802,2.9802,2.9802,2.9802,264.3,1757543999999
1757544000000,2.9802,2.9802,2.9802,2.9802,320.9,1757544299999
1757544300000,2.9802,2.9802,2.9802,2.9802,311.3,1757544599999
1757544600000,2.9802,2.9802,2.9802,2.9802,841.8,1757544899999
1757544900000,2.9802,2.9835,2.9802,2.9802,317.3,1757545199999
1757545200000,2.9802,2.9836,2.9802,2.9802,871.7,1757545499999
1757545500000,2.9802,2.9837,2.9802,2.9819,296.9,1757545799999
1757545800000,2.982,3.1909,2.9812,2.9812,10310.9,1757546099999
1757546100000,2.9812,2.9815,2.9812,2.9813,309.9,1757546399999
1757546400000,2.9812,3.1909,2.9802,2.9831,4145.1,1757546699999
1757546700000,2.9831,2.9835,2.9823,2.9823,2699.2,1757546999999
1757547000000,2.9823,2.9835,2.9814,2.9814,290.0,1757547299999
1757547300000,2.9814,2.9835,2.9814,2.9829,621.8,1757547599999
1757547600000,2.9828,2.9835,2.9805,2.9813,6976.0,1757547899999
1757547900000,2.9814,3.1909,2.9814,2.982,7304.7,1757548199999
1757548200000,2.982,2.983,2.982,2.982,1957.8,1757548499999
1757548500000,2.982,3.1909,2.982,2.9826,4157.4,1757548799999
1757548800000,2.9826,3.1909,2.97,2.9809,16004.2,1757549099999
1757549100000,2.9801,3.1909,2.98,2.98,648.2,1757549399999
1757549400000,2.9804,3.1909,2.9794,2.9794,7852.5,1757549699999
1757549700000,2.9794,3.1909,2.97,2.9792,9310.9,1757549999999
1757550000000,2.9792,2.9805,2.9792,2.9805,414.0,1757550299999
1757550300000,2.9805,3.1909,2.8259,2.9846,5893.5,1757550599999
1757550600000,2.9846,3.1909,2.9806,2.9809,35001.0,1757550899999
1757550900000,2.9806,3.1909,2.9783,2.9848,8931.1,1757551199999
1757551200000,2.9848,2.9848,2.9831,2.9834,280.0,1757551499999
1757551500000,2.9833,2.9854,2.9833,2.9854,532.1,1757551799999
1757551800000,2.9854,2.9854,2.9831,2.9854,537.0,1757552099999
1757552100000,2.9854,3.1909,2.982,2.99,10026.9,1757552399999
1757552400000,2.99,3.1909,2.9891,2.9916,839.6,1757552699999
1757552700000,2.9916,3.1909,2.8259,2.9919,8615.7,1757552999999
1757553000000,2.9919,2.9919,2.9912,2.9919,1037.0,1757553299999
1757553300000,2.9919,2.9919,2.9912,2.9919,596.8,1757553599999
1757553600000,2.9919,2.9919,2.9919,2.9919,310.8,1757553899999
1757553900000,2.9919,2.9919,2.9912,2.9919,8080.7,1757554199999
1757554200000,2.9919,3.1909,2.9915,2.9916,1553.6,1757554499999
1757554500000,2.9917,3.1909,2.9913,2.9913,6792.9,1757554799999
1757554800000,2.9913,2.9923,2.9913,2.9913,5984.0,1757555099999
1757555100000,2.9913,2.9923,2.9913,2.9919,1762.0,1757555399999
1757555400000,2.9923,2.9923,2.9913,2.9923,321.6,1757555699999
1757555700000,2.9923,2.9923,2.9913,2.9923,2729.3,1757555999999
1757556000000,2.9923,2.9923,2.9921,2.9923,1499.2,1757556299999
1757556300000,2.9922,2.9923,2.9913,2.9923,288.5,1757556599999
1757556600000,2.9923,2.9923,2.9923,2.9923,413.2,1757556899999
1757556900000,2.9923,3.15,2.9923,2.9933,36794.4,1757557199999
1757557200000,2.9933,2.9933,2.9932,2.9932,590.6,1757557499999
1757557500000,2.9932,3.15,2.9923,2.9923,5357.9,1757557799999
1757557800000,2.9923,2.9923,2.9923,2.9923,288.5,1757558099999
1757558100000,2.9923,2.9927,2.9923,2.9923,262.6,1757558399999
1757558400000,2.9923,2.9926,2.9923,2.9926,639.5,1757558699999
1757558700000,2.9926,3.15,2.9914,2.992,840.3,1757558999999
1757559000000,2.9921,2.9921,2.9914,2.9914,308.1,1757559299999
1757559300000,2.9914,2.9917,2.9867,2.9871,2830.8,1757559599999
1757559600000,2.9871,3.15,2.9867,2.989,1153.9,1757559899999
1757559900000,2.9889,3.1499,2.9867,2.989,1684.1,1757560199999
1757560200000,2.989,2.9914,2.9887,2.9906,355.2,1757560499999
1757560500000,2.9905,3.1499,2.9887,2.9917,2818.5,1757560799999
1757560800000,2.992,3.1499,2.97,3.0032,17856.8,1757561099999
1757561100000,3.0039,3.0053,2.9985,3.0014,3878.2,1757561399999
1757561400000,3.0044,3.0044,2.9975,3.0031,8597.4,1757561699999
1757561700000,3.0031,3.0044,3.0027,3.0031,1325.8,1757561999999
1757562000000,3.0035,3.0044,3.0027,3.003,367.4,1757562299999
1757562300000,3.003,3.0044,3.003,3.0044,395.6,1757562599999
1757562600000,3.0044,3.0044,3.003,3.0044,3072.0,1757562899999
1757562900000,3.0044,3.1499,3.0015,3.0081,67943.4,1757563199999
1757563200000,3.0079,3.0085,3.0071,3.0071,10271.0,1757563499999
1757563500000,3.0071,3.0075,3.0023,3.0023,340.4,1757563799999
1757563800000,3.0023,3.0075,3.0015,3.0023,9268.8,1757564099999
1757564100000,3.0022,3.0074,3.0015,3.0046,450.0,1757564399999
1757564400000,3.0015,3.0075,3.0015,3.0053,1036.2,1757564699999
1757564700000,3.0053,3.0075,3.0033,3.0055,305.0,1757564999999
1757565000000,3.0055,3.0075,3.0015,3.0016,667.5,1757565299999
1757565300000,3.0016,3.0075,2.9993,3.0075,13886.0,1757565599999
1757565600000,3.0074,3.0075,3.0038,3.0074,6354.9,1757565899999
1757565900000,3.0074,3.0075,3.0048,3.0075,680.4,1757566199999
1757566200000,3.0075,3.0085,3.0075,3.0085,2313.8,1757566499999
1757566500000,3.0085,3.0096,3.0075,3.0083,26262.8,1757566799999
1757566800000,3.0082,3.0083,3.0075,3.0075,191.1,1757567099999
1757567100000,3.0075,3.0096,3.0075,3.0075,1074.3,1757567399999
1757567400000,3.0075,3.0096,3.0023,3.0023,1115.2,1757567699999
1757567700000,3.0023,3.0096,3.0023,3.0023,762.5,1757567999999
1757568000000,3.0023,3.0096,2.9998,2.9998,3694.7,1757568299999
1757568300000,2.9998,3.0096,2.9959,2.9964,26154.8,1757568599999
1757568600000,2.9964,3.013,2.99,2.9972,125280.3,1757568899999
1757568900000,2.9975,2.9988,2.997,2.9988,853.0,1757569199999
1757569200000,2.9988,3.0001,2.9966,3.0001,5827.8,1757569499999
1757569500000,3.0001,3.0002,2.9966,3.0002,1155.1,1757569799999
1757569800000,3.0002,3.0062,2.9964,3.0062,1607.7,1757570099999
1757570100000,3.0062,3.0064,2.9963,2.9963,1944.6,1757570399999
1757570400000,3.0058,3.0091,2.9907,3.0015,51767.1,1757570699999
1757570700000,3.0015,3.0036,3.0012,3.0012,1739.6,1757570999999
1757571000000,3.0012,3.1499,2.97,2.9993,48109.1,1757571299999
1757571300000,2.9993,3.0009,2.9993,3.0,5017.7,1757571599999
1757571600000,2.9997,3.2692,2.9993,2.9993,99264.5,1757571899999
1757571900000,2.9993,3.0017,2.999,3.0005,25851.2,1757572199999
1757572200000,3.0005,3.0017,2.999,3.0005,1102.7,1757572499999
1757572500000,3.0006,3.0018,2.999,2.999,2409.5,1757572799999
1757572800000,3.0009,3.002,2.999,3.0018,1804.9,1757573099999
1757573100000,3.0018,3.002,2.999,3.0,207.2,1757573399999
1757573400000,3.0,3.0038,2.999,2.999,21530.6,1757573699999
1757573700000,2.9991,3.0038,2.999,2.999,513.3,1757573999999
1757574000000,2.9992,3.0038,2.999,2.999,276.8,1757574299999
1757574300000,2.999,3.0038,2.9931,2.9931,2634.0,1757574599999
1757574600000,2.9931,2.996,2.9931,2.9931,193.0,1757574899999
1757574900000,2.9942,3.0049,2.9931,2.9931,8175.7,1757575199999
1757575200000,2.9931,3.0054,2.9931,2.9967,18126.2,1757575499999
1757575500000,2.9965,2.9984,2.9931,2.9962,4582.1,1757575799999
1757575800000,2.996,2.9976,2.9897,2.9956,23028.5,1757576099999
1757576100000,2.9956,3.0015,2.9955,2.9964,13548.1,1757576399999
1757576400000,2.9964,2.9986,2.9964,2.9986,1464.0,1757576699999
1757576700000,2.9986,3.0017,2.9964,3.0006,7274.7,1757576999999
1757577000000,3.0003,3.0019,2.9964,3.0019,574.3,1757577299999
1757577300000,3.0019,3.0173,2.9964,3.002,72065.9,1757577599999
1757577600000,3.002,3.0036,2.9897,2.9981,12947.2,1757577899999
1757577900000,2.9981,2.9981,2.9897,2.9981,145.6,1757578199999
1757578200000,2.9981,3.004,2.9876,3.0013,22641.2,1757578499999
1757578500000,3.0013,3.0013,3.0008,3.0008,539.1,1757578799999
1757578800000,3.0008,3.0093,2.9995,2.9995,27713.3,1757579099999
1757579100000,2.9995,2.9996,2.9995,2.9996,162.7,1757579399999
1757579400000,2.9996,3.0011,2.9995,3.0011,1917.9,1757579699999
1757579700000,3.0011,3.0012,2.9983,3.0012,5065.9,1757579999999
1757580000000,3.0012,3.0067,3.0005,3.0067,3816.6,1757580299999
1757580300000,3.0067,3.0139,2.9964,3.0137,13633.5,1757580599999
1757580600000,3.0137,3.0143,3.0134,3.0134,614.3,1757580899999
1757580900000,3.0134,3.0173,3.0127,3.0138,15593.6,1757581199999
1757581200000,3.0138,3.0138,2.9876,3.0115,10548.3,1757581499999
1757581500000,3.0115,3.0138,3.0097,3.0134,1361.2,1757581799999
1757581800000,3.0135,3.0138,3.0089,3.011,1974.3,1757582099999
1757582100000,3.0109,3.0138,3.0086,3.0138,2249.8,1757582399999
1757582400000,3.0138,3.0176,3.0086,3.0176,7396.3,1757582699999
1757582700000,3.0176,3.0296,2.9987,3.0295,52555.9,1757582999999
1757583000000,3.0274,3.0296,3.0199,3.0199,1071.9,1757583299999
1757583300000,3.0199,3.0297,3.0196,3.0246,1588.1,1757583599999
1757583600000,3.0246,3.0298,3.0193,3.0237,1692.3,1757583899999
1757583900000,3.0236,3.0313,3.0188,3.0191,12923.5,1757584199999
1757584200000,3.0191,3.0335,2.826,3.0242,86673.6,1757584499999
1757584500000,3.0242,3.0339,3.0165,3.0261,19825.9,1757584799999
1757584800000,3.0266,3.034,3.025,3.0279,1377.5,1757585099999
1757585100000,3.0281,3.0345,3.0151,3.0273,17723.0,1757585399999
1757585400000,3.0273,3.0281,3.0228,3.0228,7944.0,1757585699999
1757585700000,3.0228,3.0281,3.0187,3.0187,755.4,1757585999999
1757586000000,3.0187,3.0305,3.0034,3.0146,34283.0,1757586299999
1757586300000,3.0146,3.021,3.0146,3.0146,292.3,1757586599999
1757586600000,3.0146,3.0345,3.0119,3.0131,1381.5,1757586899999
1757586900000,3.0132,3.0185,3.0132,3.0143,2797.9,1757587199999
1757587200000,3.0142,3.0158,3.0142,3.0152,343.4,1757587499999
1757587500000,3.0152,3.0353,3.0151,3.0176,8714.0,1757587799999
1757587800000,3.0177,3.0251,3.0142,3.0175,9598.2,1757588099999
1757588100000,3.0175,3.0202,3.0142,3.0152,10157.7,1757588399999
1757588400000,3.0151,3.0154,3.0119,3.0127,9302.5,1757588699999
1757588700000,3.0128,3.0354,3.0078,3.012,45400.8,1757588999999
1757589000000,3.012,3.0124,3.0112,3.0124,1749.7,1757589299999
1757589300000,3.0124,3.0134,3.0112,3.0114,8262.2,1757589599999
1757589600000,3.0114,3.0136,3.0112,3.0112,986.3,1757589899999
1757589900000,3.0112,3.0158,3.0112,3.0112,7216.6,1757590199999
1757590200000,3.0112,3.2,3.0025,3.0085,47848.2,1757590499999
1757590500000,3.0077,3.0092,2.9993,3.0092,21193.6,1757590799999
1757590800000,3.0092,3.0115,2.9905,3.0107,85592.1,1757591099999
1757591100000,3.0107,3.0112,3.0101,3.0101,5706.3,1757591399999
1757591400000,3.0101,3.0112,3.007,3.007,23756.8,1757591699999
1757591700000,3.007,3.0112,3.0068,3.0068,2365.6,1757591999999
1757592000000,3.0068,3.0112,3.0068,3.0112,998.8,1757592299999
1757592300000,3.0112,3.0112,3.0112,3.0112,310.7,1757592599999
1757592600000,3.0112,3.0252,3.0068,3.0215,33246.2,1757592899999
1757592900000,3.0215,3.023,3.0195,3.0216,614.7,1757593199999
1757593200000,3.0216,3.023,3.0195,3.0222,2037.2,1757593499999
1757593500000,3.0223,3.0283,3.0195,3.0274,371.6,1757593799999
1757593800000,3.0209,3.0283,2.9016,2.9777,790024.9,1757594099999
1757594100000,2.9777,2.9909,2.9777,2.9906,4906.0,1757594399999
1757594400000,2.9906,2.9954,2.9906,2.9949,266.5,1757594699999
1757594700000,2.9949,3.0043,2.9912,3.0043,30487.6,1757594999999
1757595000000,3.0043,3.0046,3.0002,3.0002,6023.0,1757595299999
1757595300000,3.0002,3.0046,3.0002,3.0002,952.1,1757595599999
1757595600000,3.0002,3.0048,2.9865,2.9865,38290.4,1757595899999
1757595900000,2.9865,3.0048,2.9861,2.9861,2372.7,1757596199999
1757596200000,2.9861,3.005,2.9771,2.9793,13192.4,1757596499999
1757596500000,2.9799,3.0083,2.9762,2.984,32643.3,1757596799999
1757596800000,2.984,2.9924,2.9761,2.9901,27223.7,1757597099999
1757597100000,2.9912,2.9915,2.9882,2.9887,639.6,1757597399999
1757597400000,2.989,3.0004,2.9761,2.9998,704.3,1757597699999
1757597700000,3.0004,3.0005,2.9761,3.0005,917.3,1757597999999
1757598000000,3.0005,3.0085,2.9942,2.9942,1250.4,1757598299999
1757598300000,2.9956,3.0095,2.97,2.9969,38848.6,1757598599999
1757598600000,2.9978,3.0012,2.9963,2.9991,3609.2,1757598899999
1757598900000,2.9991,3.0068,2.9954,3.0068,8611.6,1757599199999
1757599200000,3.0068,3.0099,2.9947,3.0045,17076.5,1757599499999
1757599500000,3.0045,3.0045,2.9998,2.9998,917.1,1757599799999
1757599800000,2.9998,3.0089,2.9998,2.9998,2786.6,1757600099999
1757600100000,2.9998,3.0121,2.9954,2.9954,24393.9,1757600399999
1757600400000,2.9954,2.9972,2.9886,2.9887,851.7,1757600699999
1757600700000,2.9887,2.9887,2.9871,2.9887,5596.6,1757600999999
1757601000000,2.9887,2.9887,2.9871,2.9887,3181.7,1757601299999
1757601300000,2.9887,2.9887,2.9871,2.9887,677.3,1757601599999
1757601600000,2.9887,3.0046,2.986,3.0034,3921.8,1757601899999
1757601900000,3.0033,3.0046,2.989,3.0015,525.9,1757602199999
1757602200000,3.0015,3.0046,2.826,3.0003,82304.1,1757602499999
1757602500000,3.0003,3.0046,3.0003,3.0003,2375.1,1757602799999
1757602800000,3.0003,3.0046,2.9971,2.9971,3884.0,1757603099999
1757603100000,2.9971,2.9983,2.9894,2.9964,43652.3,1757603399999
1757603400000,2.9964,3.006,2.9956,3.006,25871.1,1757603699999
1757603700000,3.006,3.0062,3.006,3.006,7560.0,1757603999999
1757604000000,3.006,3.0064,3.006,3.006,861.9,1757604299999
1757604300000,3.006,3.0064,3.006,3.006,820.6,1757604599999
1757604600000,3.006,3.0073,3.006,3.006,48066.3,1757604899999
1757604900000,3.006,3.0061,3.006,3.006,7060.8,1757605199999
1757605200000,3.006,3.0064,2.9921,2.9931,36852.7,1757605499999
1757605500000,2.9931,2.9996,2.988,2.988,1543.2,1757605799999
1757605800000,2.988,2.9927,2.988,2.9927,420.3,1757606099999
1757606100000,2.9927,3.0076,2.988,2.9933,5590.2,1757606399999
1757606400000,2.9942,2.9964,2.988,2.9944,810.4,1757606699999
1757606700000,2.9944,3.001,2.988,3.0008,736.9,1757606999999
1757607000000,3.0009,3.002,2.9812,3.0017,26282.1,1757607299999
1757607300000,3.0019,3.0033,2.9996,2.9998,17010.2,1757607599999
1757607600000,2.9997,3.0038,2.995,2.995,25375.1,1757607899999
1757607900000,2.995,3.0033,2.9902,2.9902,9603.4,1757608199999
1757608200000,2.9902,2.9921,2.9902,2.9902,772.8,1757608499999
1757608500000,2.9905,2.9957,2.9862,2.9956,23626.1,1757608799999
1757608800000,2.9956,2.9999,2.9927,2.995,3878.4,1757609099999
1757609100000,2.9951,3.1,2.9852,2.992,168075.6,1757609399999
1757609400000,2.992,2.9964,2.984,2.9908,74837.3,1757609699999
1757609700000,2.9908,2.9963,2.9892,2.9963,11877.9,1757609999999
1757610000000,2.9963,2.9968,2.9881,2.9912,12136.8,1757610299999
1757610300000,2.9912,2.996,2.9878,2.996,12775.0,1757610599999
1757610600000,2.996,2.996,2.9871,2.9957,15445.9,1757610899999
1757610900000,2.9954,2.996,2.9845,2.9957,40988.5,1757611199999
1757611200000,2.9957,2.996,2.9947,2.996,7223.7,1757611499999
1757611500000,2.996,2.996,2.9944,2.995,1540.4,1757611799999
1757611800000,2.9951,2.996,2.9944,2.996,453.3,1757612099999
1757612100000,2.996,3.0081,2.9876,3.0062,27725.1,1757612399999
1757612400000,3.0062,3.009,3.0022,3.009,14832.3,1757612699999
1757612700000,3.009,3.1787,3.007,3.01,168225.2,1757612999999
1757613000000,3.01,3.0134,3.0055,3.0057,21124.6,1757613299999
1757613300000,3.0055,3.0204,3.0052,3.0119,44229.1,1757613599999
1757613600000,3.0118,3.0137,3.005,3.0128,13774.3,1757613899999
1757613900000,3.0128,3.0128,3.005,3.0128,836.6,1757614199999
1757614200000,3.0128,3.0128,3.005,3.0128,1505.8,1757614499999
1757614500000,3.0128,3.0128,3.0048,3.0106,6119.7,1757614799999
1757614800000,3.011,3.0111,3.0046,3.0095,6325.6,1757615099999
1757615100000,3.0095,3.0101,3.0044,3.0084,3712.5,1757615399999
1757615400000,3.0084,3.0095,3.0043,3.0076,1375.7,1757615699999
1757615700000,3.0078,3.0101,3.0029,3.0101,9387.8,1757615999999
1757616000000,3.0101,3.0168,3.0023,3.0168,9661.0,1757616299999
1757616300000,3.0168,3.0259,3.014,3.0256,2634.5,1757616599999
1757616600000,3.0256,3.0331,2.8259,3.0243,100409.1,1757616899999
1757616900000,3.0242,3.0244,3.0232,3.0232,3130.1,1757617199999
1757617200000,3.0232,3.0334,3.0191,3.0253,5209.8,1757617499999
1757617500000,3.0254,3.0335,3.0177,3.0278,12467.3,1757617799999
1757617800000,3.0278,3.0315,3.0278,3.0289,450.9,1757618099999
1757618100000,3.0289,3.0329,3.0203,3.0275,27418.2,1757618399999
1757618400000,3.0276,3.0408,3.018,3.0262,31903.9,1757618699999
1757618700000,3.0262,3.031,3.0247,3.0296,1926.9,1757618999999
1757619000000,3.0307,3.0309,3.024,3.028,3550.3,1757619299999
1757619300000,3.028,3.0314,3.0173,3.0283,11401.9,1757619599999
1757619600000,3.0283,3.0283,3.0244,3.0263,5564.6,1757619899999
1757619900000,3.0264,3.0279,3.0257,3.0267,369.8,1757620199999
1757620200000,3.026,3.027,3.0223,3.0232,493.5,1757620499999
1757620500000,3.0232,3.0284,3.0222,3.0232,414.3,1757620799999
1757620800000,3.0274,3.0328,3.0187,3.0194,10461.9,1757621099999
1757621100000,3.0195,3.0332,3.0194,3.0227,2076.5,1757621399999
1757621400000,3.0227,3.0363,3.018,3.0186,32469.8,1757621699999
1757621700000,3.0186,3.021,3.0184,3.0192,484.1,1757621999999
1757622000000,3.019,3.0212,3.0183,3.0194,1803.0,1757622299999
1757622300000,3.0194,3.0199,3.018,3.018,384.2,1757622599999
1757622600000,3.018,3.0214,3.0145,3.018,2471.9,1757622899999
1757622900000,3.0183,3.0217,3.0101,3.0146,33051.7,1757623199999
1757623200000,3.0144,3.0144,3.012,3.0121,644.5,1757623499999
1757623500000,3.0119,3.0126,3.0119,3.0126,384.4,1757623799999
1757623800000,3.0124,3.0139,3.0119,3.0119,432.4,1757624099999
1757624100000,3.0119,3.012,3.0119,3.0119,1450.8,1757624399999
1757624400000,3.0119,3.0198,3.0098,3.0198,2807.6,1757624699999
1757624700000,3.0194,3.0216,3.0186,3.0187,10558.6,1757624999999
1757625000000,3.0187,3.0251,3.0089,3.0182,38080.8,1757625299999
1757625300000,3.0182,3.0196,3.0174,3.0179,1085.0,1757625599999
1757625600000,3.0179,3.0187,3.0174,3.0174,386.0,1757625899999
1757625900000,3.0174,3.0198,3.0074,3.015,28418.4,1757626199999
1757626200000,3.015,3.015,3.015,3.015,845.1,1757626499999
1757626500000,3.015,3.0203,3.0141,3.016,1760.0,1757626799999
1757626800000,3.0161,3.0163,3.0141,3.0163,442.9,1757627099999
1757627100000,3.0163,3.0213,3.0125,3.015,8429.5,1757627399999
1757627400000,3.015,3.0151,3.0129,3.014,401.8,1757627699999
1757627700000,3.014,3.0144,3.0126,3.0126,385.2,1757627999999
1757628000000,3.0126,3.0177,3.0126,3.0126,648.6,1757628299999
1757628300000,3.0126,3.0149,3.0126,3.0149,386.1,1757628599999
1757628600000,3.0149,3.0177,3.0126,3.0152,627.2,1757628899999
1757628900000,3.0152,3.0183,3.0133,3.0167,1380.9,1757629199999
1757629200000,3.0164,3.0238,3.0124,3.0226,1998.6,1757629499999
1757629500000,3.0233,3.027,3.0223,3.0248,376.5,1757629799999
1757629800000,3.0244,3.027,3.0122,3.027,1314.5,1757630099999
1757630100000,3.027,3.027,3.0233,3.0245,380.1,1757630399999
1757630400000,3.0242,3.0266,3.0236,3.0241,380.8,1757630699999
1757630700000,3.0247,3.0271,3.0237,3.0266,4284.5,1757630999999
1757631000000,3.0265,3.0274,3.0237,3.0263,1076.6,1757631299999
1757631300000,3.0262,3.0275,3.0232,3.0232,1238.2,1757631599999
1757631600000,3.0231,3.0275,3.0121,3.0275,1288.6,1757631899999
1757631900000,3.0275,3.0317,3.0271,3.031,1287.7,1757632199999
1757632200000,3.031,3.0398,3.008,3.0391,50253.6,1757632499999
1757632500000,3.0391,3.0391,3.039,3.0391,448.1,1757632799999
1757632800000,3.0391,3.0391,3.0387,3.0391,3838.1,1757633099999
1757633100000,3.0391,3.0391,3.0391,3.0391,4575.2,1757633399999
